match_id,avg_home_odds,avg_draw_odds,avg_away_odds,avg_close_home_odds,avg_close_draw_odds,avg_close_away_odds,b365_close_home_odds,b365_close_draw_odds,b365_close_away_odds
144,,,,,,,,,
314,,,,,,,,,
406,,,,,,,,,
1,,,,,,,,,
46,,,,,,,,,
67,,,,,,,,,
35,,,,,,,,,
359,,,,,,,,,
111,,,,,,,,,
357,,,,,,,,,
176,,,,,,,,,
133,,,,,,,,,
276,,,,,,,,,
258,,,,,,,,,
241,,,,,,,,,
215,,,,,,,,,
89,,,,,,,,,
377,,,,,,,,,
198,,,,,,,,,
435,,,,,,,,,
417,,,,,,,,,
418,,,,,,,,,
247,,,,,,,,,
122,,,,,,,,,
68,,,,,,,,,
372,,,,,,,,,
335,,,,,,,,,
296,,,,,,,,,
452,,,,,,,,,
311,,,,,,,,,
34,,,,,,,,,
100,,,,,,,,,
387,,,,,,,,,
346,,,,,,,,,
2,,,,,,,,,
155,,,,,,,,,
201,,,,,,,,,
169,,,,,,,,,
297,,,,,,,,,
47,,,,,,,,,
265,,,,,,,,,
206,,,,,,,,,
60,,,,,,,,,
404,,,,,,,,,
197,,,,,,,,,
167,,,,,,,,,
242,,,,,,,,,
453,,,,,,,,,
285,,,,,,,,,
324,,,,,,,,,
217,,,,,,,,,
378,,,,,,,,,
306,,,,,,,,,
17,,,,,,,,,
23,,,,,,,,,
428,,,,,,,,,
121,,,,,,,,,
90,,,,,,,,,
156,,,,,,,,,
360,,,,,,,,,
134,,,,,,,,,
78,,,,,,,,,
288,,,,,,,,,
157,,,,,,,,,
277,,,,,,,,,
3,,,,,,,,,
449,,,,,,,,,
259,,,,,,,,,
207,,,,,,,,,
419,,,,,,,,,
91,,,,,,,,,
166,,,,,,,,,
69,,,,,,,,,
237,,,,,,,,,
112,,,,,,,,,
135,,,,,,,,,
39,,,,,,,,,
454,,,,,,,,,
48,,,,,,,,,
379,,,,,,,,,
430,,,,,,,,,
321,,,,,,,,,
361,,,,,,,,,
342,,,,,,,,,
187,,,,,,,,,
334,,,,,,,,,
445,,,,,,,,,
79,,,,,,,,,
145,,,,,,,,,
287,,,,,,,,,
92,,,,,,,,,
61,,,,,,,,,
307,,,,,,,,,
177,,,,,,,,,
18,,,,,,,,,
362,,,,,,,,,
218,,,,,,,,,
278,,,,,,,,,
142,,,,,,,,,
407,,,,,,,,,
113,,,,,,,,,
260,,,,,,,,,
398,,,,,,,,,
24,,,,,,,,,
380,,,,,,,,,
308,,,,,,,,,
57,,,,,,,,,
388,,,,,,,,,
289,,,,,,,,,
420,,,,,,,,,
298,,,,,,,,,
168,,,,,,,,,
80,,,,,,,,,
13,,,,,,,,,
123,,,,,,,,,
219,,,,,,,,,
93,,,,,,,,,
325,,,,,,,,,
158,,,,,,,,,
25,,,,,,,,,
231,,,,,,,,,
188,,,,,,,,,
266,,,,,,,,,
363,,,,,,,,,
248,,,,,,,,,
455,,,,,,,,,
326,,,,,,,,,
81,,,,,,,,,
178,,,,,,,,,
26,,,,,,,,,
389,,,,,,,,,
136,,,,,,,,,
120,,,,,,,,,
249,,,,,,,,,
369,,,,,,,,,
444,,,,,,,,,
58,,,,,,,,,
220,,,,,,,,,
189,,,,,,,,,
364,,,,,,,,,
315,,,,,,,,,
146,,,,,,,,,
14,,,,,,,,,
408,,,,,,,,,
98,,,,,,,,,
232,,,,,,,,,
279,,,,,,,,,
221,,,,,,,,,
343,,,,,,,,,
124,,,,,,,,,
147,,,,,,,,,
347,,,,,,,,,
436,,,,,,,,,
267,,,,,,,,,
309,,,,,,,,,
190,,,,,,,,,
431,,,,,,,,,
376,,,,,,,,,
27,,,,,,,,,
56,,,,,,,,,
243,,,,,,,,,
82,,,,,,,,,
446,,,,,,,,,
327,,,,,,,,,
179,,,,,,,,,
416,,,,,,,,,
15,,,,,,,,,
101,,,,,,,,,
102,,,,,,,,,
185,,,,,,,,,
76,,,,,,,,,
348,,,,,,,,,
316,,,,,,,,,
340,,,,,,,,,
399,,,,,,,,,
49,,,,,,,,,
280,,,,,,,,,
263,,,,,,,,,
409,,,,,,,,,
437,,,,,,,,,
114,,,,,,,,,
202,,,,,,,,,
381,,,,,,,,,
4,,,,,,,,,
137,,,,,,,,,
208,,,,,,,,,
40,,,,,,,,,
148,,,,,,,,,
238,,,,,,,,,
268,,,,,,,,,
382,,,,,,,,,
36,,,,,,,,,
438,,,,,,,,,
45,,,,,,,,,
203,,,,,,,,,
290,,,,,,,,,
5,,,,,,,,,
125,,,,,,,,,
153,,,,,,,,,
400,,,,,,,,,
410,,,,,,,,,
110,,,,,,,,,
70,,,,,,,,,
349,,,,,,,,,
180,,,,,,,,,
239,,,,,,,,,
317,,,,,,,,,
209,,,,,,,,,
299,,,,,,,,,
336,,,,,,,,,
87,,,,,,,,,
226,,,,,,,,,
228,,,,,,,,,
328,,,,,,,,,
462,,,,,,,,,
281,,,,,,,,,
170,,,,,,,,,
250,,,,,,,,,
373,,,,,,,,,
421,,,,,,,,,
28,,,,,,,,,
191,,,,,,,,,
390,,,,,,,,,
138,,,,,,,,,
19,,,,,,,,,
344,,,,,,,,,
450,,,,,,,,,
94,,,,,,,,,
115,,,,,,,,,
62,,,,,,,,,
159,,,,,,,,,
456,,,,,,,,,
432,,,,,,,,,
55,,,,,,,,,
391,,,,,,,,,
313,,,,,,,,,
41,,,,,,,,,
358,,,,,,,,,
227,,,,,,,,,
165,,,,,,,,,
251,,,,,,,,,
210,,,,,,,,,
370,,,,,,,,,
422,,,,,,,,,
116,,,,,,,,,
171,,,,,,,,,
77,,,,,,,,,
282,,,,,,,,,
337,,,,,,,,,
6,,,,,,,,,
95,,,,,,,,,
139,,,,,,,,,
304,,,,,,,,,
244,,,,,,,,,
312,,,,,,,,,
269,,,,,,,,,
103,,,,,,,,,
356,,,,,,,,,
42,,,,,,,,,
216,,,,,,,,,
291,,,,,,,,,
160,,,,,,,,,
11,,,,,,,,,
264,,,,,,,,,
457,,,,,,,,,
338,,,,,,,,,
423,,,,,,,,,
318,,,,,,,,,
401,,,,,,,,,
50,,,,,,,,,
383,,,,,,,,,
126,,,,,,,,,
71,,,,,,,,,
127,,,,,,,,,
96,,,,,,,,,
211,,,,,,,,,
300,,,,,,,,,
37,,,,,,,,,
72,,,,,,,,,
7,,,,,,,,,
322,,,,,,,,,
270,,,,,,,,,
365,,,,,,,,,
245,,,,,,,,,
154,,,,,,,,,
181,,,,,,,,,
384,,,,,,,,,
447,,,,,,,,,
439,,,,,,,,,
292,,,,,,,,,
199,,,,,,,,,
451,,,,,,,,,
411,,,,,,,,,
51,,,,,,,,,
433,,,,,,,,,
192,,,,,,,,,
149,,,,,,,,,
405,,,,,,,,,
128,,,,,,,,,
412,,,,,,,,,
104,,,,,,,,,
392,,,,,,,,,
20,,,,,,,,,
329,,,,,,,,,
293,,,,,,,,,
275,,,,,,,,,
83,,,,,,,,,
233,,,,,,,,,
63,,,,,,,,,
252,,,,,,,,,
29,,,,,,,,,
440,,,,,,,,,
182,,,,,,,,,
448,,,,,,,,,
350,,,,,,,,,
393,,,,,,,,,
413,,,,,,,,,
271,,,,,,,,,
183,,,,,,,,,
301,,,,,,,,,
212,,,,,,,,,
52,,,,,,,,,
341,,,,,,,,,
229,,,,,,,,,
97,,,,,,,,,
200,,,,,,,,,
441,,,,,,,,,
150,,,,,,,,,
253,,,,,,,,,
345,,,,,,,,,
129,,,,,,,,,
366,,,,,,,,,
8,,,,,,,,,
73,,,,,,,,,
368,,,,,,,,,
38,,,,,,,,,
30,,,,,,,,,
21,,,,,,,,,
355,,,,,,,,,
374,,,,,,,,,
161,,,,,,,,,
385,,,,,,,,,
424,,,,,,,,,
140,,,,,,,,,
193,,,,,,,,,
458,,,,,,,,,
105,,,,,,,,,
330,,,,,,,,,
64,,,,,,,,,
172,,,,,,,,,
402,,,,,,,,,
283,,,,,,,,,
84,,,,,,,,,
246,,,,,,,,,
261,,,,,,,,,
222,,,,,,,,,
117,,,,,,,,,
351,,,,,,,,,
442,,,,,,,,,
414,,,,,,,,,
234,,,,,,,,,
272,,,,,,,,,
9,,,,,,,,,
204,,,,,,,,,
74,,,,,,,,,
305,,,,,,,,,
394,,,,,,,,,
53,,,,,,,,,
131,,,,,,,,,
254,,,,,,,,,
375,,,,,,,,,
213,,,,,,,,,
106,,,,,,,,,
339,,,,,,,,,
43,,,,,,,,,
151,,,,,,,,,
186,,,,,,,,,
319,,,,,,,,,
235,,,,,,,,,
141,,,,,,,,,
107,,,,,,,,,
255,,,,,,,,,
294,,,,,,,,,
118,,,,,,,,,
162,,,,,,,,,
459,,,,,,,,,
33,,,,,,,,,
65,,,,,,,,,
352,,,,,,,,,
85,,,,,,,,,
310,,,,,,,,,
22,,,,,,,,,
173,,,,,,,,,
194,,,,,,,,,
395,,,,,,,,,
223,,,,,,,,,
284,,,,,,,,,
331,,,,,,,,,
425,,,,,,,,,
12,,,,,,,,,
323,,,,,,,,,
302,,,,,,,,,
66,,,,,,,,,
256,,,,,,,,,
109,,,,,,,,,
353,,,,,,,,,
163,,,,,,,,,
224,,,,,,,,,
31,,,,,,,,,
273,,,,,,,,,
195,,,,,,,,,
236,,,,,,,,,
86,,,,,,,,,
460,,,,,,,,,
332,,,,,,,,,
295,,,,,,,,,
426,,,,,,,,,
130,,,,,,,,,
396,,,,,,,,,
174,,,,,,,,,
175,,,,,,,,,
119,,,,,,,,,
434,,,,,,,,,
108,,,,,,,,,
214,,,,,,,,,
403,,,,,,,,,
386,,,,,,,,,
205,,,,,,,,,
427,,,,,,,,,
143,,,,,,,,,
320,,,,,,,,,
354,,,,,,,,,
286,,,,,,,,,
164,,,,,,,,,
54,,,,,,,,,
262,,,,,,,,,
44,,,,,,,,,
461,,,,,,,,,
75,,,,,,,,,
240,,,,,,,,,
10,,,,,,,,,
257,,,,,,,,,
32,,,,,,,,,
371,,,,,,,,,
16,,,,,,,,,
230,,,,,,,,,
184,,,,,,,,,
132,,,,,,,,,
367,,,,,,,,,
397,,,,,,,,,
88,,,,,,,,,
415,,,,,,,,,
303,,,,,,,,,
333,,,,,,,,,
429,,,,,,,,,
99,,,,,,,,,
225,,,,,,,,,
274,,,,,,,,,
59,,,,,,,,,
152,,,,,,,,,
443,,,,,,,,,
196,,,,,,,,,
672,,,,,,,,,
499,,,,,,,,,
561,,,,,,,,,
579,,,,,,,,,
539,,,,,,,,,
713,,,,,,,,,
863,,,,,,,,,
662,,,,,,,,,
754,,,,,,,,,
856,,,,,,,,,
463,,,,,,,,,
628,,,,,,,,,
525,,,,,,,,,
833,,,,,,,,,
766,,,,,,,,,
692,,,,,,,,,
608,,,,,,,,,
731,,,,,,,,,
881,,,,,,,,,
793,,,,,,,,,
898,,,,,,,,,
869,,,,,,,,,
784,,,,,,,,,
685,,,,,,,,,
795,,,,,,,,,
484,,,,,,,,,
650,,,,,,,,,
506,,,,,,,,,
703,,,,,,,,,
767,,,,,,,,,
899,,,,,,,,,
893,,,,,,,,,
609,,,,,,,,,
540,,,,,,,,,
562,,,,,,,,,
572,,,,,,,,,
714,,,,,,,,,
638,,,,,,,,,
478,,,,,,,,,
734,,,,,,,,,
816,,,,,,,,,
755,,,,,,,,,
797,,,,,,,,,
528,,,,,,,,,
817,,,,,,,,,
485,,,,,,,,,
880,,,,,,,,,
507,,,,,,,,,
740,,,,,,,,,
741,,,,,,,,,
475,,,,,,,,,
563,,,,,,,,,
870,,,,,,,,,
580,,,,,,,,,
908,,,,,,,,,
772,,,,,,,,,
715,,,,,,,,,
629,,,,,,,,,
762,,,,,,,,,
651,,,,,,,,,
600,,,,,,,,,
704,,,,,,,,,
768,,,,,,,,,
915,,,,,,,,,
864,,,,,,,,,
526,,,,,,,,,
610,,,,,,,,,
794,,,,,,,,,
630,,,,,,,,,
581,,,,,,,,,
804,,,,,,,,,
550,,,,,,,,,
670,,,,,,,,,
500,,,,,,,,,
673,,,,,,,,,
834,,,,,,,,,
464,,,,,,,,,
735,,,,,,,,,
882,,,,,,,,,
716,,,,,,,,,
857,,,,,,,,,
756,,,,,,,,,
547,,,,,,,,,
693,,,,,,,,,
724,,,,,,,,,
495,,,,,,,,,
805,,,,,,,,,
743,,,,,,,,,
597,,,,,,,,,
916,,,,,,,,,
560,,,,,,,,,
517,,,,,,,,,
773,,,,,,,,,
639,,,,,,,,,
583,,,,,,,,,
891,,,,,,,,,
663,,,,,,,,,
615,,,,,,,,,
674,,,,,,,,,
835,,,,,,,,,
865,,,,,,,,,
529,,,,,,,,,
694,,,,,,,,,
764,,,,,,,,,
465,,,,,,,,,
774,,,,,,,,,
843,,,,,,,,,
695,,,,,,,,,
530,,,,,,,,,
757,,,,,,,,,
573,,,,,,,,,
601,,,,,,,,,
496,,,,,,,,,
717,,,,,,,,,
466,,,,,,,,,
836,,,,,,,,,
736,,,,,,,,,
564,,,,,,,,,
664,,,,,,,,,
883,,,,,,,,,
675,,,,,,,,,
809,,,,,,,,,
631,,,,,,,,,
860,,,,,,,,,
900,,,,,,,,,
518,,,,,,,,,
584,,,,,,,,,
467,,,,,,,,,
837,,,,,,,,,
894,,,,,,,,,
565,,,,,,,,,
725,,,,,,,,,
696,,,,,,,,,
648,,,,,,,,,
531,,,,,,,,,
625,,,,,,,,,
811,,,,,,,,,
775,,,,,,,,,
861,,,,,,,,,
744,,,,,,,,,
497,,,,,,,,,
519,,,,,,,,,
676,,,,,,,,,
901,,,,,,,,,
665,,,,,,,,,
595,,,,,,,,,
884,,,,,,,,,
686,,,,,,,,,
838,,,,,,,,,
616,,,,,,,,,
726,,,,,,,,,
902,,,,,,,,,
745,,,,,,,,,
909,,,,,,,,,
596,,,,,,,,,
705,,,,,,,,,
585,,,,,,,,,
640,,,,,,,,,
532,,,,,,,,,
783,,,,,,,,,
527,,,,,,,,,
468,,,,,,,,,
854,,,,,,,,,
570,,,,,,,,,
776,,,,,,,,,
498,,,,,,,,,
871,,,,,,,,,
661,,,,,,,,,
476,,,,,,,,,
885,,,,,,,,,
866,,,,,,,,,
486,,,,,,,,,
818,,,,,,,,,
910,,,,,,,,,
769,,,,,,,,,
845,,,,,,,,,
582,,,,,,,,,
697,,,,,,,,,
541,,,,,,,,,
515,,,,,,,,,
677,,,,,,,,,
903,,,,,,,,,
632,,,,,,,,,
732,,,,,,,,,
785,,,,,,,,,
718,,,,,,,,,
566,,,,,,,,,
652,,,,,,,,,
602,,,,,,,,,
626,,,,,,,,,
641,,,,,,,,,
666,,,,,,,,,
904,,,,,,,,,
549,,,,,,,,,
586,,,,,,,,,
786,,,,,,,,,
886,,,,,,,,,
812,,,,,,,,,
678,,,,,,,,,
624,,,,,,,,,
867,,,,,,,,,
473,,,,,,,,,
846,,,,,,,,,
806,,,,,,,,,
501,,,,,,,,,
698,,,,,,,,,
567,,,,,,,,,
520,,,,,,,,,
746,,,,,,,,,
839,,,,,,,,,
494,,,,,,,,,
551,,,,,,,,,
917,,,,,,,,,
612,,,,,,,,,
810,,,,,,,,,
659,,,,,,,,,
733,,,,,,,,,
719,,,,,,,,,
852,,,,,,,,,
872,,,,,,,,,
687,,,,,,,,,
824,,,,,,,,,
787,,,,,,,,,
706,,,,,,,,,
603,,,,,,,,,
758,,,,,,,,,
542,,,,,,,,,
847,,,,,,,,,
633,,,,,,,,,
508,,,,,,,,,
574,,,,,,,,,
660,,,,,,,,,
699,,,,,,,,,
679,,,,,,,,,
798,,,,,,,,,
720,,,,,,,,,
509,,,,,,,,,
487,,,,,,,,,
770,,,,,,,,,
777,,,,,,,,,
737,,,,,,,,,
862,,,,,,,,,
759,,,,,,,,,
887,,,,,,,,,
533,,,,,,,,,
552,,,,,,,,,
918,,,,,,,,,
819,,,,,,,,,
604,,,,,,,,,
575,,,,,,,,,
479,,,,,,,,,
634,,,,,,,,,
828,,,,,,,,,
747,,,,,,,,,
729,,,,,,,,,
873,,,,,,,,,
712,,,,,,,,,
617,,,,,,,,,
543,,,,,,,,,
788,,,,,,,,,
841,,,,,,,,,
688,,,,,,,,,
521,,,,,,,,,
614,,,,,,,,,
587,,,,,,,,,
642,,,,,,,,,
667,,,,,,,,,
469,,,,,,,,,
907,,,,,,,,,
912,,,,,,,,,
813,,,,,,,,,
568,,,,,,,,,
502,,,,,,,,,
825,,,,,,,,,
778,,,,,,,,,
559,,,,,,,,,
510,,,,,,,,,
480,,,,,,,,,
919,,,,,,,,,
742,,,,,,,,,
635,,,,,,,,,
874,,,,,,,,,
653,,,,,,,,,
534,,,,,,,,,
707,,,,,,,,,
723,,,,,,,,,
848,,,,,,,,,
760,,,,,,,,,
605,,,,,,,,,
576,,,,,,,,,
488,,,,,,,,,
895,,,,,,,,,
799,,,,,,,,,
738,,,,,,,,,
511,,,,,,,,,
920,,,,,,,,,
544,,,,,,,,,
654,,,,,,,,,
739,,,,,,,,,
481,,,,,,,,,
606,,,,,,,,,
826,,,,,,,,,
553,,,,,,,,,
636,,,,,,,,,
888,,,,,,,,,
789,,,,,,,,,
771,,,,,,,,,
700,,,,,,,,,
858,,,,,,,,,
577,,,,,,,,,
800,,,,,,,,,
761,,,,,,,,,
680,,,,,,,,,
489,,,,,,,,,
721,,,,,,,,,
643,,,,,,,,,
727,,,,,,,,,
588,,,,,,,,,
618,,,,,,,,,
875,,,,,,,,,
708,,,,,,,,,
801,,,,,,,,,
655,,,,,,,,,
829,,,,,,,,,
490,,,,,,,,,
748,,,,,,,,,
905,,,,,,,,,
474,,,,,,,,,
611,,,,,,,,,
683,,,,,,,,,
548,,,,,,,,,
512,,,,,,,,,
820,,,,,,,,,
790,,,,,,,,,
849,,,,,,,,,
571,,,,,,,,,
850,,,,,,,,,
589,,,,,,,,,
844,,,,,,,,,
830,,,,,,,,,
513,,,,,,,,,
876,,,,,,,,,
821,,,,,,,,,
491,,,,,,,,,
619,,,,,,,,,
802,,,,,,,,,
594,,,,,,,,,
569,,,,,,,,,
656,,,,,,,,,
749,,,,,,,,,
814,,,,,,,,,
782,,,,,,,,,
482,,,,,,,,,
689,,,,,,,,,
906,,,,,,,,,
649,,,,,,,,,
535,,,,,,,,,
750,,,,,,,,,
765,,,,,,,,,
598,,,,,,,,,
590,,,,,,,,,
690,,,,,,,,,
644,,,,,,,,,
877,,,,,,,,,
921,,,,,,,,,
538,,,,,,,,,
851,,,,,,,,,
779,,,,,,,,,
522,,,,,,,,,
554,,,,,,,,,
728,,,,,,,,,
503,,,,,,,,,
840,,,,,,,,,
668,,,,,,,,,
709,,,,,,,,,
470,,,,,,,,,
620,,,,,,,,,
807,,,,,,,,,
621,,,,,,,,,
671,,,,,,,,,
471,,,,,,,,,
645,,,,,,,,,
791,,,,,,,,,
896,,,,,,,,,
555,,,,,,,,,
545,,,,,,,,,
591,,,,,,,,,
922,,,,,,,,,
504,,,,,,,,,
751,,,,,,,,,
701,,,,,,,,,
831,,,,,,,,,
599,,,,,,,,,
523,,,,,,,,,
868,,,,,,,,,
889,,,,,,,,,
842,,,,,,,,,
815,,,,,,,,,
681,,,,,,,,,
710,,,,,,,,,
622,,,,,,,,,
753,,,,,,,,,
627,,,,,,,,,
911,,,,,,,,,
684,,,,,,,,,
483,,,,,,,,,
803,,,,,,,,,
923,,,,,,,,,
822,,,,,,,,,
832,,,,,,,,,
855,,,,,,,,,
492,,,,,,,,,
646,,,,,,,,,
878,,,,,,,,,
536,,,,,,,,,
556,,,,,,,,,
657,,,,,,,,,
516,,,,,,,,,
592,,,,,,,,,
780,,,,,,,,,
537,,,,,,,,,
524,,,,,,,,,
890,,,,,,,,,
781,,,,,,,,,
637,,,,,,,,,
557,,,,,,,,,
763,,,,,,,,,
682,,,,,,,,,
472,,,,,,,,,
607,,,,,,,,,
913,,,,,,,,,
669,,,,,,,,,
924,,,,,,,,,
505,,,,,,,,,
808,,,,,,,,,
702,,,,,,,,,
897,,,,,,,,,
730,,,,,,,,,
578,,,,,,,,,
722,,,,,,,,,
859,,,,,,,,,
558,,,,,,,,,
613,,,,,,,,,
647,,,,,,,,,
853,,,,,,,,,
658,,,,,,,,,
823,,,,,,,,,
711,,,,,,,,,
477,,,,,,,,,
752,,,,,,,,,
514,,,,,,,,,
892,,,,,,,,,
827,,,,,,,,,
796,,,,,,,,,
623,,,,,,,,,
593,,,,,,,,,
914,,,,,,,,,
792,,,,,,,,,
493,,,,,,,,,
879,,,,,,,,,
546,,,,,,,,,
691,,,,,,,,,
1015,,,,,,,,,
1072,,,,,,,,,
1295,,,,,,,,,
1094,,,,,,,,,
1163,,,,,,,,,
1149,,,,,,,,,
1247,,,,,,,,,
1292,,,,,,,,,
1207,,,,,,,,,
1035,,,,,,,,,
934,,,,,,,,,
1230,,,,,,,,,
955,,,,,,,,,
1114,,,,,,,,,
1057,,,,,,,,,
985,,,,,,,,,
1274,,,,,,,,,
975,,,,,,,,,
1122,,,,,,,,,
1074,,,,,,,,,
1196,,,,,,,,,
956,,,,,,,,,
1005,,,,,,,,,
1095,,,,,,,,,
1025,,,,,,,,,
1164,,,,,,,,,
1159,,,,,,,,,
1282,,,,,,,,,
925,,,,,,,,,
1226,,,,,,,,,
1046,,,,,,,,,
986,,,,,,,,,
1210,,,,,,,,,
1208,,,,,,,,,
1256,,,,,,,,,
1157,,,,,,,,,
1276,,,,,,,,,
976,,,,,,,,,
1283,,,,,,,,,
964,,,,,,,,,
1165,,,,,,,,,
1026,,,,,,,,,
987,,,,,,,,,
1238,,,,,,,,,
1214,,,,,,,,,
1187,,,,,,,,,
1115,,,,,,,,,
954,,,,,,,,,
1096,,,,,,,,,
1257,,,,,,,,,
1047,,,,,,,,,
926,,,,,,,,,
1150,,,,,,,,,
1006,,,,,,,,,
1123,,,,,,,,,
1075,,,,,,,,,
1277,,,,,,,,,
1034,,,,,,,,,
1173,,,,,,,,,
944,,,,,,,,,
1258,,,,,,,,,
1124,,,,,,,,,
1007,,,,,,,,,
1120,,,,,,,,,
1084,,,,,,,,,
1239,,,,,,,,,
1195,,,,,,,,,
965,,,,,,,,,
936,,,,,,,,,
1076,,,,,,,,,
995,,,,,,,,,
1231,,,,,,,,,
1284,,,,,,,,,
1227,,,,,,,,,
1048,,,,,,,,,
1139,,,,,,,,,
996,,,,,,,,,
1248,,,,,,,,,
1296,,,,,,,,,
1059,,,,,,,,,
957,,,,,,,,,
927,,,,,,,,,
1266,,,,,,,,,
1125,,,,,,,,,
1213,,,,,,,,,
1016,,,,,,,,,
1172,,,,,,,,,
1085,,,,,,,,,
1151,,,,,,,,,
1232,,,,,,,,,
1036,,,,,,,,,
977,,,,,,,,,
1064,,,,,,,,,
1182,,,,,,,,,
1116,,,,,,,,,
945,,,,,,,,,
997,,,,,,,,,
1086,,,,,,,,,
1216,,,,,,,,,
1174,,,,,,,,,
1104,,,,,,,,,
1297,,,,,,,,,
1249,,,,,,,,,
937,,,,,,,,,
1060,,,,,,,,,
1188,,,,,,,,,
1148,,,,,,,,,
966,,,,,,,,,
1267,,,,,,,,,
1017,,,,,,,,,
1129,,,,,,,,,
1037,,,,,,,,,
1197,,,,,,,,,
1065,,,,,,,,,
938,,,,,,,,,
1298,,,,,,,,,
1043,,,,,,,,,
1250,,,,,,,,,
1140,,,,,,,,,
1211,,,,,,,,,
1126,,,,,,,,,
1275,,,,,,,,,
1175,,,,,,,,,
967,,,,,,,,,
1117,,,,,,,,,
1002,,,,,,,,,
1189,,,,,,,,,
1061,,,,,,,,,
1066,,,,,,,,,
946,,,,,,,,,
1023,,,,,,,,,
1093,,,,,,,,,
1233,,,,,,,,,
1008,,,,,,,,,
947,,,,,,,,,
1130,,,,,,,,,
1198,,,,,,,,,
1049,,,,,,,,,
1027,,,,,,,,,
1224,,,,,,,,,
935,,,,,,,,,
1077,,,,,,,,,
1113,,,,,,,,,
1240,,,,,,,,,
1291,,,,,,,,,
1259,,,,,,,,,
978,,,,,,,,,
998,,,,,,,,,
1244,,,,,,,,,
1293,,,,,,,,,
1141,,,,,,,,,
1087,,,,,,,,,
1105,,,,,,,,,
1205,,,,,,,,,
979,,,,,,,,,
988,,,,,,,,,
1217,,,,,,,,,
1009,,,,,,,,,
1050,,,,,,,,,
1152,,,,,,,,,
1028,,,,,,,,,
1102,,,,,,,,,
1285,,,,,,,,,
1245,,,,,,,,,
1131,,,,,,,,,
958,,,,,,,,,
928,,,,,,,,,
1078,,,,,,,,,
1166,,,,,,,,,
1260,,,,,,,,,
1215,,,,,,,,,
972,,,,,,,,,
1067,,,,,,,,,
1199,,,,,,,,,
1038,,,,,,,,,
1106,,,,,,,,,
1153,,,,,,,,,
959,,,,,,,,,
1018,,,,,,,,,
1299,,,,,,,,,
1251,,,,,,,,,
989,,,,,,,,,
1190,,,,,,,,,
1103,,,,,,,,,
1167,,,,,,,,,
1268,,,,,,,,,
1218,,,,,,,,,
929,,,,,,,,,
1132,,,,,,,,,
1062,,,,,,,,,
1228,,,,,,,,,
1142,,,,,,,,,
1176,,,,,,,,,
980,,,,,,,,,
1079,,,,,,,,,
1261,,,,,,,,,
1185,,,,,,,,,
1278,,,,,,,,,
1003,,,,,,,,,
1010,,,,,,,,,
1029,,,,,,,,,
1121,,,,,,,,,
1290,,,,,,,,,
1127,,,,,,,,,
1088,,,,,,,,,
1051,,,,,,,,,
1236,,,,,,,,,
939,,,,,,,,,
948,,,,,,,,,
1143,,,,,,,,,
1133,,,,,,,,,
999,,,,,,,,,
1183,,,,,,,,,
949,,,,,,,,,
981,,,,,,,,,
1200,,,,,,,,,
1039,,,,,,,,,
1068,,,,,,,,,
1089,,,,,,,,,
1300,,,,,,,,,
1177,,,,,,,,,
1219,,,,,,,,,
1019,,,,,,,,,
1246,,,,,,,,,
974,,,,,,,,,
1058,,,,,,,,,
1107,,,,,,,,,
1269,,,,,,,,,
1137,,,,,,,,,
1273,,,,,,,,,
1045,,,,,,,,,
1154,,,,,,,,,
993,,,,,,,,,
930,,,,,,,,,
1097,,,,,,,,,
1069,,,,,,,,,
1040,,,,,,,,,
982,,,,,,,,,
1206,,,,,,,,,
960,,,,,,,,,
1108,,,,,,,,,
1252,,,,,,,,,
1168,,,,,,,,,
1279,,,,,,,,,
1301,,,,,,,,,
1225,,,,,,,,,
1020,,,,,,,,,
1178,,,,,,,,,
1092,,,,,,,,,
1270,,,,,,,,,
1021,,,,,,,,,
940,,,,,,,,,
1280,,,,,,,,,
984,,,,,,,,,
1160,,,,,,,,,
1234,,,,,,,,,
1000,,,,,,,,,
1073,,,,,,,,,
1128,,,,,,,,,
1294,,,,,,,,,
1302,,,,,,,,,
1118,,,,,,,,,
1144,,,,,,,,,
1253,,,,,,,,,
950,,,,,,,,,
1044,,,,,,,,,
1201,,,,,,,,,
1109,,,,,,,,,
1145,,,,,,,,,
1098,,,,,,,,,
1138,,,,,,,,,
1055,,,,,,,,,
1262,,,,,,,,,
1209,,,,,,,,,
1180,,,,,,,,,
951,,,,,,,,,
1220,,,,,,,,,
1080,,,,,,,,,
1011,,,,,,,,,
1030,,,,,,,,,
968,,,,,,,,,
1241,,,,,,,,,
994,,,,,,,,,
1286,,,,,,,,,
941,,,,,,,,,
1263,,,,,,,,,
1221,,,,,,,,,
942,,,,,,,,,
1134,,,,,,,,,
1281,,,,,,,,,
1083,,,,,,,,,
1287,,,,,,,,,
1099,,,,,,,,,
1146,,,,,,,,,
1052,,,,,,,,,
990,,,,,,,,,
1013,,,,,,,,,
953,,,,,,,,,
1202,,,,,,,,,
1184,,,,,,,,,
1110,,,,,,,,,
983,,,,,,,,,
1031,,,,,,,,,
1179,,,,,,,,,
1090,,,,,,,,,
1056,,,,,,,,,
1254,,,,,,,,,
1070,,,,,,,,,
1191,,,,,,,,,
1237,,,,,,,,,
1169,,,,,,,,,
961,,,,,,,,,
1024,,,,,,,,,
1161,,,,,,,,,
1271,,,,,,,,,
1155,,,,,,,,,
969,,,,,,,,,
931,,,,,,,,,
1041,,,,,,,,,
1229,,,,,,,,,
1119,,,,,,,,,
1004,,,,,,,,,
1303,,,,,,,,,
1053,,,,,,,,,
943,,,,,,,,,
1222,,,,,,,,,
1111,,,,,,,,,
1288,,,,,,,,,
1242,,,,,,,,,
1081,,,,,,,,,
970,,,,,,,,,
952,,,,,,,,,
1147,,,,,,,,,
1135,,,,,,,,,
1264,,,,,,,,,
1033,,,,,,,,,
1012,,,,,,,,,
1091,,,,,,,,,
1192,,,,,,,,,
1203,,,,,,,,,
1181,,,,,,,,,
1001,,,,,,,,,
1193,,,,,,,,,
1042,,,,,,,,,
1022,,,,,,,,,
1272,,,,,,,,,
973,,,,,,,,,
1162,,,,,,,,,
991,,,,,,,,,
932,,,,,,,,,
1063,,,,,,,,,
1235,,,,,,,,,
1158,,,,,,,,,
1212,,,,,,,,,
1186,,,,,,,,,
1170,,,,,,,,,
1071,,,,,,,,,
1304,,,,,,,,,
1100,,,,,,,,,
962,,,,,,,,,
1255,,,,,,,,,
1223,,,,,,,,,
1194,,,,,,,,,
1112,,,,,,,,,
933,,,,,,,,,
1204,,,,,,,,,
1289,,,,,,,,,
1136,,,,,,,,,
992,,,,,,,,,
971,,,,,,,,,
1265,,,,,,,,,
1171,,,,,,,,,
1054,,,,,,,,,
1082,,,,,,,,,
1243,,,,,,,,,
1156,,,,,,,,,
963,,,,,,,,,
1032,,,,,,,,,
1101,,,,,,,,,
1014,,,,,,,,,
1494,,,,,,,,,
1641,,,,,,,,,
1336,,,,,,,,,
1395,,,,,,,,,
1458,,,,,,,,,
1528,,,,,,,,,
1404,,,,,,,,,
1631,,,,,,,,,
1615,,,,,,,,,
1551,,,,,,,,,
1504,,,,,,,,,
1659,,,,,,,,,
1583,,,,,,,,,
1364,,,,,,,,,
1456,,,,,,,,,
1375,,,,,,,,,
1443,,,,,,,,,
1305,,,,,,,,,
1563,,,,,,,,,
1345,,,,,,,,,
1317,,,,,,,,,
1485,,,,,,,,,
1552,,,,,,,,,
1325,,,,,,,,,
1617,,,,,,,,,
1396,,,,,,,,,
1424,,,,,,,,,
1575,,,,,,,,,
1365,,,,,,,,,
1445,,,,,,,,,
1511,,,,,,,,,
1414,,,,,,,,,
1531,,,,,,,,,
1675,,,,,,,,,
1539,,,,,,,,,
1642,,,,,,,,,
1592,,,,,,,,,
1483,,,,,,,,,
1385,,,,,,,,,
1606,,,,,,,,,
1425,,,,,,,,,
1512,,,,,,,,,
1354,,,,,,,,,
1366,,,,,,,,,
1337,,,,,,,,,
1676,,,,,,,,,
1421,,,,,,,,,
1632,,,,,,,,,
1673,,,,,,,,,
1486,,,,,,,,,
1588,,,,,,,,,
1652,,,,,,,,,
1446,,,,,,,,,
1566,,,,,,,,,
1306,,,,,,,,,
1540,,,,,,,,,
1593,,,,,,,,,
1618,,,,,,,,,
1362,,,,,,,,,
1578,,,,,,,,,
1326,,,,,,,,,
1521,,,,,,,,,
1459,,,,,,,,,
1660,,,,,,,,,
1643,,,,,,,,,
1505,,,,,,,,,
1555,,,,,,,,,
1318,,,,,,,,,
1435,,,,,,,,,
1376,,,,,,,,,
1495,,,,,,,,,
1603,,,,,,,,,
1601,,,,,,,,,
1405,,,,,,,,,
1476,,,,,,,,,
1397,,,,,,,,,
1651,,,,,,,,,
1436,,,,,,,,,
1377,,,,,,,,,
1625,,,,,,,,,
1661,,,,,,,,,
1556,,,,,,,,,
1355,,,,,,,,,
1584,,,,,,,,,
1338,,,,,,,,,
1522,,,,,,,,,
1496,,,,,,,,,
1473,,,,,,,,,
1307,,,,,,,,,
1406,,,,,,,,,
1393,,,,,,,,,
1506,,,,,,,,,
1460,,,,,,,,,
1607,,,,,,,,,
1576,,,,,,,,,
1677,,,,,,,,,
1633,,,,,,,,,
1497,,,,,,,,,
1567,,,,,,,,,
1447,,,,,,,,,
1472,,,,,,,,,
1308,,,,,,,,,
1415,,,,,,,,,
1541,,,,,,,,,
1339,,,,,,,,,
1432,,,,,,,,,
1386,,,,,,,,,
1656,,,,,,,,,
1553,,,,,,,,,
1626,,,,,,,,,
1356,,,,,,,,,
1608,,,,,,,,,
1549,,,,,,,,,
1378,,,,,,,,,
1568,,,,,,,,,
1340,,,,,,,,,
1507,,,,,,,,,
1678,,,,,,,,,
1423,,,,,,,,,
1594,,,,,,,,,
1477,,,,,,,,,
1627,,,,,,,,,
1638,,,,,,,,,
1609,,,,,,,,,
1357,,,,,,,,,
1309,,,,,,,,,
1542,,,,,,,,,
1379,,,,,,,,,
1426,,,,,,,,,
1448,,,,,,,,,
1634,,,,,,,,,
1387,,,,,,,,,
1498,,,,,,,,,
1543,,,,,,,,,
1653,,,,,,,,,
1624,,,,,,,,,
1453,,,,,,,,,
1487,,,,,,,,,
1532,,,,,,,,,
1585,,,,,,,,,
1513,,,,,,,,,
1427,,,,,,,,,
1346,,,,,,,,,
1679,,,,,,,,,
1367,,,,,,,,,
1388,,,,,,,,,
1316,,,,,,,,,
1589,,,,,,,,,
1416,,,,,,,,,
1468,,,,,,,,,
1569,,,,,,,,,
1334,,,,,,,,,
1327,,,,,,,,,
1579,,,,,,,,,
1461,,,,,,,,,
1389,,,,,,,,,
1478,,,,,,,,,
1557,,,,,,,,,
1437,,,,,,,,,
1380,,,,,,,,,
1363,,,,,,,,,
1662,,,,,,,,,
1595,,,,,,,,,
1407,,,,,,,,,
1499,,,,,,,,,
1672,,,,,,,,,
1319,,,,,,,,,
1533,,,,,,,,,
1604,,,,,,,,,
1657,,,,,,,,,
1523,,,,,,,,,
1315,,,,,,,,,
1524,,,,,,,,,
1558,,,,,,,,,
1368,,,,,,,,,
1623,,,,,,,,,
1412,,,,,,,,,
1434,,,,,,,,,
1554,,,,,,,,,
1488,,,,,,,,,
1644,,,,,,,,,
1469,,,,,,,,,
1587,,,,,,,,,
1474,,,,,,,,,
1462,,,,,,,,,
1347,,,,,,,,,
1328,,,,,,,,,
1663,,,,,,,,,
1514,,,,,,,,,
1438,,,,,,,,,
1428,,,,,,,,,
1508,,,,,,,,,
1333,,,,,,,,,
1417,,,,,,,,,
1570,,,,,,,,,
1619,,,,,,,,,
1320,,,,,,,,,
1500,,,,,,,,,
1449,,,,,,,,,
1390,,,,,,,,,
1669,,,,,,,,,
1674,,,,,,,,,
1358,,,,,,,,,
1596,,,,,,,,,
1544,,,,,,,,,
1479,,,,,,,,,
1382,,,,,,,,,
1680,,,,,,,,,
1534,,,,,,,,,
1369,,,,,,,,,
1664,,,,,,,,,
1605,,,,,,,,,
1610,,,,,,,,,
1348,,,,,,,,,
1580,,,,,,,,,
1489,,,,,,,,,
1463,,,,,,,,,
1455,,,,,,,,,
1310,,,,,,,,,
1439,,,,,,,,,
1559,,,,,,,,,
1616,,,,,,,,,
1525,,,,,,,,,
1515,,,,,,,,,
1645,,,,,,,,,
1398,,,,,,,,,
1341,,,,,,,,,
1408,,,,,,,,,
1450,,,,,,,,,
1384,,,,,,,,,
1359,,,,,,,,,
1639,,,,,,,,,
1597,,,,,,,,,
1646,,,,,,,,,
1535,,,,,,,,,
1509,,,,,,,,,
1548,,,,,,,,,
1484,,,,,,,,,
1403,,,,,,,,,
1422,,,,,,,,,
1681,,,,,,,,,
1329,,,,,,,,,
1571,,,,,,,,,
1620,,,,,,,,,
1501,,,,,,,,,
1429,,,,,,,,,
1321,,,,,,,,,
1480,,,,,,,,,
1560,,,,,,,,,
1444,,,,,,,,,
1516,,,,,,,,,
1536,,,,,,,,,
1399,,,,,,,,,
1413,,,,,,,,,
1647,,,,,,,,,
1349,,,,,,,,,
1598,,,,,,,,,
1490,,,,,,,,,
1330,,,,,,,,,
1467,,,,,,,,,
1581,,,,,,,,,
1621,,,,,,,,,
1322,,,,,,,,,
1529,,,,,,,,,
1370,,,,,,,,,
1665,,,,,,,,,
1491,,,,,,,,,
1311,,,,,,,,,
1400,,,,,,,,,
1350,,,,,,,,,
1545,,,,,,,,,
1371,,,,,,,,,
1517,,,,,,,,,
1611,,,,,,,,,
1335,,,,,,,,,
1682,,,,,,,,,
1475,,,,,,,,,
1572,,,,,,,,,
1636,,,,,,,,,
1433,,,,,,,,,
1418,,,,,,,,,
1590,,,,,,,,,
1628,,,,,,,,,
1451,,,,,,,,,
1648,,,,,,,,,
1599,,,,,,,,,
1464,,,,,,,,,
1666,,,,,,,,,
1314,,,,,,,,,
1649,,,,,,,,,
1481,,,,,,,,,
1582,,,,,,,,,
1440,,,,,,,,,
1612,,,,,,,,,
1503,,,,,,,,,
1409,,,,,,,,,
1381,,,,,,,,,
1526,,,,,,,,,
1342,,,,,,,,,
1561,,,,,,,,,
1401,,,,,,,,,
1360,,,,,,,,,
1635,,,,,,,,,
1565,,,,,,,,,
1518,,,,,,,,,
1410,,,,,,,,,
1527,,,,,,,,,
1471,,,,,,,,,
1372,,,,,,,,,
1492,,,,,,,,,
1667,,,,,,,,,
1562,,,,,,,,,
1312,,,,,,,,,
1637,,,,,,,,,
1586,,,,,,,,,
1394,,,,,,,,,
1343,,,,,,,,,
1613,,,,,,,,,
1441,,,,,,,,,
1654,,,,,,,,,
1577,,,,,,,,,
1353,,,,,,,,,
1465,,,,,,,,,
1550,,,,,,,,,
1391,,,,,,,,,
1537,,,,,,,,,
1546,,,,,,,,,
1683,,,,,,,,,
1323,,,,,,,,,
1331,,,,,,,,,
1600,,,,,,,,,
1373,,,,,,,,,
1454,,,,,,,,,
1520,,,,,,,,,
1658,,,,,,,,,
1351,,,,,,,,,
1573,,,,,,,,,
1482,,,,,,,,,
1493,,,,,,,,,
1430,,,,,,,,,
1419,,,,,,,,,
1622,,,,,,,,,
1538,,,,,,,,,
1457,,,,,,,,,
1411,,,,,,,,,
1591,,,,,,,,,
1324,,,,,,,,,
1442,,,,,,,,,
1650,,,,,,,,,
1530,,,,,,,,,
1402,,,,,,,,,
1383,,,,,,,,,
1466,,,,,,,,,
1629,,,,,,,,,
1670,,,,,,,,,
1510,,,,,,,,,
1668,,,,,,,,,
1332,,,,,,,,,
1502,,,,,,,,,
1564,,,,,,,,,
1361,,,,,,,,,
1420,,,,,,,,,
1630,,,,,,,,,
1470,,,,,,,,,
1655,,,,,,,,,
1431,,,,,,,,,
1519,,,,,,,,,
1352,,,,,,,,,
1640,,,,,,,,,
1574,,,,,,,,,
1671,,,,,,,,,
1313,,,,,,,,,
1547,,,,,,,,,
1614,,,,,,,,,
1452,,,,,,,,,
1392,,,,,,,,,
1374,,,,,,,,,
1684,,,,,,,,,
1344,,,,,,,,,
1602,,,,,,,,,
1798,,,,,,,,,
1770,,,,,,,,,
1853,,,,,,,,,
1730,,,,,,,,,
1932,,,,,,,,,
1695,,,,,,,,,
1939,,,,,,,,,
2039,,,,,,,,,
2051,,,,,,,,,
1893,,,,,,,,,
1873,,,,,,,,,
1839,,,,,,,,,
1817,,,,,,,,,
2002,,,,,,,,,
1980,,,,,,,,,
1914,,,,,,,,,
1721,,,,,,,,,
1753,,,,,,,,,
2019,,,,,,,,,
2055,,,,,,,,,
1964,,,,,,,,,
1697,,,,,,,,,
2029,,,,,,,,,
1801,,,,,,,,,
1843,,,,,,,,,
1969,,,,,,,,,
1740,,,,,,,,,
1820,,,,,,,,,
1722,,,,,,,,,
1894,,,,,,,,,
1949,,,,,,,,,
1937,,,,,,,,,
1923,,,,,,,,,
1760,,,,,,,,,
1864,,,,,,,,,
1874,,,,,,,,,
1992,,,,,,,,,
1780,,,,,,,,,
2030,,,,,,,,,
1731,,,,,,,,,
1802,,,,,,,,,
1714,,,,,,,,,
1711,,,,,,,,,
1789,,,,,,,,,
1903,,,,,,,,,
1883,,,,,,,,,
1924,,,,,,,,,
1831,,,,,,,,,
1761,,,,,,,,,
1981,,,,,,,,,
2056,,,,,,,,,
1854,,,,,,,,,
2003,,,,,,,,,
1970,,,,,,,,,
2020,,,,,,,,,
1685,,,,,,,,,
1950,,,,,,,,,
2011,,,,,,,,,
1904,,,,,,,,,
1989,,,,,,,,,
1844,,,,,,,,,
1821,,,,,,,,,
1769,,,,,,,,,
1884,,,,,,,,,
1686,,,,,,,,,
1810,,,,,,,,,
1739,,,,,,,,,
1951,,,,,,,,,
1702,,,,,,,,,
1999,,,,,,,,,
2057,,,,,,,,,
1712,,,,,,,,,
1781,,,,,,,,,
1925,,,,,,,,,
1865,,,,,,,,,
2031,,,,,,,,,
1990,,,,,,,,,
1771,,,,,,,,,
1875,,,,,,,,,
2004,,,,,,,,,
1799,,,,,,,,,
1915,,,,,,,,,
2043,,,,,,,,,
1861,,,,,,,,,
1729,,,,,,,,,
2021,,,,,,,,,
1982,,,,,,,,,
1803,,,,,,,,,
1741,,,,,,,,,
1841,,,,,,,,,
1971,,,,,,,,,
1895,,,,,,,,,
1751,,,,,,,,,
1940,,,,,,,,,
1832,,,,,,,,,
1749,,,,,,,,,
1963,,,,,,,,,
1916,,,,,,,,,
2040,,,,,,,,,
2058,,,,,,,,,
1896,,,,,,,,,
1965,,,,,,,,,
1833,,,,,,,,,
1830,,,,,,,,,
1855,,,,,,,,,
1782,,,,,,,,,
2032,,,,,,,,,
1952,,,,,,,,,
1762,,,,,,,,,
2027,,,,,,,,,
1723,,,,,,,,,
2005,,,,,,,,,
1818,,,,,,,,,
1876,,,,,,,,,
1905,,,,,,,,,
2006,,,,,,,,,
1941,,,,,,,,,
2044,,,,,,,,,
1703,,,,,,,,,
1687,,,,,,,,,
1754,,,,,,,,,
1983,,,,,,,,,
1791,,,,,,,,,
1772,,,,,,,,,
1834,,,,,,,,,
2028,,,,,,,,,
1885,,,,,,,,,
1811,,,,,,,,,
1926,,,,,,,,,
1732,,,,,,,,,
1856,,,,,,,,,
1715,,,,,,,,,
2041,,,,,,,,,
1783,,,,,,,,,
1812,,,,,,,,,
1696,,,,,,,,,
1724,,,,,,,,,
1763,,,,,,,,,
1733,,,,,,,,,
1953,,,,,,,,,
2022,,,,,,,,,
1897,,,,,,,,,
1917,,,,,,,,,
2007,,,,,,,,,
1857,,,,,,,,,
2038,,,,,,,,,
1835,,,,,,,,,
2059,,,,,,,,,
1877,,,,,,,,,
1984,,,,,,,,,
2053,,,,,,,,,
1933,,,,,,,,,
1804,,,,,,,,,
1927,,,,,,,,,
1725,,,,,,,,,
1902,,,,,,,,,
2012,,,,,,,,,
1998,,,,,,,,,
1822,,,,,,,,,
1866,,,,,,,,,
1734,,,,,,,,,
1978,,,,,,,,,
2037,,,,,,,,,
2060,,,,,,,,,
1784,,,,,,,,,
1878,,,,,,,,,
1954,,,,,,,,,
1764,,,,,,,,,
1918,,,,,,,,,
1845,,,,,,,,,
1790,,,,,,,,,
1765,,,,,,,,,
1985,,,,,,,,,
1742,,,,,,,,,
1972,,,,,,,,,
1886,,,,,,,,,
1911,,,,,,,,,
2061,,,,,,,,,
1688,,,,,,,,,
1934,,,,,,,,,
2008,,,,,,,,,
2023,,,,,,,,,
1785,,,,,,,,,
1716,,,,,,,,,
1955,,,,,,,,,
2033,,,,,,,,,
1809,,,,,,,,,
1836,,,,,,,,,
1704,,,,,,,,,
1858,,,,,,,,,
1689,,,,,,,,,
1887,,,,,,,,,
1993,,,,,,,,,
1966,,,,,,,,,
1867,,,,,,,,,
2000,,,,,,,,,
2034,,,,,,,,,
1705,,,,,,,,,
1813,,,,,,,,,
1846,,,,,,,,,
1743,,,,,,,,,
1713,,,,,,,,,
1766,,,,,,,,,
1786,,,,,,,,,
1906,,,,,,,,,
1956,,,,,,,,,
1959,,,,,,,,,
1828,,,,,,,,,
2062,,,,,,,,,
1717,,,,,,,,,
1690,,,,,,,,,
2045,,,,,,,,,
1755,,,,,,,,,
1823,,,,,,,,,
1942,,,,,,,,,
1994,,,,,,,,,
1847,,,,,,,,,
1779,,,,,,,,,
1868,,,,,,,,,
1928,,,,,,,,,
1907,,,,,,,,,
1706,,,,,,,,,
2042,,,,,,,,,
1888,,,,,,,,,
2018,,,,,,,,,
1735,,,,,,,,,
1800,,,,,,,,,
1819,,,,,,,,,
2054,,,,,,,,,
1750,,,,,,,,,
1824,,,,,,,,,
1919,,,,,,,,,
1960,,,,,,,,,
1778,,,,,,,,,
1869,,,,,,,,,
2013,,,,,,,,,
1792,,,,,,,,,
1948,,,,,,,,,
1879,,,,,,,,,
1698,,,,,,,,,
1848,,,,,,,,,
1913,,,,,,,,,
1736,,,,,,,,,
1929,,,,,,,,,
1814,,,,,,,,,
2046,,,,,,,,,
1898,,,,,,,,,
1973,,,,,,,,,
1862,,,,,,,,,
1793,,,,,,,,,
1840,,,,,,,,,
1930,,,,,,,,,
1756,,,,,,,,,
1726,,,,,,,,,
1773,,,,,,,,,
1943,,,,,,,,,
1880,,,,,,,,,
2052,,,,,,,,,
1920,,,,,,,,,
2001,,,,,,,,,
2024,,,,,,,,,
1805,,,,,,,,,
1699,,,,,,,,,
1899,,,,,,,,,
1737,,,,,,,,,
1986,,,,,,,,,
1849,,,,,,,,,
1707,,,,,,,,,
2014,,,,,,,,,
1794,,,,,,,,,
1908,,,,,,,,,
2047,,,,,,,,,
1974,,,,,,,,,
1979,,,,,,,,,
1863,,,,,,,,,
1757,,,,,,,,,
1947,,,,,,,,,
1806,,,,,,,,,
1889,,,,,,,,,
1872,,,,,,,,,
1691,,,,,,,,,
1825,,,,,,,,,
1774,,,,,,,,,
1931,,,,,,,,,
1738,,,,,,,,,
1826,,,,,,,,,
2048,,,,,,,,,
1852,,,,,,,,,
1881,,,,,,,,,
1815,,,,,,,,,
1870,,,,,,,,,
1744,,,,,,,,,
1795,,,,,,,,,
1758,,,,,,,,,
1775,,,,,,,,,
1700,,,,,,,,,
1727,,,,,,,,,
1935,,,,,,,,,
1961,,,,,,,,,
1900,,,,,,,,,
1995,,,,,,,,,
1944,,,,,,,,,
2015,,,,,,,,,
1921,,,,,,,,,
1708,,,,,,,,,
2025,,,,,,,,,
1816,,,,,,,,,
1945,,,,,,,,,
1692,,,,,,,,,
1892,,,,,,,,,
1938,,,,,,,,,
1718,,,,,,,,,
2049,,,,,,,,,
1962,,,,,,,,,
1759,,,,,,,,,
1859,,,,,,,,,
1745,,,,,,,,,
1912,,,,,,,,,
1987,,,,,,,,,
1837,,,,,,,,,
1796,,,,,,,,,
1776,,,,,,,,,
2009,,,,,,,,,
1890,,,,,,,,,
1719,,,,,,,,,
1871,,,,,,,,,
1746,,,,,,,,,
1957,,,,,,,,,
1850,,,,,,,,,
2016,,,,,,,,,
1829,,,,,,,,,
1709,,,,,,,,,
1996,,,,,,,,,
1807,,,,,,,,,
1936,,,,,,,,,
1975,,,,,,,,,
1694,,,,,,,,,
2035,,,,,,,,,
1788,,,,,,,,,
2063,,,,,,,,,
1909,,,,,,,,,
1767,,,,,,,,,
1958,,,,,,,,,
1838,,,,,,,,,
1901,,,,,,,,,
2026,,,,,,,,,
1787,,,,,,,,,
1976,,,,,,,,,
1882,,,,,,,,,
1842,,,,,,,,,
2010,,,,,,,,,
1922,,,,,,,,,
1988,,,,,,,,,
2064,,,,,,,,,
1768,,,,,,,,,
1967,,,,,,,,,
1747,,,,,,,,,
1860,,,,,,,,,
2036,,,,,,,,,
1701,,,,,,,,,
1728,,,,,,,,,
1968,,,,,,,,,
1946,,,,,,,,,
1752,,,,,,,,,
1777,,,,,,,,,
1997,,,,,,,,,
1720,,,,,,,,,
1808,,,,,,,,,
1748,,,,,,,,,
1910,,,,,,,,,
2017,,,,,,,,,
1797,,,,,,,,,
1977,,,,,,,,,
1693,,,,,,,,,
1827,,,,,,,,,
1991,,,,,,,,,
1710,,,,,,,,,
1851,,,,,,,,,
2050,,,,,,,,,
1891,,,,,,,,,
2435,,,,,,,,,
2377,,,,,,,,,
2085,,,,,,,,,
2293,,,,,,,,,
2353,,,,,,,,,
2419,,,,,,,,,
2179,,,,,,,,,
2243,,,,,,,,,
2313,,,,,,,,,
2265,,,,,,,,,
2122,,,,,,,,,
2210,,,,,,,,,
2142,,,,,,,,,
2074,,,,,,,,,
2338,,,,,,,,,
2144,,,,,,,,,
2183,,,,,,,,,
2245,,,,,,,,,
2396,,,,,,,,,
2231,,,,,,,,,
2296,,,,,,,,,
2424,,,,,,,,,
2359,,,,,,,,,
2323,,,,,,,,,
2125,,,,,,,,,
2284,,,,,,,,,
2308,,,,,,,,,
2154,,,,,,,,,
2193,,,,,,,,,
2213,,,,,,,,,
2083,,,,,,,,,
2096,,,,,,,,,
2400,,,,,,,,,
2255,,,,,,,,,
2379,,,,,,,,,
2173,,,,,,,,,
2361,,,,,,,,,
2104,,,,,,,,,
2162,,,,,,,,,
2246,,,,,,,,,
2214,,,,,,,,,
2123,,,,,,,,,
2174,,,,,,,,,
2065,,,,,,,,,
2339,,,,,,,,,
2266,,,,,,,,,
2086,,,,,,,,,
2401,,,,,,,,,
2434,,,,,,,,,
2362,,,,,,,,,
2224,,,,,,,,,
2425,,,,,,,,,
2314,,,,,,,,,
2194,,,,,,,,,
2285,,,,,,,,,
2134,,,,,,,,,
2354,,,,,,,,,
2256,,,,,,,,,
2244,,,,,,,,,
2410,,,,,,,,,
2363,,,,,,,,,
2126,,,,,,,,,
2105,,,,,,,,,
2203,,,,,,,,,
2387,,,,,,,,,
2175,,,,,,,,,
2306,,,,,,,,,
2294,,,,,,,,,
2184,,,,,,,,,
2283,,,,,,,,,
2324,,,,,,,,,
2436,,,,,,,,,
2075,,,,,,,,,
2397,,,,,,,,,
2155,,,,,,,,,
2305,,,,,,,,,
2097,,,,,,,,,
2223,,,,,,,,,
2309,,,,,,,,,
2145,,,,,,,,,
2275,,,,,,,,,
2437,,,,,,,,,
2411,,,,,,,,,
2420,,,,,,,,,
2395,,,,,,,,,
2325,,,,,,,,,
2263,,,,,,,,,
2127,,,,,,,,,
2076,,,,,,,,,
2106,,,,,,,,,
2204,,,,,,,,,
2297,,,,,,,,,
2235,,,,,,,,,
2343,,,,,,,,,
2185,,,,,,,,,
2164,,,,,,,,,
2135,,,,,,,,,
2344,,,,,,,,,
2335,,,,,,,,,
2066,,,,,,,,,
2236,,,,,,,,,
2191,,,,,,,,,
2438,,,,,,,,,
2205,,,,,,,,,
2286,,,,,,,,,
2315,,,,,,,,,
2388,,,,,,,,,
2114,,,,,,,,,
2267,,,,,,,,,
2152,,,,,,,,,
2371,,,,,,,,,
2247,,,,,,,,,
2087,,,,,,,,,
2412,,,,,,,,,
2215,,,,,,,,,
2340,,,,,,,,,
2276,,,,,,,,,
2316,,,,,,,,,
2225,,,,,,,,,
2426,,,,,,,,,
2304,,,,,,,,,
2165,,,,,,,,,
2115,,,,,,,,,
2345,,,,,,,,,
2156,,,,,,,,,
2257,,,,,,,,,
2364,,,,,,,,,
2380,,,,,,,,,
2098,,,,,,,,,
2402,,,,,,,,,
2136,,,,,,,,,
2201,,,,,,,,,
2077,,,,,,,,,
2346,,,,,,,,,
2067,,,,,,,,,
2128,,,,,,,,,
2403,,,,,,,,,
2216,,,,,,,,,
2383,,,,,,,,,
2248,,,,,,,,,
2107,,,,,,,,,
2268,,,,,,,,,
2146,,,,,,,,,
2166,,,,,,,,,
2310,,,,,,,,,
2202,,,,,,,,,
2287,,,,,,,,,
2372,,,,,,,,,
2226,,,,,,,,,
2088,,,,,,,,,
2427,,,,,,,,,
2326,,,,,,,,,
2433,,,,,,,,,
2116,,,,,,,,,
2084,,,,,,,,,
2195,,,,,,,,,
2163,,,,,,,,,
2233,,,,,,,,,
2355,,,,,,,,,
2317,,,,,,,,,
2137,,,,,,,,,
2385,,,,,,,,,
2408,,,,,,,,,
2277,,,,,,,,,
2298,,,,,,,,,
2365,,,,,,,,,
2180,,,,,,,,,
2094,,,,,,,,,
2341,,,,,,,,,
2217,,,,,,,,,
2264,,,,,,,,,
2108,,,,,,,,,
2378,,,,,,,,,
2258,,,,,,,,,
2347,,,,,,,,,
2196,,,,,,,,,
2404,,,,,,,,,
2421,,,,,,,,,
2078,,,,,,,,,
2332,,,,,,,,,
2167,,,,,,,,,
2278,,,,,,,,,
2099,,,,,,,,,
2428,,,,,,,,,
2227,,,,,,,,,
2299,,,,,,,,,
2218,,,,,,,,,
2153,,,,,,,,,
2381,,,,,,,,,
2132,,,,,,,,,
2079,,,,,,,,,
2389,,,,,,,,,
2211,,,,,,,,,
2117,,,,,,,,,
2143,,,,,,,,,
2100,,,,,,,,,
2176,,,,,,,,,
2366,,,,,,,,,
2186,,,,,,,,,
2398,,,,,,,,,
2422,,,,,,,,,
2300,,,,,,,,,
2259,,,,,,,,,
2157,,,,,,,,,
2237,,,,,,,,,
2279,,,,,,,,,
2413,,,,,,,,,
2318,,,,,,,,,
2439,,,,,,,,,
2311,,,,,,,,,
2414,,,,,,,,,
2187,,,,,,,,,
2101,,,,,,,,,
2234,,,,,,,,,
2109,,,,,,,,,
2295,,,,,,,,,
2360,,,,,,,,,
2212,,,,,,,,,
2068,,,,,,,,,
2124,,,,,,,,,
2238,,,,,,,,,
2181,,,,,,,,,
2249,,,,,,,,,
2390,,,,,,,,,
2327,,,,,,,,,
2440,,,,,,,,,
2274,,,,,,,,,
2147,,,,,,,,,
2405,,,,,,,,,
2269,,,,,,,,,
2148,,,,,,,,,
2382,,,,,,,,,
2386,,,,,,,,,
2197,,,,,,,,,
2089,,,,,,,,,
2118,,,,,,,,,
2069,,,,,,,,,
2288,,,,,,,,,
2250,,,,,,,,,
2431,,,,,,,,,
2221,,,,,,,,,
2171,,,,,,,,,
2138,,,,,,,,,
2352,,,,,,,,,
2319,,,,,,,,,
2228,,,,,,,,,
2373,,,,,,,,,
2331,,,,,,,,,
2289,,,,,,,,,
2441,,,,,,,,,
2070,,,,,,,,,
2270,,,,,,,,,
2312,,,,,,,,,
2149,,,,,,,,,
2391,,,,,,,,,
2251,,,,,,,,,
2239,,,,,,,,,
2093,,,,,,,,,
2348,,,,,,,,,
2415,,,,,,,,,
2129,,,,,,,,,
2188,,,,,,,,,
2110,,,,,,,,,
2374,,,,,,,,,
2168,,,,,,,,,
2206,,,,,,,,,
2280,,,,,,,,,
2207,,,,,,,,,
2240,,,,,,,,,
2139,,,,,,,,,
2320,,,,,,,,,
2080,,,,,,,,,
2192,,,,,,,,,
2095,,,,,,,,,
2150,,,,,,,,,
2442,,,,,,,,,
2375,,,,,,,,,
2301,,,,,,,,,
2356,,,,,,,,,
2342,,,,,,,,,
2416,,,,,,,,,
2260,,,,,,,,,
2392,,,,,,,,,
2119,,,,,,,,,
2177,,,,,,,,,
2130,,,,,,,,,
2090,,,,,,,,,
2111,,,,,,,,,
2229,,,,,,,,,
2409,,,,,,,,,
2367,,,,,,,,,
2290,,,,,,,,,
2158,,,,,,,,,
2349,,,,,,,,,
2252,,,,,,,,,
2429,,,,,,,,,
2198,,,,,,,,,
2328,,,,,,,,,
2399,,,,,,,,,
2222,,,,,,,,,
2169,,,,,,,,,
2271,,,,,,,,,
2071,,,,,,,,,
2334,,,,,,,,,
2368,,,,,,,,,
2189,,,,,,,,,
2393,,,,,,,,,
2272,,,,,,,,,
2253,,,,,,,,,
2159,,,,,,,,,
2208,,,,,,,,,
2443,,,,,,,,,
2291,,,,,,,,,
2417,,,,,,,,,
2073,,,,,,,,,
2140,,,,,,,,,
2178,,,,,,,,,
2321,,,,,,,,,
2091,,,,,,,,,
2357,,,,,,,,,
2120,,,,,,,,,
2336,,,,,,,,,
2241,,,,,,,,,
2423,,,,,,,,,
2350,,,,,,,,,
2102,,,,,,,,,
2172,,,,,,,,,
2432,,,,,,,,,
2302,,,,,,,,,
2329,,,,,,,,,
2261,,,,,,,,,
2131,,,,,,,,,
2369,,,,,,,,,
2219,,,,,,,,,
2230,,,,,,,,,
2113,,,,,,,,,
2160,,,,,,,,,
2199,,,,,,,,,
2081,,,,,,,,,
2333,,,,,,,,,
2406,,,,,,,,,
2281,,,,,,,,,
2303,,,,,,,,,
2151,,,,,,,,,
2330,,,,,,,,,
2376,,,,,,,,,
2182,,,,,,,,,
2262,,,,,,,,,
2394,,,,,,,,,
2242,,,,,,,,,
2418,,,,,,,,,
2190,,,,,,,,,
2112,,,,,,,,,
2082,,,,,,,,,
2444,,,,,,,,,
2358,,,,,,,,,
2307,,,,,,,,,
2282,,,,,,,,,
2133,,,,,,,,,
2209,,,,,,,,,
2103,,,,,,,,,
2200,,,,,,,,,
2322,,,,,,,,,
2170,,,,,,,,,
2254,,,,,,,,,
2384,,,,,,,,,
2220,,,,,,,,,
2273,,,,,,,,,
2141,,,,,,,,,
2092,,,,,,,,,
2337,,,,,,,,,
2232,,,,,,,,,
2370,,,,,,,,,
2161,,,,,,,,,
2407,,,,,,,,,
2351,,,,,,,,,
2121,,,,,,,,,
2430,,,,,,,,,
2072,,,,,,,,,
2292,,,,,,,,,
2501,,,,,,,,,
2486,,,,,,,,,
2804,,,,,,,,,
2743,,,,,,,,,
2597,,,,,,,,,
2541,,,,,,,,,
2631,,,,,,,,,
2445,,,,,,,,,
2690,,,,,,,,,
2482,,,,,,,,,
2582,,,,,,,,,
2562,,,,,,,,,
2814,,,,,,,,,
2694,,,,,,,,,
2651,,,,,,,,,
2733,,,,,,,,,
2521,,,,,,,,,
2800,,,,,,,,,
2611,,,,,,,,,
2710,,,,,,,,,
2511,,,,,,,,,
2660,,,,,,,,,
2714,,,,,,,,,
2736,,,,,,,,,
2459,,,,,,,,,
2760,,,,,,,,,
2779,,,,,,,,,
2531,,,,,,,,,
2815,,,,,,,,,
2491,,,,,,,,,
2601,,,,,,,,,
2612,,,,,,,,,
2572,,,,,,,,,
2790,,,,,,,,,
2638,,,,,,,,,
2672,,,,,,,,,
2472,,,,,,,,,
2551,,,,,,,,,
2673,,,,,,,,,
2695,,,,,,,,,
2649,,,,,,,,,
2573,,,,,,,,,
2777,,,,,,,,,
2632,,,,,,,,,
2722,,,,,,,,,
2552,,,,,,,,,
2816,,,,,,,,,
2737,,,,,,,,,
2602,,,,,,,,,
2613,,,,,,,,,
2463,,,,,,,,,
2756,,,,,,,,,
2532,,,,,,,,,
2510,,,,,,,,,
2661,,,,,,,,,
2492,,,,,,,,,
2798,,,,,,,,,
2553,,,,,,,,,
2473,,,,,,,,,
2598,,,,,,,,,
2763,,,,,,,,,
2817,,,,,,,,,
2715,,,,,,,,,
2620,,,,,,,,,
2652,,,,,,,,,
2791,,,,,,,,,
2535,,,,,,,,,
2780,,,,,,,,,
2502,,,,,,,,,
2639,,,,,,,,,
2738,,,,,,,,,
2446,,,,,,,,,
2650,,,,,,,,,
2696,,,,,,,,,
2578,,,,,,,,,
2682,,,,,,,,,
2621,,,,,,,,,
2591,,,,,,,,,
2726,,,,,,,,,
2648,,,,,,,,,
2474,,,,,,,,,
2724,,,,,,,,,
2503,,,,,,,,,
2592,,,,,,,,,
2746,,,,,,,,,
2487,,,,,,,,,
2766,,,,,,,,,
2542,,,,,,,,,
2805,,,,,,,,,
2447,,,,,,,,,
2683,,,,,,,,,
2697,,,,,,,,,
2569,,,,,,,,,
2522,,,,,,,,,
2653,,,,,,,,,
2456,,,,,,,,,
2622,,,,,,,,,
2523,,,,,,,,,
2563,,,,,,,,,
2662,,,,,,,,,
2493,,,,,,,,,
2608,,,,,,,,,
2753,,,,,,,,,
2727,,,,,,,,,
2583,,,,,,,,,
2464,,,,,,,,,
2806,,,,,,,,,
2674,,,,,,,,,
2787,,,,,,,,,
2512,,,,,,,,,
2543,,,,,,,,,
2640,,,,,,,,,
2767,,,,,,,,,
2703,,,,,,,,,
2792,,,,,,,,,
2593,,,,,,,,,
2768,,,,,,,,,
2584,,,,,,,,,
2533,,,,,,,,,
2684,,,,,,,,,
2557,,,,,,,,,
2641,,,,,,,,,
2778,,,,,,,,,
2454,,,,,,,,,
2818,,,,,,,,,
2734,,,,,,,,,
2704,,,,,,,,,
2475,,,,,,,,,
2623,,,,,,,,,
2654,,,,,,,,,
2747,,,,,,,,,
2517,,,,,,,,,
2488,,,,,,,,,
2774,,,,,,,,,
2642,,,,,,,,,
2585,,,,,,,,,
2748,,,,,,,,,
2711,,,,,,,,,
2448,,,,,,,,,
2813,,,,,,,,,
2624,,,,,,,,,
2483,,,,,,,,,
2693,,,,,,,,,
2518,,,,,,,,,
2524,,,,,,,,,
2544,,,,,,,,,
2599,,,,,,,,,
2476,,,,,,,,,
2685,,,,,,,,,
2802,,,,,,,,,
2564,,,,,,,,,
2735,,,,,,,,,
2603,,,,,,,,,
2525,,,,,,,,,
2807,,,,,,,,,
2465,,,,,,,,,
2460,,,,,,,,,
2614,,,,,,,,,
2757,,,,,,,,,
2744,,,,,,,,,
2513,,,,,,,,,
2728,,,,,,,,,
2675,,,,,,,,,
2633,,,,,,,,,
2565,,,,,,,,,
2545,,,,,,,,,
2712,,,,,,,,,
2776,,,,,,,,,
2499,,,,,,,,,
2663,,,,,,,,,
2586,,,,,,,,,
2494,,,,,,,,,
2725,,,,,,,,,
2571,,,,,,,,,
2546,,,,,,,,,
2615,,,,,,,,,
2574,,,,,,,,,
2530,,,,,,,,,
2676,,,,,,,,,
2803,,,,,,,,,
2504,,,,,,,,,
2664,,,,,,,,,
2739,,,,,,,,,
2609,,,,,,,,,
2812,,,,,,,,,
2716,,,,,,,,,
2761,,,,,,,,,
2466,,,,,,,,,
2561,,,,,,,,,
2634,,,,,,,,,
2669,,,,,,,,,
2566,,,,,,,,,
2625,,,,,,,,,
2788,,,,,,,,,
2677,,,,,,,,,
2717,,,,,,,,,
2604,,,,,,,,,
2467,,,,,,,,,
2575,,,,,,,,,
2705,,,,,,,,,
2670,,,,,,,,,
2500,,,,,,,,,
2461,,,,,,,,,
2526,,,,,,,,,
2769,,,,,,,,,
2808,,,,,,,,,
2547,,,,,,,,,
2749,,,,,,,,,
2514,,,,,,,,,
2723,,,,,,,,,
2691,,,,,,,,,
2449,,,,,,,,,
2527,,,,,,,,,
2692,,,,,,,,,
2655,,,,,,,,,
2567,,,,,,,,,
2698,,,,,,,,,
2484,,,,,,,,,
2477,,,,,,,,,
2762,,,,,,,,,
2801,,,,,,,,,
2740,,,,,,,,,
2505,,,,,,,,,
2576,,,,,,,,,
2616,,,,,,,,,
2809,,,,,,,,,
2549,,,,,,,,,
2594,,,,,,,,,
2819,,,,,,,,,
2450,,,,,,,,,
2750,,,,,,,,,
2706,,,,,,,,,
2793,,,,,,,,,
2560,,,,,,,,,
2579,,,,,,,,,
2785,,,,,,,,,
2770,,,,,,,,,
2626,,,,,,,,,
2686,,,,,,,,,
2536,,,,,,,,,
2519,,,,,,,,,
2659,,,,,,,,,
2489,,,,,,,,,
2600,,,,,,,,,
2718,,,,,,,,,
2643,,,,,,,,,
2478,,,,,,,,,
2644,,,,,,,,,
2755,,,,,,,,,
2656,,,,,,,,,
2771,,,,,,,,,
2554,,,,,,,,,
2490,,,,,,,,,
2506,,,,,,,,,
2799,,,,,,,,,
2820,,,,,,,,,
2451,,,,,,,,,
2671,,,,,,,,,
2627,,,,,,,,,
2699,,,,,,,,,
2687,,,,,,,,,
2781,,,,,,,,,
2479,,,,,,,,,
2577,,,,,,,,,
2719,,,,,,,,,
2534,,,,,,,,,
2515,,,,,,,,,
2729,,,,,,,,,
2645,,,,,,,,,
2628,,,,,,,,,
2605,,,,,,,,,
2540,,,,,,,,,
2665,,,,,,,,,
2462,,,,,,,,,
2794,,,,,,,,,
2555,,,,,,,,,
2782,,,,,,,,,
2707,,,,,,,,,
2471,,,,,,,,,
2495,,,,,,,,,
2751,,,,,,,,,
2587,,,,,,,,,
2772,,,,,,,,,
2678,,,,,,,,,
2821,,,,,,,,,
2468,,,,,,,,,
2550,,,,,,,,,
2789,,,,,,,,,
2606,,,,,,,,,
2498,,,,,,,,,
2700,,,,,,,,,
2741,,,,,,,,,
2668,,,,,,,,,
2507,,,,,,,,,
2588,,,,,,,,,
2635,,,,,,,,,
2730,,,,,,,,,
2679,,,,,,,,,
2528,,,,,,,,,
2617,,,,,,,,,
2570,,,,,,,,,
2457,,,,,,,,,
2810,,,,,,,,,
2758,,,,,,,,,
2580,,,,,,,,,
2773,,,,,,,,,
2708,,,,,,,,,
2680,,,,,,,,,
2520,,,,,,,,,
2795,,,,,,,,,
2469,,,,,,,,,
2496,,,,,,,,,
2537,,,,,,,,,
2646,,,,,,,,,
2556,,,,,,,,,
2754,,,,,,,,,
2455,,,,,,,,,
2666,,,,,,,,,
2720,,,,,,,,,
2822,,,,,,,,,
2629,,,,,,,,,
2610,,,,,,,,,
2783,,,,,,,,,
2786,,,,,,,,,
2485,,,,,,,,,
2480,,,,,,,,,
2516,,,,,,,,,
2823,,,,,,,,,
2759,,,,,,,,,
2618,,,,,,,,,
2538,,,,,,,,,
2688,,,,,,,,,
2657,,,,,,,,,
2796,,,,,,,,,
2558,,,,,,,,,
2589,,,,,,,,,
2731,,,,,,,,,
2636,,,,,,,,,
2595,,,,,,,,,
2742,,,,,,,,,
2709,,,,,,,,,
2452,,,,,,,,,
2539,,,,,,,,,
2658,,,,,,,,,
2689,,,,,,,,,
2732,,,,,,,,,
2784,,,,,,,,,
2637,,,,,,,,,
2701,,,,,,,,,
2824,,,,,,,,,
2481,,,,,,,,,
2596,,,,,,,,,
2619,,,,,,,,,
2797,,,,,,,,,
2764,,,,,,,,,
2590,,,,,,,,,
2713,,,,,,,,,
2559,,,,,,,,,
2453,,,,,,,,,
2508,,,,,,,,,
2745,,,,,,,,,
2752,,,,,,,,,
2811,,,,,,,,,
2548,,,,,,,,,
2497,,,,,,,,,
2470,,,,,,,,,
2509,,,,,,,,,
2681,,,,,,,,,
2581,,,,,,,,,
2721,,,,,,,,,
2775,,,,,,,,,
2702,,,,,,,,,
2458,,,,,,,,,
2667,,,,,,,,,
2765,,,,,,,,,
2568,,,,,,,,,
2647,,,,,,,,,
2529,,,,,,,,,
2607,,,,,,,,,
2630,,,,,,,,,
2904,,,,,,,,,
3061,,,,,,,,,
2844,,,,,,,,,
3040,,,,,,,,,
2874,,,,,,,,,
2944,,,,,,,,,
3159,,,,,,,,,
3080,,,,,,,,,
3181,,,,,,,,,
3014,,,,,,,,,
2835,,,,,,,,,
2924,,,,,,,,,
2901,,,,,,,,,
3144,,,,,,,,,
2984,,,,,,,,,
2974,,,,,,,,,
3024,,,,,,,,,
3121,,,,,,,,,
3099,,,,,,,,,
3119,,,,,,,,,
2875,,,,,,,,,
2925,,,,,,,,,
2853,,,,,,,,,
3182,,,,,,,,,
2894,,,,,,,,,
3145,,,,,,,,,
3110,,,,,,,,,
3060,,,,,,,,,
3131,,,,,,,,,
3041,,,,,,,,,
2994,,,,,,,,,
3015,,,,,,,,,
3081,,,,,,,,,
2975,,,,,,,,,
3160,,,,,,,,,
2922,,,,,,,,,
2945,,,,,,,,,
3132,,,,,,,,,
2864,,,,,,,,,
3070,,,,,,,,,
3142,,,,,,,,,
2836,,,,,,,,,
2976,,,,,,,,,
3161,,,,,,,,,
2946,,,,,,,,,
2914,,,,,,,,,
2932,,,,,,,,,
2845,,,,,,,,,
3179,,,,,,,,,
3111,,,,,,,,,
3042,,,,,,,,,
3183,,,,,,,,,
3122,,,,,,,,,
2884,,,,,,,,,
3016,,,,,,,,,
2985,,,,,,,,,
3090,,,,,,,,,
3030,,,,,,,,,
3157,,,,,,,,,
2934,,,,,,,,,
2954,,,,,,,,,
2895,,,,,,,,,
3062,,,,,,,,,
3005,,,,,,,,,
3178,,,,,,,,,
3112,,,,,,,,,
3129,,,,,,,,,
3195,,,,,,,,,
2825,,,,,,,,,
2986,,,,,,,,,
2915,,,,,,,,,
3088,,,,,,,,,
2858,,,,,,,,,
2964,,,,,,,,,
2876,,,,,,,,,
3059,,,,,,,,,
2859,,,,,,,,,
3031,,,,,,,,,
3006,,,,,,,,,
3162,,,,,,,,,
2916,,,,,,,,,
2987,,,,,,,,,
3184,,,,,,,,,
3050,,,,,,,,,
2952,,,,,,,,,
2881,,,,,,,,,
2902,,,,,,,,,
2982,,,,,,,,,
3082,,,,,,,,,
3123,,,,,,,,,
3063,,,,,,,,,
3146,,,,,,,,,
3113,,,,,,,,,
2926,,,,,,,,,
2826,,,,,,,,,
3071,,,,,,,,,
2965,,,,,,,,,
3196,,,,,,,,,
3091,,,,,,,,,
3100,,,,,,,,,
3124,,,,,,,,,
3051,,,,,,,,,
2963,,,,,,,,,
2865,,,,,,,,,
2992,,,,,,,,,
3169,,,,,,,,,
3032,,,,,,,,,
2935,,,,,,,,,
2827,,,,,,,,,
2860,,,,,,,,,
3004,,,,,,,,,
3152,,,,,,,,,
2905,,,,,,,,,
2885,,,,,,,,,
3170,,,,,,,,,
3092,,,,,,,,,
2955,,,,,,,,,
2872,,,,,,,,,
3133,,,,,,,,,
2995,,,,,,,,,
3033,,,,,,,,,
3197,,,,,,,,,
2886,,,,,,,,,
3153,,,,,,,,,
2912,,,,,,,,,
3052,,,,,,,,,
2966,,,,,,,,,
2861,,,,,,,,,
3007,,,,,,,,,
2828,,,,,,,,,
3072,,,,,,,,,
3101,,,,,,,,,
2943,,,,,,,,,
2956,,,,,,,,,
2942,,,,,,,,,
3171,,,,,,,,,
2839,,,,,,,,,
2967,,,,,,,,,
3017,,,,,,,,,
2846,,,,,,,,,
2896,,,,,,,,,
3079,,,,,,,,,
3083,,,,,,,,,
3154,,,,,,,,,
3136,,,,,,,,,
2877,,,,,,,,,
3064,,,,,,,,,
3102,,,,,,,,,
2906,,,,,,,,,
3198,,,,,,,,,
3043,,,,,,,,,
2996,,,,,,,,,
2887,,,,,,,,,
2866,,,,,,,,,
3107,,,,,,,,,
2947,,,,,,,,,
3018,,,,,,,,,
3163,,,,,,,,,
2977,,,,,,,,,
3093,,,,,,,,,
3073,,,,,,,,,
3049,,,,,,,,,
3138,,,,,,,,,
3190,,,,,,,,,
2837,,,,,,,,,
2927,,,,,,,,,
3147,,,,,,,,,
2997,,,,,,,,,
2847,,,,,,,,,
3025,,,,,,,,,
2907,,,,,,,,,
2972,,,,,,,,,
3008,,,,,,,,,
3192,,,,,,,,,
2908,,,,,,,,,
3172,,,,,,,,,
3065,,,,,,,,,
3084,,,,,,,,,
2829,,,,,,,,,
2878,,,,,,,,,
3199,,,,,,,,,
2936,,,,,,,,,
2854,,,,,,,,,
3103,,,,,,,,,
3034,,,,,,,,,
3053,,,,,,,,,
3134,,,,,,,,,
2998,,,,,,,,,
2897,,,,,,,,,
2957,,,,,,,,,
3054,,,,,,,,,
2830,,,,,,,,,
3035,,,,,,,,,
2999,,,,,,,,,
3074,,,,,,,,,
3135,,,,,,,,,
2928,,,,,,,,,
2893,,,,,,,,,
2862,,,,,,,,,
2978,,,,,,,,,
3104,,,,,,,,,
3148,,,,,,,,,
2909,,,,,,,,,
3164,,,,,,,,,
2948,,,,,,,,,
2867,,,,,,,,,
3094,,,,,,,,,
3185,,,,,,,,,
3009,,,,,,,,,
3010,,,,,,,,,
2863,,,,,,,,,
2831,,,,,,,,,
2979,,,,,,,,,
3191,,,,,,,,,
2953,,,,,,,,,
3120,,,,,,,,,
2933,,,,,,,,,
2993,,,,,,,,,
3143,,,,,,,,,
2917,,,,,,,,,
2868,,,,,,,,,
3125,,,,,,,,,
3055,,,,,,,,,
3186,,,,,,,,,
3036,,,,,,,,,
2888,,,,,,,,,
3168,,,,,,,,,
3075,,,,,,,,,
3141,,,,,,,,,
3126,,,,,,,,,
2910,,,,,,,,,
3026,,,,,,,,,
3200,,,,,,,,,
2848,,,,,,,,,
3019,,,,,,,,,
2988,,,,,,,,,
2968,,,,,,,,,
3044,,,,,,,,,
2937,,,,,,,,,
3066,,,,,,,,,
2958,,,,,,,,,
2882,,,,,,,,,
2898,,,,,,,,,
3105,,,,,,,,,
2840,,,,,,,,,
3085,,,,,,,,,
3173,,,,,,,,,
3098,,,,,,,,,
3056,,,,,,,,,
2855,,,,,,,,,
3139,,,,,,,,,
2889,,,,,,,,,
3149,,,,,,,,,
3187,,,,,,,,,
3076,,,,,,,,,
3011,,,,,,,,,
2918,,,,,,,,,
3114,,,,,,,,,
3002,,,,,,,,,
3165,,,,,,,,,
2949,,,,,,,,,
2834,,,,,,,,,
2929,,,,,,,,,
2869,,,,,,,,,
2980,,,,,,,,,
3037,,,,,,,,,
2938,,,,,,,,,
2890,,,,,,,,,
2969,,,,,,,,,
3106,,,,,,,,,
3000,,,,,,,,,
3027,,,,,,,,,
3045,,,,,,,,,
2870,,,,,,,,,
3155,,,,,,,,,
2849,,,,,,,,,
2959,,,,,,,,,
3020,,,,,,,,,
3077,,,,,,,,,
3174,,,,,,,,,
2913,,,,,,,,,
3095,,,,,,,,,
3137,,,,,,,,,
2838,,,,,,,,,
3201,,,,,,,,,
3194,,,,,,,,,
3202,,,,,,,,,
3001,,,,,,,,,
2891,,,,,,,,,
2871,,,,,,,,,
3046,,,,,,,,,
2841,,,,,,,,,
2919,,,,,,,,,
2939,,,,,,,,,
3021,,,,,,,,,
3175,,,,,,,,,
2973,,,,,,,,,
3096,,,,,,,,,
3028,,,,,,,,,
3115,,,,,,,,,
3180,,,,,,,,,
2960,,,,,,,,,
2850,,,,,,,,,
3156,,,,,,,,,
3203,,,,,,,,,
2961,,,,,,,,,
3086,,,,,,,,,
3047,,,,,,,,,
2940,,,,,,,,,
2842,,,,,,,,,
3029,,,,,,,,,
3116,,,,,,,,,
3130,,,,,,,,,
2989,,,,,,,,,
3067,,,,,,,,,
2851,,,,,,,,,
2923,,,,,,,,,
3193,,,,,,,,,
2899,,,,,,,,,
2879,,,,,,,,,
3176,,,,,,,,,
3023,,,,,,,,,
2970,,,,,,,,,
2832,,,,,,,,,
3108,,,,,,,,,
3058,,,,,,,,,
3188,,,,,,,,,
2911,,,,,,,,,
2930,,,,,,,,,
2880,,,,,,,,,
2983,,,,,,,,,
3038,,,,,,,,,
3127,,,,,,,,,
2903,,,,,,,,,
3087,,,,,,,,,
3012,,,,,,,,,
3068,,,,,,,,,
2990,,,,,,,,,
3166,,,,,,,,,
2950,,,,,,,,,
3150,,,,,,,,,
2856,,,,,,,,,
3003,,,,,,,,,
3177,,,,,,,,,
3140,,,,,,,,,
3078,,,,,,,,,
3158,,,,,,,,,
3117,,,,,,,,,
2920,,,,,,,,,
2857,,,,,,,,,
2833,,,,,,,,,
3097,,,,,,,,,
2971,,,,,,,,,
2962,,,,,,,,,
2892,,,,,,,,,
3204,,,,,,,,,
3013,,,,,,,,,
3039,,,,,,,,,
3057,,,,,,,,,
2941,,,,,,,,,
2873,,,,,,,,,
2921,,,,,,,,,
2991,,,,,,,,,
2900,,,,,,,,,
3022,,,,,,,,,
3109,,,,,,,,,
3089,,,,,,,,,
3151,,,,,,,,,
3128,,,,,,,,,
3118,,,,,,,,,
3167,,,,,,,,,
2843,,,,,,,,,
2883,,,,,,,,,
2951,,,,,,,,,
2852,,,,,,,,,
2981,,,,,,,,,
2931,,,,,,,,,
3189,,,,,,,,,
3048,,,,,,,,,
3069,,,,,,,,,
3356,,,,,,,,,
3285,,,,,,,,,
3254,,,,,,,,,
3314,,,,,,,,,
3383,,,,,,,,,
3484,,,,,,,,,
3575,,,,,,,,,
3466,,,,,,,,,
3558,,,,,,,,,
3216,,,,,,,,,
3221,,,,,,,,,
3421,,,,,,,,,
3334,,,,,,,,,
3393,,,,,,,,,
3372,,,,,,,,,
3445,,,,,,,,,
3515,,,,,,,,,
3533,,,,,,,,,
3561,,,,,,,,,
3503,,,,,,,,,
3271,,,,,,,,,
3298,,,,,,,,,
3295,,,,,,,,,
3455,,,,,,,,,
3413,,,,,,,,,
3438,,,,,,,,,
3282,,,,,,,,,
3371,,,,,,,,,
3543,,,,,,,,,
3338,,,,,,,,,
3384,,,,,,,,,
3228,,,,,,,,,
3318,,,,,,,,,
3532,,,,,,,,,
3563,,,,,,,,,
3247,,,,,,,,,
3394,,,,,,,,,
3474,,,,,,,,,
3439,,,,,,,,,
3485,,,,,,,,,
3252,,,,,,,,,
3414,,,,,,,,,
3542,,,,,,,,,
3395,,,,,,,,,
3255,,,,,,,,,
3576,,,,,,,,,
3494,,,,,,,,,
3357,,,,,,,,,
3307,,,,,,,,,
3319,,,,,,,,,
3219,,,,,,,,,
3339,,,,,,,,,
3559,,,,,,,,,
3524,,,,,,,,,
3385,,,,,,,,,
3222,,,,,,,,,
3283,,,,,,,,,
3572,,,,,,,,,
3516,,,,,,,,,
3475,,,,,,,,,
3362,,,,,,,,,
3415,,,,,,,,,
3496,,,,,,,,,
3308,,,,,,,,,
3328,,,,,,,,,
3534,,,,,,,,,
3386,,,,,,,,,
3396,,,,,,,,,
3230,,,,,,,,,
3435,,,,,,,,,
3217,,,,,,,,,
3275,,,,,,,,,
3241,,,,,,,,,
3265,,,,,,,,,
3549,,,,,,,,,
3456,,,,,,,,,
3525,,,,,,,,,
3432,,,,,,,,,
3374,,,,,,,,,
3506,,,,,,,,,
3476,,,,,,,,,
3436,,,,,,,,,
3205,,,,,,,,,
3239,,,,,,,,,
3403,,,,,,,,,
3248,,,,,,,,,
3266,,,,,,,,,
3299,,,,,,,,,
3463,,,,,,,,,
3276,,,,,,,,,
3340,,,,,,,,,
3544,,,,,,,,,
3564,,,,,,,,,
3350,,,,,,,,,
3327,,,,,,,,,
3231,,,,,,,,,
3577,,,,,,,,,
3329,,,,,,,,,
3381,,,,,,,,,
3348,,,,,,,,,
3517,,,,,,,,,
3535,,,,,,,,,
3487,,,,,,,,,
3315,,,,,,,,,
3440,,,,,,,,,
3277,,,,,,,,,
3369,,,,,,,,,
3550,,,,,,,,,
3260,,,,,,,,,
3213,,,,,,,,,
3404,,,,,,,,,
3497,,,,,,,,,
3495,,,,,,,,,
3430,,,,,,,,,
3267,,,,,,,,,
3375,,,,,,,,,
3206,,,,,,,,,
3351,,,,,,,,,
3286,,,,,,,,,
3305,,,,,,,,,
3507,,,,,,,,,
3410,,,,,,,,,
3423,,,,,,,,,
3565,,,,,,,,,
3242,,,,,,,,,
3341,,,,,,,,,
3482,,,,,,,,,
3526,,,,,,,,,
3545,,,,,,,,,
3320,,,,,,,,,
3457,,,,,,,,,
3446,,,,,,,,,
3232,,,,,,,,,
3464,,,,,,,,,
3287,,,,,,,,,
3571,,,,,,,,,
3527,,,,,,,,,
3397,,,,,,,,,
3324,,,,,,,,,
3363,,,,,,,,,
3498,,,,,,,,,
3447,,,,,,,,,
3483,,,,,,,,,
3546,,,,,,,,,
3243,,,,,,,,,
3387,,,,,,,,,
3223,,,,,,,,,
3300,,,,,,,,,
3345,,,,,,,,,
3416,,,,,,,,,
3215,,,,,,,,,
3268,,,,,,,,,
3244,,,,,,,,,
3448,,,,,,,,,
3458,,,,,,,,,
3560,,,,,,,,,
3388,,,,,,,,,
3272,,,,,,,,,
3224,,,,,,,,,
3352,,,,,,,,,
3291,,,,,,,,,
3346,,,,,,,,,
3566,,,,,,,,,
3477,,,,,,,,,
3402,,,,,,,,,
3417,,,,,,,,,
3321,,,,,,,,,
3301,,,,,,,,,
3220,,,,,,,,,
3512,,,,,,,,,
3528,,,,,,,,,
3342,,,,,,,,,
3508,,,,,,,,,
3249,,,,,,,,,
3325,,,,,,,,,
3225,,,,,,,,,
3529,,,,,,,,,
3218,,,,,,,,,
3278,,,,,,,,,
3441,,,,,,,,,
3273,,,,,,,,,
3389,,,,,,,,,
3459,,,,,,,,,
3567,,,,,,,,,
3562,,,,,,,,,
3358,,,,,,,,,
3478,,,,,,,,,
3398,,,,,,,,,
3418,,,,,,,,,
3306,,,,,,,,,
3431,,,,,,,,,
3335,,,,,,,,,
3504,,,,,,,,,
3233,,,,,,,,,
3472,,,,,,,,,
3292,,,,,,,,,
3261,,,,,,,,,
3373,,,,,,,,,
3551,,,,,,,,,
3488,,,,,,,,,
3370,,,,,,,,,
3453,,,,,,,,,
3518,,,,,,,,,
3578,,,,,,,,,
3376,,,,,,,,,
3207,,,,,,,,,
3540,,,,,,,,,
3316,,,,,,,,,
3405,,,,,,,,,
3434,,,,,,,,,
3552,,,,,,,,,
3519,,,,,,,,,
3208,,,,,,,,,
3493,,,,,,,,,
3449,,,,,,,,,
3467,,,,,,,,,
3330,,,,,,,,,
3256,,,,,,,,,
3234,,,,,,,,,
3509,,,,,,,,,
3288,,,,,,,,,
3536,,,,,,,,,
3251,,,,,,,,,
3424,,,,,,,,,
3353,,,,,,,,,
3309,,,,,,,,,
3579,,,,,,,,,
3377,,,,,,,,,
3382,,,,,,,,,
3235,,,,,,,,,
3573,,,,,,,,,
3406,,,,,,,,,
3520,,,,,,,,,
3513,,,,,,,,,
3553,,,,,,,,,
3468,,,,,,,,,
3360,,,,,,,,,
3580,,,,,,,,,
3279,,,,,,,,,
3442,,,,,,,,,
3317,,,,,,,,,
3354,,,,,,,,,
3489,,,,,,,,,
3425,,,,,,,,,
3336,,,,,,,,,
3257,,,,,,,,,
3209,,,,,,,,,
3574,,,,,,,,,
3469,,,,,,,,,
3426,,,,,,,,,
3289,,,,,,,,,
3581,,,,,,,,,
3343,,,,,,,,,
3361,,,,,,,,,
3236,,,,,,,,,
3214,,,,,,,,,
3258,,,,,,,,,
3302,,,,,,,,,
3322,,,,,,,,,
3433,,,,,,,,,
3510,,,,,,,,,
3411,,,,,,,,,
3378,,,,,,,,,
3450,,,,,,,,,
3490,,,,,,,,,
3355,,,,,,,,,
3210,,,,,,,,,
3537,,,,,,,,,
3554,,,,,,,,,
3427,,,,,,,,,
3454,,,,,,,,,
3568,,,,,,,,,
3310,,,,,,,,,
3407,,,,,,,,,
3465,,,,,,,,,
3337,,,,,,,,,
3460,,,,,,,,,
3479,,,,,,,,,
3499,,,,,,,,,
3364,,,,,,,,,
3237,,,,,,,,,
3269,,,,,,,,,
3294,,,,,,,,,
3521,,,,,,,,,
3245,,,,,,,,,
3480,,,,,,,,,
3311,,,,,,,,,
3365,,,,,,,,,
3451,,,,,,,,,
3555,,,,,,,,,
3399,,,,,,,,,
3331,,,,,,,,,
3514,,,,,,,,,
3541,,,,,,,,,
3500,,,,,,,,,
3419,,,,,,,,,
3264,,,,,,,,,
3274,,,,,,,,,
3246,,,,,,,,,
3390,,,,,,,,,
3461,,,,,,,,,
3229,,,,,,,,,
3293,,,,,,,,,
3569,,,,,,,,,
3280,,,,,,,,,
3263,,,,,,,,,
3312,,,,,,,,,
3470,,,,,,,,,
3332,,,,,,,,,
3226,,,,,,,,,
3538,,,,,,,,,
3556,,,,,,,,,
3522,,,,,,,,,
3296,,,,,,,,,
3400,,,,,,,,,
3501,,,,,,,,,
3412,,,,,,,,,
3422,,,,,,,,,
3491,,,,,,,,,
3582,,,,,,,,,
3366,,,,,,,,,
3391,,,,,,,,,
3443,,,,,,,,,
3303,,,,,,,,,
3408,,,,,,,,,
3238,,,,,,,,,
3486,,,,,,,,,
3259,,,,,,,,,
3359,,,,,,,,,
3583,,,,,,,,,
3379,,,,,,,,,
3428,,,,,,,,,
3211,,,,,,,,,
3326,,,,,,,,,
3530,,,,,,,,,
3547,,,,,,,,,
3281,,,,,,,,,
3437,,,,,,,,,
3473,,,,,,,,,
3511,,,,,,,,,
3253,,,,,,,,,
3344,,,,,,,,,
3323,,,,,,,,,
3212,,,,,,,,,
3409,,,,,,,,,
3347,,,,,,,,,
3505,,,,,,,,,
3250,,,,,,,,,
3284,,,,,,,,,
3429,,,,,,,,,
3367,,,,,,,,,
3380,,,,,,,,,
3531,,,,,,,,,
3462,,,,,,,,,
3570,,,,,,,,,
3270,,,,,,,,,
3304,,,,,,,,,
3444,,,,,,,,,
3240,,,,,,,,,
3481,,,,,,,,,
3548,,,,,,,,,
3368,,,,,,,,,
3349,,,,,,,,,
3452,,,,,,,,,
3584,,,,,,,,,
3539,,,,,,,,,
3297,,,,,,,,,
3392,,,,,,,,,
3492,,,,,,,,,
3313,,,,,,,,,
3523,,,,,,,,,
3227,,,,,,,,,
3420,,,,,,,,,
3401,,,,,,,,,
3502,,,,,,,,,
3471,,,,,,,,,
3262,,,,,,,,,
3290,,,,,,,,,
3557,,,,,,,,,
3333,,,,,,,,,
3734,,,,,,,,,
3592,,,,,,,,,
3684,,,,,,,,,
3643,,,,,,,,,
3870,,,,,,,,,
3794,,,,,,,,,
3892,,,,,,,,,
3833,,,,,,,,,
3953,,,,,,,,,
3792,,,,,,,,,
3623,,,,,,,,,
3914,,,,,,,,,
3764,,,,,,,,,
3704,,,,,,,,,
3954,,,,,,,,,
3667,,,,,,,,,
3714,,,,,,,,,
3605,,,,,,,,,
3820,,,,,,,,,
3895,,,,,,,,,
3871,,,,,,,,,
3840,,,,,,,,,
3795,,,,,,,,,
3625,,,,,,,,,
3916,,,,,,,,,
3650,,,,,,,,,
3705,,,,,,,,,
3668,,,,,,,,,
3593,,,,,,,,,
3607,,,,,,,,,
3875,,,,,,,,,
3784,,,,,,,,,
3744,,,,,,,,,
3682,,,,,,,,,
3944,,,,,,,,,
3812,,,,,,,,,
3754,,,,,,,,,
3724,,,,,,,,,
3810,,,,,,,,,
3642,,,,,,,,,
3596,,,,,,,,,
3694,,,,,,,,,
3765,,,,,,,,,
3843,,,,,,,,,
3774,,,,,,,,,
3719,,,,,,,,,
3612,,,,,,,,,
3861,,,,,,,,,
3685,,,,,,,,,
3842,,,,,,,,,
3934,,,,,,,,,
3653,,,,,,,,,
3925,,,,,,,,,
3905,,,,,,,,,
3735,,,,,,,,,
3885,,,,,,,,,
3955,,,,,,,,,
3876,,,,,,,,,
3698,,,,,,,,,
3813,,,,,,,,,
3926,,,,,,,,,
3906,,,,,,,,,
3626,,,,,,,,,
3720,,,,,,,,,
3736,,,,,,,,,
3651,,,,,,,,,
3608,,,,,,,,,
3864,,,,,,,,,
3771,,,,,,,,,
3796,,,,,,,,,
3673,,,,,,,,,
3844,,,,,,,,,
3585,,,,,,,,,
3669,,,,,,,,,
3945,,,,,,,,,
3785,,,,,,,,,
3935,,,,,,,,,
3619,,,,,,,,,
3834,,,,,,,,,
3745,,,,,,,,,
3597,,,,,,,,,
3725,,,,,,,,,
3824,,,,,,,,,
3802,,,,,,,,,
3763,,,,,,,,,
3633,,,,,,,,,
3896,,,,,,,,,
3854,,,,,,,,,
3956,,,,,,,,,
3775,,,,,,,,,
3654,,,,,,,,,
3693,,,,,,,,,
3894,,,,,,,,,
3706,,,,,,,,,
3917,,,,,,,,,
3634,,,,,,,,,
3855,,,,,,,,,
3918,,,,,,,,,
3732,,,,,,,,,
3814,,,,,,,,,
3586,,,,,,,,,
3845,,,,,,,,,
3957,,,,,,,,,
3897,,,,,,,,,
3746,,,,,,,,,
3755,,,,,,,,,
3655,,,,,,,,,
3680,,,,,,,,,
3877,,,,,,,,,
3936,,,,,,,,,
3699,,,,,,,,,
3606,,,,,,,,,
3786,,,,,,,,,
3822,,,,,,,,,
3620,,,,,,,,,
3766,,,,,,,,,
3707,,,,,,,,,
3856,,,,,,,,,
3907,,,,,,,,,
3803,,,,,,,,,
3927,,,,,,,,,
3937,,,,,,,,,
3825,,,,,,,,,
3958,,,,,,,,,
3886,,,,,,,,,
3595,,,,,,,,,
3715,,,,,,,,,
3635,,,,,,,,,
3776,,,,,,,,,
3737,,,,,,,,,
3835,,,,,,,,,
3686,,,,,,,,,
3656,,,,,,,,,
3674,,,,,,,,,
3938,,,,,,,,,
3609,,,,,,,,,
3756,,,,,,,,,
3787,,,,,,,,,
3708,,,,,,,,,
3747,,,,,,,,,
3657,,,,,,,,,
3836,,,,,,,,,
3919,,,,,,,,,
3797,,,,,,,,,
3959,,,,,,,,,
3636,,,,,,,,,
3903,,,,,,,,,
3857,,,,,,,,,
3815,,,,,,,,,
3587,,,,,,,,,
3726,,,,,,,,,
3878,,,,,,,,,
3700,,,,,,,,,
3846,,,,,,,,,
3760,,,,,,,,,
3904,,,,,,,,,
3588,,,,,,,,,
3670,,,,,,,,,
3652,,,,,,,,,
3946,,,,,,,,,
3748,,,,,,,,,
3727,,,,,,,,,
3788,,,,,,,,,
3675,,,,,,,,,
3821,,,,,,,,,
3920,,,,,,,,,
3879,,,,,,,,,
3865,,,,,,,,,
3627,,,,,,,,,
3853,,,,,,,,,
3683,,,,,,,,,
3658,,,,,,,,,
3960,,,,,,,,,
3798,,,,,,,,,
3939,,,,,,,,,
3721,,,,,,,,,
3740,,,,,,,,,
3789,,,,,,,,,
3701,,,,,,,,,
3933,,,,,,,,,
3676,,,,,,,,,
3589,,,,,,,,,
3637,,,,,,,,,
3880,,,,,,,,,
3858,,,,,,,,,
3767,,,,,,,,,
3610,,,,,,,,,
3908,,,,,,,,,
3816,,,,,,,,,
3847,,,,,,,,,
3828,,,,,,,,,
3804,,,,,,,,,
3628,,,,,,,,,
3777,,,,,,,,,
3874,,,,,,,,,
3928,,,,,,,,,
3671,,,,,,,,,
3772,,,,,,,,,
3909,,,,,,,,,
3893,,,,,,,,,
3947,,,,,,,,,
3741,,,,,,,,,
3848,,,,,,,,,
3621,,,,,,,,,
3598,,,,,,,,,
3722,,,,,,,,,
3687,,,,,,,,,
3644,,,,,,,,,
3695,,,,,,,,,
3859,,,,,,,,,
3778,,,,,,,,,
3882,,,,,,,,,
3640,,,,,,,,,
3738,,,,,,,,,
3716,,,,,,,,,
3677,,,,,,,,,
3613,,,,,,,,,
3829,,,,,,,,,
3805,,,,,,,,,
3659,,,,,,,,,
3709,,,,,,,,,
3910,,,,,,,,,
3599,,,,,,,,,
3961,,,,,,,,,
3929,,,,,,,,,
3773,,,,,,,,,
3837,,,,,,,,,
3942,,,,,,,,,
3749,,,,,,,,,
3688,,,,,,,,,
3790,,,,,,,,,
3921,,,,,,,,,
3629,,,,,,,,,
3948,,,,,,,,,
3817,,,,,,,,,
3672,,,,,,,,,
3887,,,,,,,,,
3872,,,,,,,,,
3898,,,,,,,,,
3851,,,,,,,,,
3622,,,,,,,,,
3728,,,,,,,,,
3696,,,,,,,,,
3799,,,,,,,,,
3645,,,,,,,,,
3590,,,,,,,,,
3757,,,,,,,,,
3922,,,,,,,,,
3826,,,,,,,,,
3646,,,,,,,,,
3614,,,,,,,,,
3663,,,,,,,,,
3888,,,,,,,,,
3758,,,,,,,,,
3866,,,,,,,,,
3600,,,,,,,,,
3689,,,,,,,,,
3710,,,,,,,,,
3729,,,,,,,,,
3779,,,,,,,,,
3873,,,,,,,,,
3806,,,,,,,,,
3624,,,,,,,,,
3949,,,,,,,,,
3899,,,,,,,,,
3750,,,,,,,,,
3852,,,,,,,,,
3930,,,,,,,,,
3950,,,,,,,,,
3889,,,,,,,,,
3823,,,,,,,,,
3690,,,,,,,,,
3867,,,,,,,,,
3742,,,,,,,,,
3768,,,,,,,,,
3630,,,,,,,,,
3800,,,,,,,,,
3818,,,,,,,,,
3911,,,,,,,,,
3703,,,,,,,,,
3717,,,,,,,,,
3647,,,,,,,,,
3793,,,,,,,,,
3664,,,,,,,,,
3594,,,,,,,,,
3730,,,,,,,,,
3890,,,,,,,,,
3751,,,,,,,,,
3711,,,,,,,,,
3951,,,,,,,,,
3648,,,,,,,,,
3611,,,,,,,,,
3631,,,,,,,,,
3691,,,,,,,,,
3923,,,,,,,,,
3819,,,,,,,,,
3665,,,,,,,,,
3838,,,,,,,,,
3591,,,,,,,,,
3759,,,,,,,,,
3791,,,,,,,,,
3801,,,,,,,,,
3868,,,,,,,,,
3900,,,,,,,,,
3962,,,,,,,,,
3660,,,,,,,,,
3731,,,,,,,,,
3807,,,,,,,,,
3881,,,,,,,,,
3839,,,,,,,,,
3901,,,,,,,,,
3601,,,,,,,,,
3638,,,,,,,,,
3780,,,,,,,,,
3761,,,,,,,,,
3753,,,,,,,,,
3615,,,,,,,,,
3860,,,,,,,,,
3940,,,,,,,,,
3827,,,,,,,,,
3712,,,,,,,,,
3924,,,,,,,,,
3678,,,,,,,,,
3762,,,,,,,,,
3602,,,,,,,,,
3902,,,,,,,,,
3963,,,,,,,,,
3681,,,,,,,,,
3781,,,,,,,,,
3702,,,,,,,,,
3811,,,,,,,,,
3863,,,,,,,,,
3733,,,,,,,,,
3883,,,,,,,,,
3915,,,,,,,,,
3943,,,,,,,,,
3661,,,,,,,,,
3830,,,,,,,,,
3616,,,,,,,,,
3849,,,,,,,,,
3752,,,,,,,,,
3641,,,,,,,,,
3782,,,,,,,,,
3718,,,,,,,,,
3679,,,,,,,,,
3662,,,,,,,,,
3850,,,,,,,,,
3831,,,,,,,,,
3884,,,,,,,,,
3912,,,,,,,,,
3617,,,,,,,,,
3603,,,,,,,,,
3941,,,,,,,,,
3697,,,,,,,,,
3808,,,,,,,,,
3739,,,,,,,,,
3964,,,,,,,,,
3639,,,,,,,,,
3769,,,,,,,,,
3931,,,,,,,,,
3862,,,,,,,,,
3604,,,,,,,,,
3913,,,,,,,,,
3666,,,,,,,,,
3832,,,,,,,,,
3770,,,,,,,,,
3618,,,,,,,,,
3952,,,,,,,,,
3692,,,,,,,,,
3783,,,,,,,,,
3713,,,,,,,,,
3841,,,,,,,,,
3649,,,,,,,,,
3723,,,,,,,,,
3932,,,,,,,,,
3809,,,,,,,,,
3743,,,,,,,,,
3891,,,,,,,,,
3869,,,,,,,,,
3632,,,,,,,,,
3990,,,,,,,,,
4313,,,,,,,,,
4122,,,,,,,,,
4245,,,,,,,,,
4223,,,,,,,,,
4044,,,,,,,,,
3965,,,,,,,,,
4101,,,,,,,,,
4292,,,,,,,,,
4335,,,,,,,,,
4273,,,,,,,,,
4192,,,,,,,,,
4262,,,,,,,,,
4163,,,,,,,,,
4023,,,,,,,,,
4003,,,,,,,,,
4204,,,,,,,,,
4075,,,,,,,,,
4133,,,,,,,,,
4180,,,,,,,,,
4221,,,,,,,,,
4246,,,,,,,,,
4041,,,,,,,,,
4013,,,,,,,,,
4283,,,,,,,,,
4055,,,,,,,,,
4143,,,,,,,,,
4194,,,,,,,,,
3993,,,,,,,,,
3983,,,,,,,,,
4270,,,,,,,,,
4336,,,,,,,,,
4076,,,,,,,,,
4301,,,,,,,,,
4153,,,,,,,,,
4095,,,,,,,,,
4320,,,,,,,,,
4123,,,,,,,,,
4085,,,,,,,,,
4050,,,,,,,,,
4105,,,,,,,,,
4232,,,,,,,,,
4074,,,,,,,,,
4043,,,,,,,,,
4207,,,,,,,,,
4010,,,,,,,,,
4255,,,,,,,,,
4234,,,,,,,,,
4324,,,,,,,,,
4134,,,,,,,,,
4275,,,,,,,,,
4231,,,,,,,,,
4184,,,,,,,,,
4024,,,,,,,,,
4164,,,,,,,,,
3966,,,,,,,,,
4309,,,,,,,,,
4235,,,,,,,,,
4125,,,,,,,,,
4337,,,,,,,,,
4165,,,,,,,,,
4053,,,,,,,,,
4193,,,,,,,,,
4084,,,,,,,,,
4029,,,,,,,,,
4276,,,,,,,,,
4293,,,,,,,,,
4004,,,,,,,,,
3985,,,,,,,,,
4314,,,,,,,,,
4135,,,,,,,,,
4208,,,,,,,,,
4256,,,,,,,,,
4224,,,,,,,,,
4096,,,,,,,,,
3967,,,,,,,,,
4126,,,,,,,,,
4277,,,,,,,,,
4056,,,,,,,,,
3975,,,,,,,,,
3994,,,,,,,,,
4236,,,,,,,,,
4097,,,,,,,,,
4338,,,,,,,,,
4321,,,,,,,,,
4144,,,,,,,,,
4195,,,,,,,,,
4214,,,,,,,,,
4154,,,,,,,,,
4005,,,,,,,,,
4263,,,,,,,,,
4173,,,,,,,,,
4077,,,,,,,,,
4294,,,,,,,,,
4025,,,,,,,,,
4063,,,,,,,,,
4257,,,,,,,,,
4295,,,,,,,,,
4215,,,,,,,,,
4185,,,,,,,,,
4136,,,,,,,,,
3986,,,,,,,,,
4078,,,,,,,,,
4098,,,,,,,,,
4315,,,,,,,,,
4030,,,,,,,,,
3972,,,,,,,,,
4006,,,,,,,,,
4237,,,,,,,,,
4127,,,,,,,,,
4278,,,,,,,,,
4339,,,,,,,,,
4209,,,,,,,,,
4166,,,,,,,,,
4216,,,,,,,,,
4026,,,,,,,,,
4181,,,,,,,,,
3995,,,,,,,,,
4115,,,,,,,,,
4202,,,,,,,,,
4296,,,,,,,,,
4247,,,,,,,,,
4340,,,,,,,,,
3976,,,,,,,,,
4155,,,,,,,,,
4057,,,,,,,,,
4102,,,,,,,,,
4279,,,,,,,,,
4081,,,,,,,,,
4145,,,,,,,,,
4316,,,,,,,,,
4007,,,,,,,,,
4258,,,,,,,,,
4156,,,,,,,,,
4225,,,,,,,,,
4146,,,,,,,,,
4303,,,,,,,,,
4325,,,,,,,,,
4174,,,,,,,,,
4065,,,,,,,,,
3977,,,,,,,,,
4031,,,,,,,,,
4128,,,,,,,,,
3996,,,,,,,,,
4113,,,,,,,,,
4196,,,,,,,,,
4259,,,,,,,,,
4008,,,,,,,,,
4238,,,,,,,,,
4051,,,,,,,,,
4274,,,,,,,,,
4086,,,,,,,,,
4332,,,,,,,,,
4210,,,,,,,,,
4265,,,,,,,,,
4284,,,,,,,,,
4106,,,,,,,,,
4304,,,,,,,,,
4129,,,,,,,,,
4167,,,,,,,,,
4239,,,,,,,,,
4033,,,,,,,,,
4072,,,,,,,,,
4014,,,,,,,,,
4226,,,,,,,,,
3968,,,,,,,,,
4054,,,,,,,,,
4094,,,,,,,,,
4137,,,,,,,,,
4186,,,,,,,,,
4045,,,,,,,,,
4066,,,,,,,,,
4138,,,,,,,,,
4015,,,,,,,,,
4034,,,,,,,,,
4087,,,,,,,,,
4326,,,,,,,,,
4107,,,,,,,,,
4290,,,,,,,,,
4124,,,,,,,,,
4272,,,,,,,,,
4229,,,,,,,,,
4254,,,,,,,,,
4046,,,,,,,,,
4187,,,,,,,,,
3973,,,,,,,,,
4310,,,,,,,,,
3987,,,,,,,,,
4168,,,,,,,,,
4205,,,,,,,,,
4108,,,,,,,,,
4188,,,,,,,,,
4116,,,,,,,,,
4073,,,,,,,,,
4206,,,,,,,,,
4088,,,,,,,,,
4171,,,,,,,,,
4248,,,,,,,,,
4280,,,,,,,,,
4012,,,,,,,,,
4264,,,,,,,,,
4305,,,,,,,,,
4027,,,,,,,,,
3988,,,,,,,,,
4139,,,,,,,,,
4327,,,,,,,,,
3969,,,,,,,,,
4052,,,,,,,,,
4227,,,,,,,,,
4035,,,,,,,,,
4169,,,,,,,,,
4103,,,,,,,,,
4271,,,,,,,,,
4140,,,,,,,,,
4285,,,,,,,,,
3974,,,,,,,,,
4189,,,,,,,,,
4297,,,,,,,,,
4058,,,,,,,,,
4016,,,,,,,,,
4211,,,,,,,,,
4082,,,,,,,,,
4322,,,,,,,,,
4341,,,,,,,,,
4244,,,,,,,,,
4117,,,,,,,,,
3991,,,,,,,,,
4249,,,,,,,,,
4001,,,,,,,,,
4011,,,,,,,,,
4203,,,,,,,,,
4175,,,,,,,,,
4047,,,,,,,,,
4157,,,,,,,,,
4228,,,,,,,,,
4342,,,,,,,,,
4260,,,,,,,,,
4132,,,,,,,,,
4083,,,,,,,,,
4147,,,,,,,,,
4240,,,,,,,,,
4104,,,,,,,,,
4317,,,,,,,,,
3978,,,,,,,,,
4298,,,,,,,,,
4032,,,,,,,,,
4281,,,,,,,,,
4021,,,,,,,,,
4109,,,,,,,,,
4036,,,,,,,,,
4089,,,,,,,,,
3970,,,,,,,,,
4302,,,,,,,,,
4328,,,,,,,,,
4141,,,,,,,,,
4059,,,,,,,,,
4217,,,,,,,,,
4291,,,,,,,,,
4306,,,,,,,,,
4118,,,,,,,,,
4212,,,,,,,,,
4172,,,,,,,,,
4067,,,,,,,,,
4190,,,,,,,,,
4250,,,,,,,,,
3992,,,,,,,,,
3984,,,,,,,,,
4307,,,,,,,,,
4251,,,,,,,,,
4197,,,,,,,,,
4266,,,,,,,,,
4119,,,,,,,,,
4042,,,,,,,,,
4022,,,,,,,,,
4158,,,,,,,,,
3997,,,,,,,,,
4176,,,,,,,,,
4090,,,,,,,,,
4329,,,,,,,,,
4148,,,,,,,,,
4048,,,,,,,,,
4110,,,,,,,,,
4286,,,,,,,,,
4233,,,,,,,,,
4068,,,,,,,,,
4282,,,,,,,,,
4069,,,,,,,,,
3998,,,,,,,,,
4149,,,,,,,,,
4017,,,,,,,,,
4252,,,,,,,,,
4311,,,,,,,,,
4267,,,,,,,,,
4182,,,,,,,,,
4159,,,,,,,,,
4198,,,,,,,,,
4111,,,,,,,,,
4091,,,,,,,,,
3979,,,,,,,,,
4218,,,,,,,,,
4060,,,,,,,,,
4037,,,,,,,,,
4120,,,,,,,,,
4333,,,,,,,,,
4323,,,,,,,,,
3971,,,,,,,,,
4287,,,,,,,,,
4018,,,,,,,,,
3989,,,,,,,,,
4038,,,,,,,,,
4213,,,,,,,,,
4121,,,,,,,,,
4318,,,,,,,,,
4079,,,,,,,,,
4099,,,,,,,,,
4049,,,,,,,,,
4170,,,,,,,,,
4299,,,,,,,,,
4343,,,,,,,,,
4230,,,,,,,,,
4253,,,,,,,,,
4142,,,,,,,,,
4191,,,,,,,,,
4152,,,,,,,,,
4330,,,,,,,,,
3980,,,,,,,,,
4061,,,,,,,,,
4308,,,,,,,,,
4114,,,,,,,,,
4092,,,,,,,,,
4219,,,,,,,,,
4199,,,,,,,,,
4177,,,,,,,,,
4160,,,,,,,,,
4241,,,,,,,,,
4070,,,,,,,,,
4002,,,,,,,,,
4028,,,,,,,,,
4334,,,,,,,,,
4130,,,,,,,,,
4261,,,,,,,,,
4009,,,,,,,,,
4312,,,,,,,,,
4093,,,,,,,,,
4161,,,,,,,,,
4331,,,,,,,,,
4071,,,,,,,,,
4150,,,,,,,,,
4268,,,,,,,,,
4039,,,,,,,,,
3999,,,,,,,,,
3981,,,,,,,,,
4222,,,,,,,,,
4178,,,,,,,,,
4288,,,,,,,,,
4131,,,,,,,,,
4064,,,,,,,,,
4242,,,,,,,,,
4200,,,,,,,,,
4019,,,,,,,,,
4112,,,,,,,,,
4201,,,,,,,,,
4243,,,,,,,,,
4080,,,,,,,,,
4162,,,,,,,,,
4289,,,,,,,,,
3982,,,,,,,,,
4020,,,,,,,,,
4319,,,,,,,,,
4220,,,,,,,,,
4151,,,,,,,,,
4062,,,,,,,,,
4183,,,,,,,,,
4040,,,,,,,,,
4179,,,,,,,,,
4300,,,,,,,,,
4100,,,,,,,,,
4000,,,,,,,,,
4269,,,,,,,,,
4344,,,,,,,,,
4424,,,,,,,,,
4494,,,,,,,,,
4367,,,,,,,,,
4394,,,,,,,,,
4414,,,,,,,,,
4511,,,,,,,,,
4611,,,,,,,,,
4714,,,,,,,,,
4525,,,,,,,,,
4712,,,,,,,,,
4559,,,,,,,,,
4585,,,,,,,,,
4363,,,,,,,,,
4583,,,,,,,,,
4644,,,,,,,,,
4621,,,,,,,,,
4444,,,,,,,,,
4689,,,,,,,,,
4474,,,,,,,,,
4595,,,,,,,,,
4512,,,,,,,,,
4545,,,,,,,,,
4680,,,,,,,,,
4672,,,,,,,,,
4384,,,,,,,,,
4404,,,,,,,,,
4613,,,,,,,,,
4434,,,,,,,,,
4495,,,,,,,,,
4703,,,,,,,,,
4535,,,,,,,,,
4622,,,,,,,,,
4373,,,,,,,,,
4565,,,,,,,,,
4454,,,,,,,,,
4345,,,,,,,,,
4483,,,,,,,,,
4661,,,,,,,,,
4715,,,,,,,,,
4641,,,,,,,,,
4692,,,,,,,,,
4560,,,,,,,,,
4395,,,,,,,,,
4355,,,,,,,,,
4445,,,,,,,,,
4464,,,,,,,,,
4575,,,,,,,,,
4605,,,,,,,,,
4365,,,,,,,,,
4425,,,,,,,,,
4526,,,,,,,,,
4420,,,,,,,,,
4484,,,,,,,,,
4664,,,,,,,,,
4590,,,,,,,,,
4645,,,,,,,,,
4515,,,,,,,,,
4634,,,,,,,,,
4415,,,,,,,,,
4482,,,,,,,,,
4584,,,,,,,,,
4555,,,,,,,,,
4591,,,,,,,,,
4673,,,,,,,,,
4516,,,,,,,,,
4704,,,,,,,,,
4446,,,,,,,,,
4681,,,,,,,,,
4374,,,,,,,,,
4426,,,,,,,,,
4527,,,,,,,,,
4606,,,,,,,,,
4396,,,,,,,,,
4654,,,,,,,,,
4496,,,,,,,,,
4346,,,,,,,,,
4566,,,,,,,,,
4465,,,,,,,,,
4405,,,,,,,,,
4536,,,,,,,,,
4347,,,,,,,,,
4693,,,,,,,,,
4427,,,,,,,,,
4716,,,,,,,,,
4655,,,,,,,,,
4381,,,,,,,,,
4517,,,,,,,,,
4385,,,,,,,,,
4607,,,,,,,,,
4452,,,,,,,,,
4635,,,,,,,,,
4485,,,,,,,,,
4670,,,,,,,,,
4586,,,,,,,,,
4546,,,,,,,,,
4547,,,,,,,,,
4368,,,,,,,,,
4567,,,,,,,,,
4413,,,,,,,,,
4665,,,,,,,,,
4486,,,,,,,,,
4717,,,,,,,,,
4537,,,,,,,,,
4524,,,,,,,,,
4587,,,,,,,,,
4646,,,,,,,,,
4699,,,,,,,,,
4447,,,,,,,,,
4432,,,,,,,,,
4466,,,,,,,,,
4356,,,,,,,,,
4393,,,,,,,,,
4632,,,,,,,,,
4636,,,,,,,,,
4674,,,,,,,,,
4528,,,,,,,,,
4656,,,,,,,,,
4435,,,,,,,,,
4475,,,,,,,,,
4705,,,,,,,,,
4637,,,,,,,,,
4455,,,,,,,,,
4682,,,,,,,,,
4421,,,,,,,,,
4603,,,,,,,,,
4353,,,,,,,,,
4561,,,,,,,,,
4497,,,,,,,,,
4518,,,,,,,,,
4576,,,,,,,,,
4375,,,,,,,,,
4400,,,,,,,,,
4631,,,,,,,,,
4456,,,,,,,,,
4556,,,,,,,,,
4614,,,,,,,,,
4504,,,,,,,,,
4596,,,,,,,,,
4502,,,,,,,,,
4366,,,,,,,,,
4357,,,,,,,,,
4423,,,,,,,,,
4683,,,,,,,,,
4397,,,,,,,,,
4623,,,,,,,,,
4647,,,,,,,,,
4476,,,,,,,,,
4666,,,,,,,,,
4529,,,,,,,,,
4706,,,,,,,,,
4577,,,,,,,,,
4436,,,,,,,,,
4354,,,,,,,,,
4448,,,,,,,,,
4684,,,,,,,,,
4628,,,,,,,,,
4498,,,,,,,,,
4578,,,,,,,,,
4608,,,,,,,,,
4662,,,,,,,,,
4477,,,,,,,,,
4505,,,,,,,,,
4530,,,,,,,,,
4675,,,,,,,,,
4401,,,,,,,,,
4707,,,,,,,,,
4592,,,,,,,,,
4562,,,,,,,,,
4428,,,,,,,,,
4416,,,,,,,,,
4376,,,,,,,,,
4386,,,,,,,,,
4593,,,,,,,,,
4538,,,,,,,,,
4487,,,,,,,,,
4358,,,,,,,,,
4624,,,,,,,,,
4467,,,,,,,,,
4548,,,,,,,,,
4694,,,,,,,,,
4429,,,,,,,,,
4667,,,,,,,,,
4513,,,,,,,,,
4369,,,,,,,,,
4702,,,,,,,,,
4718,,,,,,,,,
4652,,,,,,,,,
4406,,,,,,,,,
4449,,,,,,,,,
4573,,,,,,,,,
4491,,,,,,,,,
4719,,,,,,,,,
4457,,,,,,,,,
4633,,,,,,,,,
4648,,,,,,,,,
4437,,,,,,,,,
4549,,,,,,,,,
4468,,,,,,,,,
4642,,,,,,,,,
4597,,,,,,,,,
4359,,,,,,,,,
4568,,,,,,,,,
4695,,,,,,,,,
4522,,,,,,,,,
4407,,,,,,,,,
4514,,,,,,,,,
4539,,,,,,,,,
4668,,,,,,,,,
4387,,,,,,,,,
4408,,,,,,,,,
4488,,,,,,,,,
4676,,,,,,,,,
4469,,,,,,,,,
4630,,,,,,,,,
4377,,,,,,,,,
4430,,,,,,,,,
4569,,,,,,,,,
4388,,,,,,,,,
4348,,,,,,,,,
4657,,,,,,,,,
4610,,,,,,,,,
4720,,,,,,,,,
4594,,,,,,,,,
4453,,,,,,,,,
4696,,,,,,,,,
4550,,,,,,,,,
4506,,,,,,,,,
4540,,,,,,,,,
4440,,,,,,,,,
4579,,,,,,,,,
4598,,,,,,,,,
4649,,,,,,,,,
4531,,,,,,,,,
4478,,,,,,,,,
4713,,,,,,,,,
4519,,,,,,,,,
4382,,,,,,,,,
4638,,,,,,,,,
4403,,,,,,,,,
4461,,,,,,,,,
4422,,,,,,,,,
4687,,,,,,,,,
4360,,,,,,,,,
4615,,,,,,,,,
4499,,,,,,,,,
4563,,,,,,,,,
4708,,,,,,,,,
4658,,,,,,,,,
4520,,,,,,,,,
4389,,,,,,,,,
4599,,,,,,,,,
4462,,,,,,,,,
4618,,,,,,,,,
4409,,,,,,,,,
4378,,,,,,,,,
4574,,,,,,,,,
4671,,,,,,,,,
4479,,,,,,,,,
4503,,,,,,,,,
4551,,,,,,,,,
4349,,,,,,,,,
4541,,,,,,,,,
4441,,,,,,,,,
4643,,,,,,,,,
4709,,,,,,,,,
4685,,,,,,,,,
4544,,,,,,,,,
4650,,,,,,,,,
4552,,,,,,,,,
4390,,,,,,,,,
4619,,,,,,,,,
4600,,,,,,,,,
4721,,,,,,,,,
4697,,,,,,,,,
4492,,,,,,,,,
4463,,,,,,,,,
4625,,,,,,,,,
4442,,,,,,,,,
4472,,,,,,,,,
4691,,,,,,,,,
4370,,,,,,,,,
4507,,,,,,,,,
4570,,,,,,,,,
4361,,,,,,,,,
4410,,,,,,,,,
4379,,,,,,,,,
4398,,,,,,,,,
4710,,,,,,,,,
4458,,,,,,,,,
4508,,,,,,,,,
4686,,,,,,,,,
4626,,,,,,,,,
4350,,,,,,,,,
4438,,,,,,,,,
4500,,,,,,,,,
4557,,,,,,,,,
4620,,,,,,,,,
4659,,,,,,,,,
4580,,,,,,,,,
4677,,,,,,,,,
4417,,,,,,,,,
4480,,,,,,,,,
4532,,,,,,,,,
4601,,,,,,,,,
4523,,,,,,,,,
4609,,,,,,,,,
4351,,,,,,,,,
4571,,,,,,,,,
4711,,,,,,,,,
4660,,,,,,,,,
4542,,,,,,,,,
4391,,,,,,,,,
4412,,,,,,,,,
4383,,,,,,,,,
4678,,,,,,,,,
4481,,,,,,,,,
4450,,,,,,,,,
4588,,,,,,,,,
4639,,,,,,,,,
4553,,,,,,,,,
4688,,,,,,,,,
4433,,,,,,,,,
4501,,,,,,,,,
4616,,,,,,,,,
4669,,,,,,,,,
4443,,,,,,,,,
4362,,,,,,,,,
4371,,,,,,,,,
4533,,,,,,,,,
4651,,,,,,,,,
4489,,,,,,,,,
4604,,,,,,,,,
4564,,,,,,,,,
4581,,,,,,,,,
4418,,,,,,,,,
4722,,,,,,,,,
4509,,,,,,,,,
4402,,,,,,,,,
4698,,,,,,,,,
4470,,,,,,,,,
4627,,,,,,,,,
4459,,,,,,,,,
4471,,,,,,,,,
4700,,,,,,,,,
4380,,,,,,,,,
4723,,,,,,,,,
4439,,,,,,,,,
4460,,,,,,,,,
4572,,,,,,,,,
4543,,,,,,,,,
4554,,,,,,,,,
4617,,,,,,,,,
4352,,,,,,,,,
4640,,,,,,,,,
4411,,,,,,,,,
4493,,,,,,,,,
4663,,,,,,,,,
4392,,,,,,,,,
4602,,,,,,,,,
4521,,,,,,,,,
4679,,,,,,,,,
4701,,,,,,,,,
4364,,,,,,,,,
4629,,,,,,,,,
4690,,,,,,,,,
4419,,,,,,,,,
4510,,,,,,,,,
4451,,,,,,,,,
4589,,,,,,,,,
4653,,,,,,,,,
4399,,,,,,,,,
4534,,,,,,,,,
4582,,,,,,,,,
4490,,,,,,,,,
4473,,,,,,,,,
4558,,,,,,,,,
4431,,,,,,,,,
4724,,,,,,,,,
4612,,,,,,,,,
4372,,,,,,,,,
5033,,,,,,,,,
4796,,,,,,,,,
4850,,,,,,,,,
4970,,,,,,,,,
5013,,,,,,,,,
4890,,,,,,,,,
4780,,,,,,,,,
4748,,,,,,,,,
5009,,,,,,,,,
4811,,,,,,,,,
4927,,,,,,,,,
4929,,,,,,,,,
4733,,,,,,,,,
4902,,,,,,,,,
4831,,,,,,,,,
5072,,,,,,,,,
5055,,,,,,,,,
4953,,,,,,,,,
5095,,,,,,,,,
4909,,,,,,,,,
5062,,,,,,,,,
4752,,,,,,,,,
4725,,,,,,,,,
4851,,,,,,,,,
4954,,,,,,,,,
4892,,,,,,,,,
5023,,,,,,,,,
4832,,,,,,,,,
5078,,,,,,,,,
4883,,,,,,,,,
4797,,,,,,,,,
4971,,,,,,,,,
4992,,,,,,,,,
5096,,,,,,,,,
4771,,,,,,,,,
5048,,,,,,,,,
4930,,,,,,,,,
4812,,,,,,,,,
4959,,,,,,,,,
4808,,,,,,,,,
5071,,,,,,,,,
5043,,,,,,,,,
4761,,,,,,,,,
5034,,,,,,,,,
4821,,,,,,,,,
4871,,,,,,,,,
4781,,,,,,,,,
4735,,,,,,,,,
4903,,,,,,,,,
4745,,,,,,,,,
5080,,,,,,,,,
4939,,,,,,,,,
4984,,,,,,,,,
5014,,,,,,,,,
5002,,,,,,,,,
4870,,,,,,,,,
4919,,,,,,,,,
4985,,,,,,,,,
5003,,,,,,,,,
4813,,,,,,,,,
4931,,,,,,,,,
4833,,,,,,,,,
5091,,,,,,,,,
4861,,,,,,,,,
4736,,,,,,,,,
5063,,,,,,,,,
5097,,,,,,,,,
4955,,,,,,,,,
5015,,,,,,,,,
4776,,,,,,,,,
4920,,,,,,,,,
4981,,,,,,,,,
4749,,,,,,,,,
4791,,,,,,,,,
4872,,,,,,,,,
5042,,,,,,,,,
4862,,,,,,,,,
4873,,,,,,,,,
5098,,,,,,,,,
4769,,,,,,,,,
5073,,,,,,,,,
5056,,,,,,,,,
4743,,,,,,,,,
4989,,,,,,,,,
4921,,,,,,,,,
4940,,,,,,,,,
5035,,,,,,,,,
5092,,,,,,,,,
4750,,,,,,,,,
4782,,,,,,,,,
5016,,,,,,,,,
4840,,,,,,,,,
4817,,,,,,,,,
5004,,,,,,,,,
4960,,,,,,,,,
4893,,,,,,,,,
4986,,,,,,,,,
4932,,,,,,,,,
5081,,,,,,,,,
4822,,,,,,,,,
4772,,,,,,,,,
5044,,,,,,,,,
4810,,,,,,,,,
4969,,,,,,,,,
4869,,,,,,,,,
4841,,,,,,,,,
5010,,,,,,,,,
5028,,,,,,,,,
5064,,,,,,,,,
4874,,,,,,,,,
4792,,,,,,,,,
4949,,,,,,,,,
4910,,,,,,,,,
4737,,,,,,,,,
4744,,,,,,,,,
4783,,,,,,,,,
4911,,,,,,,,,
4823,,,,,,,,,
4801,,,,,,,,,
4946,,,,,,,,,
5065,,,,,,,,,
4894,,,,,,,,,
4967,,,,,,,,,
5024,,,,,,,,,
5082,,,,,,,,,
4863,,,,,,,,,
4842,,,,,,,,,
4987,,,,,,,,,
4762,,,,,,,,,
5005,,,,,,,,,
4751,,,,,,,,,
5049,,,,,,,,,
4875,,,,,,,,,
4941,,,,,,,,,
5017,,,,,,,,,
5074,,,,,,,,,
4972,,,,,,,,,
4884,,,,,,,,,
4922,,,,,,,,,
4818,,,,,,,,,
5006,,,,,,,,,
4904,,,,,,,,,
4961,,,,,,,,,
4726,,,,,,,,,
4838,,,,,,,,,
4856,,,,,,,,,
4763,,,,,,,,,
5036,,,,,,,,,
5057,,,,,,,,,
5099,,,,,,,,,
4881,,,,,,,,,
4784,,,,,,,,,
4993,,,,,,,,,
4905,,,,,,,,,
4727,,,,,,,,,
4885,,,,,,,,,
4857,,,,,,,,,
5058,,,,,,,,,
5021,,,,,,,,,
4753,,,,,,,,,
4814,,,,,,,,,
4834,,,,,,,,,
4793,,,,,,,,,
5100,,,,,,,,,
4933,,,,,,,,,
5037,,,,,,,,,
4923,,,,,,,,,
4950,,,,,,,,,
4973,,,,,,,,,
4773,,,,,,,,,
5077,,,,,,,,,
4980,,,,,,,,,
5083,,,,,,,,,
4956,,,,,,,,,
4802,,,,,,,,,
5050,,,,,,,,,
4994,,,,,,,,,
4798,,,,,,,,,
5025,,,,,,,,,
5012,,,,,,,,,
4990,,,,,,,,,
4777,,,,,,,,,
4876,,,,,,,,,
4895,,,,,,,,,
4843,,,,,,,,,
4738,,,,,,,,,
4934,,,,,,,,,
4912,,,,,,,,,
4824,,,,,,,,,
4864,,,,,,,,,
5093,,,,,,,,,
4830,,,,,,,,,
4886,,,,,,,,,
4844,,,,,,,,,
4778,,,,,,,,,
4977,,,,,,,,,
4906,,,,,,,,,
4799,,,,,,,,,
5084,,,,,,,,,
4852,,,,,,,,,
4935,,,,,,,,,
5040,,,,,,,,,
4957,,,,,,,,,
4754,,,,,,,,,
4999,,,,,,,,,
4928,,,,,,,,,
4728,,,,,,,,,
4809,,,,,,,,,
5018,,,,,,,,,
5051,,,,,,,,,
4739,,,,,,,,,
5029,,,,,,,,,
4785,,,,,,,,,
4913,,,,,,,,,
5101,,,,,,,,,
4839,,,,,,,,,
4879,,,,,,,,,
4962,,,,,,,,,
4947,,,,,,,,,
4764,,,,,,,,,
5088,,,,,,,,,
5011,,,,,,,,,
4865,,,,,,,,,
5054,,,,,,,,,
4815,,,,,,,,,
4896,,,,,,,,,
5032,,,,,,,,,
4882,,,,,,,,,
4765,,,,,,,,,
4963,,,,,,,,,
4995,,,,,,,,,
4897,,,,,,,,,
5030,,,,,,,,,
4759,,,,,,,,,
4974,,,,,,,,,
5085,,,,,,,,,
4848,,,,,,,,,
4729,,,,,,,,,
4914,,,,,,,,,
4825,,,,,,,,,
5052,,,,,,,,,
4803,,,,,,,,,
4789,,,,,,,,,
4891,,,,,,,,,
4858,,,,,,,,,
5066,,,,,,,,,
4942,,,,,,,,,
4877,,,,,,,,,
4866,,,,,,,,,
4835,,,,,,,,,
4943,,,,,,,,,
4996,,,,,,,,,
4983,,,,,,,,,
5102,,,,,,,,,
4988,,,,,,,,,
4766,,,,,,,,,
5022,,,,,,,,,
4786,,,,,,,,,
4760,,,,,,,,,
4924,,,,,,,,,
4964,,,,,,,,,
4819,,,,,,,,,
5038,,,,,,,,,
5075,,,,,,,,,
4740,,,,,,,,,
5059,,,,,,,,,
5053,,,,,,,,,
4746,,,,,,,,,
4774,,,,,,,,,
5045,,,,,,,,,
4958,,,,,,,,,
4816,,,,,,,,,
4853,,,,,,,,,
4936,,,,,,,,,
4915,,,,,,,,,
5103,,,,,,,,,
5007,,,,,,,,,
4975,,,,,,,,,
5060,,,,,,,,,
4794,,,,,,,,,
5076,,,,,,,,,
4730,,,,,,,,,
4887,,,,,,,,,
4898,,,,,,,,,
4836,,,,,,,,,
5089,,,,,,,,,
4845,,,,,,,,,
4854,,,,,,,,,
5026,,,,,,,,,
4899,,,,,,,,,
4731,,,,,,,,,
4937,,,,,,,,,
4916,,,,,,,,,
5094,,,,,,,,,
4860,,,,,,,,,
4747,,,,,,,,,
4804,,,,,,,,,
4951,,,,,,,,,
5067,,,,,,,,,
4826,,,,,,,,,
4978,,,,,,,,,
4775,,,,,,,,,
4795,,,,,,,,,
5008,,,,,,,,,
4827,,,,,,,,,
4944,,,,,,,,,
4900,,,,,,,,,
5000,,,,,,,,,
5087,,,,,,,,,
4968,,,,,,,,,
4755,,,,,,,,,
4805,,,,,,,,,
4790,,,,,,,,,
4767,,,,,,,,,
5046,,,,,,,,,
5068,,,,,,,,,
4741,,,,,,,,,
4917,,,,,,,,,
4880,,,,,,,,,
4867,,,,,,,,,
5031,,,,,,,,,
4849,,,,,,,,,
4982,,,,,,,,,
4806,,,,,,,,,
4925,,,,,,,,,
4756,,,,,,,,,
4965,,,,,,,,,
5069,,,,,,,,,
4787,,,,,,,,,
4997,,,,,,,,,
4846,,,,,,,,,
4868,,,,,,,,,
5039,,,,,,,,,
4878,,,,,,,,,
5019,,,,,,,,,
4991,,,,,,,,,
4829,,,,,,,,,
4742,,,,,,,,,
4945,,,,,,,,,
4907,,,,,,,,,
5090,,,,,,,,,
4768,,,,,,,,,
4788,,,,,,,,,
4770,,,,,,,,,
4979,,,,,,,,,
4732,,,,,,,,,
4757,,,,,,,,,
5041,,,,,,,,,
4926,,,,,,,,,
4998,,,,,,,,,
4948,,,,,,,,,
5079,,,,,,,,,
5061,,,,,,,,,
4859,,,,,,,,,
4820,,,,,,,,,
4888,,,,,,,,,
5020,,,,,,,,,
4966,,,,,,,,,
5104,,,,,,,,,
4837,,,,,,,,,
4908,,,,,,,,,
4847,,,,,,,,,
5070,,,,,,,,,
5047,,,,,,,,,
4918,,,,,,,,,
4800,,,,,,,,,
4889,,,,,,,,,
4734,,,,,,,,,
4952,,,,,,,,,
4828,,,,,,,,,
4976,,,,,,,,,
4901,,,,,,,,,
5001,,,,,,,,,
4779,,,,,,,,,
4807,,,,,,,,,
5086,,,,,,,,,
4758,,,,,,,,,
4855,,,,,,,,,
4938,,,,,,,,,
5027,,,,,,,,,
5105,,,,,,,,,
5284,,,,,,,,,
5430,,,,,,,,,
5321,,,,,,,,,
5471,,,,,,,,,
5194,,,,,,,,,
5461,,,,,,,,,
5222,,,,,,,,,
5438,,,,,,,,,
5341,,,,,,,,,
5133,,,,,,,,,
5224,,,,,,,,,
5274,,,,,,,,,
5382,,,,,,,,,
5154,,,,,,,,,
5249,,,,,,,,,
5174,,,,,,,,,
5416,,,,,,,,,
5370,,,,,,,,,
5392,,,,,,,,,
5211,,,,,,,,,
5275,,,,,,,,,
5155,,,,,,,,,
5322,,,,,,,,,
5413,,,,,,,,,
5184,,,,,,,,,
5401,,,,,,,,,
5244,,,,,,,,,
5285,,,,,,,,,
5234,,,,,,,,,
5130,,,,,,,,,
5451,,,,,,,,,
5117,,,,,,,,,
5463,,,,,,,,,
5175,,,,,,,,,
5333,,,,,,,,,
5352,,,,,,,,,
5424,,,,,,,,,
5323,,,,,,,,,
5417,,,,,,,,,
5189,,,,,,,,,
5453,,,,,,,,,
5131,,,,,,,,,
5118,,,,,,,,,
5250,,,,,,,,,
5294,,,,,,,,,
5148,,,,,,,,,
5214,,,,,,,,,
5304,,,,,,,,,
5262,,,,,,,,,
5379,,,,,,,,,
5475,,,,,,,,,
5353,,,,,,,,,
5232,,,,,,,,,
5440,,,,,,,,,
5394,,,,,,,,,
5169,,,,,,,,,
5235,,,,,,,,,
5476,,,,,,,,,
5390,,,,,,,,,
5348,,,,,,,,,
5245,,,,,,,,,
5425,,,,,,,,,
5371,,,,,,,,,
5164,,,,,,,,,
5324,,,,,,,,,
5195,,,,,,,,,
5143,,,,,,,,,
5295,,,,,,,,,
5305,,,,,,,,,
5443,,,,,,,,,
5404,,,,,,,,,
5106,,,,,,,,,
5134,,,,,,,,,
5263,,,,,,,,,
5204,,,,,,,,,
5165,,,,,,,,,
5306,,,,,,,,,
5258,,,,,,,,,
5123,,,,,,,,,
5354,,,,,,,,,
5236,,,,,,,,,
5303,,,,,,,,,
5276,,,,,,,,,
5205,,,,,,,,,
5119,,,,,,,,,
5325,,,,,,,,,
5402,,,,,,,,,
5144,,,,,,,,,
5426,,,,,,,,,
5444,,,,,,,,,
5472,,,,,,,,,
5185,,,,,,,,,
5374,,,,,,,,,
5405,,,,,,,,,
5270,,,,,,,,,
5166,,,,,,,,,
5349,,,,,,,,,
5454,,,,,,,,,
5135,,,,,,,,,
5477,,,,,,,,,
5307,,,,,,,,,
5149,,,,,,,,,
5113,,,,,,,,,
5473,,,,,,,,,
5362,,,,,,,,,
5272,,,,,,,,,
5186,,,,,,,,,
5296,,,,,,,,,
5395,,,,,,,,,
5418,,,,,,,,,
5215,,,,,,,,,
5225,,,,,,,,,
5326,,,,,,,,,
5403,,,,,,,,,
5216,,,,,,,,,
5363,,,,,,,,,
5226,,,,,,,,,
5436,,,,,,,,,
5280,,,,,,,,,
5414,,,,,,,,,
5136,,,,,,,,,
5167,,,,,,,,,
5455,,,,,,,,,
5297,,,,,,,,,
5308,,,,,,,,,
5464,,,,,,,,,
5331,,,,,,,,,
5187,,,,,,,,,
5372,,,,,,,,,
5107,,,,,,,,,
5256,,,,,,,,,
5145,,,,,,,,,
5246,,,,,,,,,
5383,,,,,,,,,
5445,,,,,,,,,
5120,,,,,,,,,
5183,,,,,,,,,
5156,,,,,,,,,
5206,,,,,,,,,
5465,,,,,,,,,
5427,,,,,,,,,
5375,,,,,,,,,
5283,,,,,,,,,
5355,,,,,,,,,
5406,,,,,,,,,
5237,,,,,,,,,
5124,,,,,,,,,
5334,,,,,,,,,
5313,,,,,,,,,
5286,,,,,,,,,
5196,,,,,,,,,
5407,,,,,,,,,
5197,,,,,,,,,
5176,,,,,,,,,
5314,,,,,,,,,
5478,,,,,,,,,
5335,,,,,,,,,
5356,,,,,,,,,
5264,,,,,,,,,
5238,,,,,,,,,
5384,,,,,,,,,
5441,,,,,,,,,
5153,,,,,,,,,
5247,,,,,,,,,
5207,,,,,,,,,
5376,,,,,,,,,
5157,,,,,,,,,
5287,,,,,,,,,
5125,,,,,,,,,
5446,,,,,,,,,
5126,,,,,,,,,
5456,,,,,,,,,
5336,,,,,,,,,
5288,,,,,,,,,
5415,,,,,,,,,
5393,,,,,,,,,
5315,,,,,,,,,
5227,,,,,,,,,
5431,,,,,,,,,
5466,,,,,,,,,
5203,,,,,,,,,
5217,,,,,,,,,
5121,,,,,,,,,
5357,,,,,,,,,
5177,,,,,,,,,
5281,,,,,,,,,
5257,,,,,,,,,
5158,,,,,,,,,
5385,,,,,,,,,
5150,,,,,,,,,
5327,,,,,,,,,
5408,,,,,,,,,
5396,,,,,,,,,
5364,,,,,,,,,
5240,,,,,,,,,
5248,,,,,,,,,
5114,,,,,,,,,
5190,,,,,,,,,
5265,,,,,,,,,
5447,,,,,,,,,
5170,,,,,,,,,
5208,,,,,,,,,
5309,,,,,,,,,
5439,,,,,,,,,
5137,,,,,,,,,
5350,,,,,,,,,
5479,,,,,,,,,
5298,,,,,,,,,
5358,,,,,,,,,
5432,,,,,,,,,
5159,,,,,,,,,
5337,,,,,,,,,
5289,,,,,,,,,
5122,,,,,,,,,
5178,,,,,,,,,
5480,,,,,,,,,
5228,,,,,,,,,
5397,,,,,,,,,
5251,,,,,,,,,
5191,,,,,,,,,
5132,,,,,,,,,
5377,,,,,,,,,
5316,,,,,,,,,
5457,,,,,,,,,
5419,,,,,,,,,
5218,,,,,,,,,
5266,,,,,,,,,
5428,,,,,,,,,
5351,,,,,,,,,
5467,,,,,,,,,
5182,,,,,,,,,
5198,,,,,,,,,
5452,,,,,,,,,
5162,,,,,,,,,
5138,,,,,,,,,
5365,,,,,,,,,
5409,,,,,,,,,
5317,,,,,,,,,
5386,,,,,,,,,
5241,,,,,,,,,
5260,,,,,,,,,
5209,,,,,,,,,
5290,,,,,,,,,
5277,,,,,,,,,
5338,,,,,,,,,
5108,,,,,,,,,
5481,,,,,,,,,
5252,,,,,,,,,
5109,,,,,,,,,
5163,,,,,,,,,
5339,,,,,,,,,
5387,,,,,,,,,
5267,,,,,,,,,
5219,,,,,,,,,
5458,,,,,,,,,
5366,,,,,,,,,
5420,,,,,,,,,
5344,,,,,,,,,
5433,,,,,,,,,
5199,,,,,,,,,
5291,,,,,,,,,
5318,,,,,,,,,
5229,,,,,,,,,
5179,,,,,,,,,
5139,,,,,,,,,
5192,,,,,,,,,
5367,,,,,,,,,
5278,,,,,,,,,
5253,,,,,,,,,
5230,,,,,,,,,
5180,,,,,,,,,
5292,,,,,,,,,
5434,,,,,,,,,
5421,,,,,,,,,
5142,,,,,,,,,
5160,,,,,,,,,
5110,,,,,,,,,
5462,,,,,,,,,
5398,,,,,,,,,
5340,,,,,,,,,
5223,,,,,,,,,
5468,,,,,,,,,
5319,,,,,,,,,
5345,,,,,,,,,
5310,,,,,,,,,
5271,,,,,,,,,
5140,,,,,,,,,
5220,,,,,,,,,
5254,,,,,,,,,
5200,,,,,,,,,
5388,,,,,,,,,
5346,,,,,,,,,
5111,,,,,,,,,
5299,,,,,,,,,
5231,,,,,,,,,
5168,,,,,,,,,
5422,,,,,,,,,
5328,,,,,,,,,
5146,,,,,,,,,
5368,,,,,,,,,
5459,,,,,,,,,
5435,,,,,,,,,
5482,,,,,,,,,
5448,,,,,,,,,
5300,,,,,,,,,
5474,,,,,,,,,
5380,,,,,,,,,
5268,,,,,,,,,
5212,,,,,,,,,
5127,,,,,,,,,
5151,,,,,,,,,
5311,,,,,,,,,
5483,,,,,,,,,
5361,,,,,,,,,
5259,,,,,,,,,
5332,,,,,,,,,
5171,,,,,,,,,
5412,,,,,,,,,
5115,,,,,,,,,
5399,,,,,,,,,
5193,,,,,,,,,
5242,,,,,,,,,
5301,,,,,,,,,
5147,,,,,,,,,
5343,,,,,,,,,
5359,,,,,,,,,
5389,,,,,,,,,
5410,,,,,,,,,
5378,,,,,,,,,
5173,,,,,,,,,
5329,,,,,,,,,
5449,,,,,,,,,
5128,,,,,,,,,
5210,,,,,,,,,
5484,,,,,,,,,
5429,,,,,,,,,
5269,,,,,,,,,
5243,,,,,,,,,
5201,,,,,,,,,
5116,,,,,,,,,
5373,,,,,,,,,
5213,,,,,,,,,
5141,,,,,,,,,
5202,,,,,,,,,
5469,,,,,,,,,
5112,,,,,,,,,
5442,,,,,,,,,
5450,,,,,,,,,
5330,,,,,,,,,
5347,,,,,,,,,
5312,,,,,,,,,
5282,,,,,,,,,
5411,,,,,,,,,
5152,,,,,,,,,
5302,,,,,,,,,
5172,,,,,,,,,
5239,,,,,,,,,
5391,,,,,,,,,
5369,,,,,,,,,
5261,,,,,,,,,
5273,,,,,,,,,
5233,,,,,,,,,
5320,,,,,,,,,
5423,,,,,,,,,
5221,,,,,,,,,
5293,,,,,,,,,
5342,,,,,,,,,
5400,,,,,,,,,
5255,,,,,,,,,
5188,,,,,,,,,
5181,,,,,,,,,
5470,,,,,,,,,
5381,,,,,,,,,
5360,,,,,,,,,
5129,,,,,,,,,
5279,,,,,,,,,
5437,,,,,,,,,
5161,,,,,,,,,
5460,,,,,,,,,
5753,,,,,,,,,
5694,,,,,,,,,
5743,,,,,,,,,
5572,,,,,,,,,
5652,,,,,,,,,
5542,,,,,,,,,
5852,,,,,,,,,
5492,,,,,,,,,
5805,,,,,,,,,
5512,,,,,,,,,
5592,,,,,,,,,
5773,,,,,,,,,
5715,,,,,,,,,
5529,,,,,,,,,
5826,,,,,,,,,
5564,,,,,,,,,
5654,,,,,,,,,
5684,,,,,,,,,
5612,,,,,,,,,
5623,,,,,,,,,
5832,,,,,,,,,
5714,,,,,,,,,
5806,,,,,,,,,
5530,,,,,,,,,
5593,,,,,,,,,
5547,,,,,,,,,
5513,,,,,,,,,
5485,,,,,,,,,
5655,,,,,,,,,
5573,,,,,,,,,
5770,,,,,,,,,
5734,,,,,,,,,
5634,,,,,,,,,
5695,,,,,,,,,
5785,,,,,,,,,
5685,,,,,,,,,
5562,,,,,,,,,
5845,,,,,,,,,
5744,,,,,,,,,
5605,,,,,,,,,
5855,,,,,,,,,
5532,,,,,,,,,
5704,,,,,,,,,
5724,,,,,,,,,
5815,,,,,,,,,
5674,,,,,,,,,
5835,,,,,,,,,
5795,,,,,,,,,
5552,,,,,,,,,
5664,,,,,,,,,
5782,,,,,,,,,
5613,,,,,,,,,
5644,,,,,,,,,
5496,,,,,,,,,
5754,,,,,,,,,
5502,,,,,,,,,
5582,,,,,,,,,
5509,,,,,,,,,
5622,,,,,,,,,
5565,,,,,,,,,
5750,,,,,,,,,
5661,,,,,,,,,
5846,,,,,,,,,
5725,,,,,,,,,
5764,,,,,,,,,
5594,,,,,,,,,
5531,,,,,,,,,
5827,,,,,,,,,
5705,,,,,,,,,
5624,,,,,,,,,
5548,,,,,,,,,
5574,,,,,,,,,
5690,,,,,,,,,
5807,,,,,,,,,
5640,,,,,,,,,
5786,,,,,,,,,
5796,,,,,,,,,
5588,,,,,,,,,
5656,,,,,,,,,
5702,,,,,,,,,
5566,,,,,,,,,
5691,,,,,,,,,
5522,,,,,,,,,
5716,,,,,,,,,
5761,,,,,,,,,
5787,,,,,,,,,
5614,,,,,,,,,
5606,,,,,,,,,
5486,,,,,,,,,
5735,,,,,,,,,
5514,,,,,,,,,
5847,,,,,,,,,
5549,,,,,,,,,
5816,,,,,,,,,
5641,,,,,,,,,
5793,,,,,,,,,
5665,,,,,,,,,
5493,,,,,,,,,
5533,,,,,,,,,
5856,,,,,,,,,
5771,,,,,,,,,
5607,,,,,,,,,
5553,,,,,,,,,
5741,,,,,,,,,
5583,,,,,,,,,
5836,,,,,,,,,
5802,,,,,,,,,
5675,,,,,,,,,
5515,,,,,,,,,
5719,,,,,,,,,
5635,,,,,,,,,
5696,,,,,,,,,
5625,,,,,,,,,
5824,,,,,,,,,
5844,,,,,,,,,
5817,,,,,,,,,
5516,,,,,,,,,
5682,,,,,,,,,
5554,,,,,,,,,
5615,,,,,,,,,
5589,,,,,,,,,
5797,,,,,,,,,
5666,,,,,,,,,
5720,,,,,,,,,
5774,,,,,,,,,
5645,,,,,,,,,
5541,,,,,,,,,
5487,,,,,,,,,
5857,,,,,,,,,
5755,,,,,,,,,
5736,,,,,,,,,
5602,,,,,,,,,
5697,,,,,,,,,
5676,,,,,,,,,
5842,,,,,,,,,
5595,,,,,,,,,
5517,,,,,,,,,
5667,,,,,,,,,
5825,,,,,,,,,
5812,,,,,,,,,
5636,,,,,,,,,
5575,,,,,,,,,
5698,,,,,,,,,
5534,,,,,,,,,
5560,,,,,,,,,
5858,,,,,,,,,
5762,,,,,,,,,
5737,,,,,,,,,
5616,,,,,,,,,
5721,,,,,,,,,
5788,,,,,,,,,
5488,,,,,,,,,
5706,,,,,,,,,
5732,,,,,,,,,
5848,,,,,,,,,
5620,,,,,,,,,
5497,,,,,,,,,
5686,,,,,,,,,
5576,,,,,,,,,
5779,,,,,,,,,
5828,,,,,,,,,
5543,,,,,,,,,
5756,,,,,,,,,
5503,,,,,,,,,
5646,,,,,,,,,
5567,,,,,,,,,
5596,,,,,,,,,
5808,,,,,,,,,
5523,,,,,,,,,
5745,,,,,,,,,
5657,,,,,,,,,
5590,,,,,,,,,
5713,,,,,,,,,
5544,,,,,,,,,
5822,,,,,,,,,
5630,,,,,,,,,
5510,,,,,,,,,
5524,,,,,,,,,
5803,,,,,,,,,
5603,,,,,,,,,
5853,,,,,,,,,
5653,,,,,,,,,
5746,,,,,,,,,
5765,,,,,,,,,
5658,,,,,,,,,
5775,,,,,,,,,
5726,,,,,,,,,
5568,,,,,,,,,
5763,,,,,,,,,
5692,,,,,,,,,
5727,,,,,,,,,
5540,,,,,,,,,
5577,,,,,,,,,
5673,,,,,,,,,
5647,,,,,,,,,
5809,,,,,,,,,
5498,,,,,,,,,
5752,,,,,,,,,
5837,,,,,,,,,
5683,,,,,,,,,
5511,,,,,,,,,
5569,,,,,,,,,
5555,,,,,,,,,
5833,,,,,,,,,
5617,,,,,,,,,
5601,,,,,,,,,
5780,,,,,,,,,
5711,,,,,,,,,
5757,,,,,,,,,
5823,,,,,,,,,
5798,,,,,,,,,
5687,,,,,,,,,
5608,,,,,,,,,
5783,,,,,,,,,
5550,,,,,,,,,
5637,,,,,,,,,
5662,,,,,,,,,
5632,,,,,,,,,
5794,,,,,,,,,
5742,,,,,,,,,
5584,,,,,,,,,
5699,,,,,,,,,
5722,,,,,,,,,
5494,,,,,,,,,
5525,,,,,,,,,
5520,,,,,,,,,
5849,,,,,,,,,
5563,,,,,,,,,
5642,,,,,,,,,
5618,,,,,,,,,
5526,,,,,,,,,
5489,,,,,,,,,
5829,,,,,,,,,
5578,,,,,,,,,
5789,,,,,,,,,
5688,,,,,,,,,
5738,,,,,,,,,
5700,,,,,,,,,
5859,,,,,,,,,
5813,,,,,,,,,
5521,,,,,,,,,
5850,,,,,,,,,
5758,,,,,,,,,
5545,,,,,,,,,
5597,,,,,,,,,
5659,,,,,,,,,
5717,,,,,,,,,
5633,,,,,,,,,
5504,,,,,,,,,
5638,,,,,,,,,
5759,,,,,,,,,
5707,,,,,,,,,
5854,,,,,,,,,
5663,,,,,,,,,
5570,,,,,,,,,
5790,,,,,,,,,
5619,,,,,,,,,
5693,,,,,,,,,
5747,,,,,,,,,
5733,,,,,,,,,
5598,,,,,,,,,
5810,,,,,,,,,
5834,,,,,,,,,
5581,,,,,,,,,
5551,,,,,,,,,
5527,,,,,,,,,
5668,,,,,,,,,
5776,,,,,,,,,
5772,,,,,,,,,
5843,,,,,,,,,
5505,,,,,,,,,
5728,,,,,,,,,
5708,,,,,,,,,
5626,,,,,,,,,
5860,,,,,,,,,
5535,,,,,,,,,
5609,,,,,,,,,
5499,,,,,,,,,
5677,,,,,,,,,
5818,,,,,,,,,
5556,,,,,,,,,
5748,,,,,,,,,
5648,,,,,,,,,
5585,,,,,,,,,
5799,,,,,,,,,
5611,,,,,,,,,
5751,,,,,,,,,
5791,,,,,,,,,
5800,,,,,,,,,
5729,,,,,,,,,
5500,,,,,,,,,
5571,,,,,,,,,
5506,,,,,,,,,
5819,,,,,,,,,
5639,,,,,,,,,
5766,,,,,,,,,
5709,,,,,,,,,
5627,,,,,,,,,
5586,,,,,,,,,
5689,,,,,,,,,
5660,,,,,,,,,
5851,,,,,,,,,
5528,,,,,,,,,
5546,,,,,,,,,
5861,,,,,,,,,
5649,,,,,,,,,
5718,,,,,,,,,
5557,,,,,,,,,
5678,,,,,,,,,
5777,,,,,,,,,
5628,,,,,,,,,
5767,,,,,,,,,
5587,,,,,,,,,
5518,,,,,,,,,
5820,,,,,,,,,
5669,,,,,,,,,
5838,,,,,,,,,
5604,,,,,,,,,
5703,,,,,,,,,
5536,,,,,,,,,
5490,,,,,,,,,
5801,,,,,,,,,
5739,,,,,,,,,
5537,,,,,,,,,
5561,,,,,,,,,
5631,,,,,,,,,
5591,,,,,,,,,
5839,,,,,,,,,
5784,,,,,,,,,
5507,,,,,,,,,
5495,,,,,,,,,
5670,,,,,,,,,
5862,,,,,,,,,
5643,,,,,,,,,
5730,,,,,,,,,
5821,,,,,,,,,
5804,,,,,,,,,
5792,,,,,,,,,
5679,,,,,,,,,
5710,,,,,,,,,
5768,,,,,,,,,
5610,,,,,,,,,
5558,,,,,,,,,
5863,,,,,,,,,
5740,,,,,,,,,
5778,,,,,,,,,
5600,,,,,,,,,
5760,,,,,,,,,
5830,,,,,,,,,
5650,,,,,,,,,
5701,,,,,,,,,
5723,,,,,,,,,
5491,,,,,,,,,
5680,,,,,,,,,
5538,,,,,,,,,
5840,,,,,,,,,
5814,,,,,,,,,
5671,,,,,,,,,
5580,,,,,,,,,
5621,,,,,,,,,
5519,,,,,,,,,
5769,,,,,,,,,
5681,,,,,,,,,
5811,,,,,,,,,
5651,,,,,,,,,
5781,,,,,,,,,
5599,,,,,,,,,
5749,,,,,,,,,
5712,,,,,,,,,
5539,,,,,,,,,
5559,,,,,,,,,
5629,,,,,,,,,
5864,,,,,,,,,
5501,,,,,,,,,
5672,,,,,,,,,
5579,,,,,,,,,
5841,,,,,,,,,
5508,,,,,,,,,
5831,,,,,,,,,
5731,,,,,,,,,
5984,,,,,,,,,
6144,,,,,,,,,
6063,,,,,,,,,
6221,,,,,,,,,
5934,,,,,,,,,
6124,,,,,,,,,
5914,,,,,,,,,
6039,,,,,,,,,
6164,,,,,,,,,
5974,,,,,,,,,
6201,,,,,,,,,
5885,,,,,,,,,
6053,,,,,,,,,
6235,,,,,,,,,
6114,,,,,,,,,
5955,,,,,,,,,
5865,,,,,,,,,
6092,,,,,,,,,
6014,,,,,,,,,
6043,,,,,,,,,
5956,,,,,,,,,
6024,,,,,,,,,
6115,,,,,,,,,
6182,,,,,,,,,
6004,,,,,,,,,
6213,,,,,,,,,
5891,,,,,,,,,
5872,,,,,,,,,
5994,,,,,,,,,
5980,,,,,,,,,
6236,,,,,,,,,
5935,,,,,,,,,
6128,,,,,,,,,
5915,,,,,,,,,
6151,,,,,,,,,
6064,,,,,,,,,
6184,,,,,,,,,
6093,,,,,,,,,
5894,,,,,,,,,
6102,,,,,,,,,
6086,,,,,,,,,
5981,,,,,,,,,
6135,,,,,,,,,
5904,,,,,,,,,
5875,,,,,,,,,
6015,,,,,,,,,
6054,,,,,,,,,
5924,,,,,,,,,
5944,,,,,,,,,
6072,,,,,,,,,
6214,,,,,,,,,
6034,,,,,,,,,
5985,,,,,,,,,
6165,,,,,,,,,
6237,,,,,,,,,
6154,,,,,,,,,
6202,,,,,,,,,
5905,,,,,,,,,
6194,,,,,,,,,
5936,,,,,,,,,
6016,,,,,,,,,
5957,,,,,,,,,
6145,,,,,,,,,
6225,,,,,,,,,
5986,,,,,,,,,
5972,,,,,,,,,
6073,,,,,,,,,
6166,,,,,,,,,
6129,,,,,,,,,
6035,,,,,,,,,
5866,,,,,,,,,
6215,,,,,,,,,
6094,,,,,,,,,
5886,,,,,,,,,
6116,,,,,,,,,
6055,,,,,,,,,
6009,,,,,,,,,
5928,,,,,,,,,
6232,,,,,,,,,
6174,,,,,,,,,
6192,,,,,,,,,
6204,,,,,,,,,
6103,,,,,,,,,
5948,,,,,,,,,
6152,,,,,,,,,
5909,,,,,,,,,
6087,,,,,,,,,
5995,,,,,,,,,
5873,,,,,,,,,
6074,,,,,,,,,
5964,,,,,,,,,
5892,,,,,,,,,
6044,,,,,,,,,
6032,,,,,,,,,
6125,,,,,,,,,
6088,,,,,,,,,
6021,,,,,,,,,
5867,,,,,,,,,
6104,,,,,,,,,
6042,,,,,,,,,
5965,,,,,,,,,
6065,,,,,,,,,
5916,,,,,,,,,
6195,,,,,,,,,
5945,,,,,,,,,
5992,,,,,,,,,
5929,,,,,,,,,
5887,,,,,,,,,
6146,,,,,,,,,
6056,,,,,,,,,
6216,,,,,,,,,
6126,,,,,,,,,
6226,,,,,,,,,
6172,,,,,,,,,
5876,,,,,,,,,
6217,,,,,,,,,
6143,,,,,,,,,
5895,,,,,,,,,
6057,,,,,,,,,
6238,,,,,,,,,
6136,,,,,,,,,
6167,,,,,,,,,
6017,,,,,,,,,
6155,,,,,,,,,
6036,,,,,,,,,
5982,,,,,,,,,
6095,,,,,,,,,
6196,,,,,,,,,
5937,,,,,,,,,
5987,,,,,,,,,
6120,,,,,,,,,
5917,,,,,,,,,
5958,,,,,,,,,
6075,,,,,,,,,
6062,,,,,,,,,
6130,,,,,,,,,
5975,,,,,,,,,
5959,,,,,,,,,
5910,,,,,,,,,
5868,,,,,,,,,
6197,,,,,,,,,
5993,,,,,,,,,
6239,,,,,,,,,
6018,,,,,,,,,
6147,,,,,,,,,
6168,,,,,,,,,
6218,,,,,,,,,
6037,,,,,,,,,
6123,,,,,,,,,
6096,,,,,,,,,
5941,,,,,,,,,
5888,,,,,,,,,
6191,,,,,,,,,
6161,,,,,,,,,
6175,,,,,,,,,
6045,,,,,,,,,
6100,,,,,,,,,
6081,,,,,,,,,
5996,,,,,,,,,
6025,,,,,,,,,
6121,,,,,,,,,
5896,,,,,,,,,
5877,,,,,,,,,
6211,,,,,,,,,
5960,,,,,,,,,
5906,,,,,,,,,
6132,,,,,,,,,
6240,,,,,,,,,
5976,,,,,,,,,
6013,,,,,,,,,
5938,,,,,,,,,
5997,,,,,,,,,
6137,,,,,,,,,
6205,,,,,,,,,
6241,,,,,,,,,
5897,,,,,,,,,
6026,,,,,,,,,
6183,,,,,,,,,
6046,,,,,,,,,
5930,,,,,,,,,
6010,,,,,,,,,
6105,,,,,,,,,
6089,,,,,,,,,
5911,,,,,,,,,
5949,,,,,,,,,
6162,,,,,,,,,
5983,,,,,,,,,
6189,,,,,,,,,
5882,,,,,,,,,
6076,,,,,,,,,
6227,,,,,,,,,
6173,,,,,,,,,
6117,,,,,,,,,
5918,,,,,,,,,
6069,,,,,,,,,
6097,,,,,,,,,
6113,,,,,,,,,
5966,,,,,,,,,
6148,,,,,,,,,
6222,,,,,,,,,
6061,,,,,,,,,
5874,,,,,,,,,
6193,,,,,,,,,
5988,,,,,,,,,
6019,,,,,,,,,
6198,,,,,,,,,
5939,,,,,,,,,
5961,,,,,,,,,
6071,,,,,,,,,
6027,,,,,,,,,
6228,,,,,,,,,
6098,,,,,,,,,
5998,,,,,,,,,
5940,,,,,,,,,
6047,,,,,,,,,
6185,,,,,,,,,
6176,,,,,,,,,
6127,,,,,,,,,
5962,,,,,,,,,
6206,,,,,,,,,
6005,,,,,,,,,
6149,,,,,,,,,
5889,,,,,,,,,
6066,,,,,,,,,
5869,,,,,,,,,
5919,,,,,,,,,
5967,,,,,,,,,
6118,,,,,,,,,
6156,,,,,,,,,
5973,,,,,,,,,
5920,,,,,,,,,
5878,,,,,,,,,
6169,,,,,,,,,
6122,,,,,,,,,
6229,,,,,,,,,
5898,,,,,,,,,
6058,,,,,,,,,
5943,,,,,,,,,
6138,,,,,,,,,
6223,,,,,,,,,
6203,,,,,,,,,
6020,,,,,,,,,
6101,,,,,,,,,
6040,,,,,,,,,
5954,,,,,,,,,
6067,,,,,,,,,
5989,,,,,,,,,
6207,,,,,,,,,
6082,,,,,,,,,
6011,,,,,,,,,
6186,,,,,,,,,
6133,,,,,,,,,
6157,,,,,,,,,
5950,,,,,,,,,
5999,,,,,,,,,
6106,,,,,,,,,
6112,,,,,,,,,
5884,,,,,,,,,
5899,,,,,,,,,
6033,,,,,,,,,
5931,,,,,,,,,
6234,,,,,,,,,
5922,,,,,,,,,
6177,,,,,,,,,
6048,,,,,,,,,
5968,,,,,,,,,
5969,,,,,,,,,
5879,,,,,,,,,
6187,,,,,,,,,
6139,,,,,,,,,
5921,,,,,,,,,
5902,,,,,,,,,
6028,,,,,,,,,
6006,,,,,,,,,
6068,,,,,,,,,
6099,,,,,,,,,
6049,,,,,,,,,
6158,,,,,,,,,
6178,,,,,,,,,
6119,,,,,,,,,
5963,,,,,,,,,
5942,,,,,,,,,
6000,,,,,,,,,
6208,,,,,,,,,
6230,,,,,,,,,
5925,,,,,,,,,
6077,,,,,,,,,
6050,,,,,,,,,
6007,,,,,,,,,
6242,,,,,,,,,
6212,,,,,,,,,
6083,,,,,,,,,
6188,,,,,,,,,
5870,,,,,,,,,
5893,,,,,,,,,
6179,,,,,,,,,
5907,,,,,,,,,
5946,,,,,,,,,
5977,,,,,,,,,
6107,,,,,,,,,
6142,,,,,,,,,
6029,,,,,,,,,
6001,,,,,,,,,
6150,,,,,,,,,
6110,,,,,,,,,
5903,,,,,,,,,
6002,,,,,,,,,
5951,,,,,,,,,
6159,,,,,,,,,
6012,,,,,,,,,
6051,,,,,,,,,
5932,,,,,,,,,
5970,,,,,,,,,
6231,,,,,,,,,
6030,,,,,,,,,
6140,,,,,,,,,
6190,,,,,,,,,
6079,,,,,,,,,
6084,,,,,,,,,
5880,,,,,,,,,
6209,,,,,,,,,
6180,,,,,,,,,
5912,,,,,,,,,
6134,,,,,,,,,
5913,,,,,,,,,
5971,,,,,,,,,
6160,,,,,,,,,
5990,,,,,,,,,
5881,,,,,,,,,
5926,,,,,,,,,
5947,,,,,,,,,
6233,,,,,,,,,
6041,,,,,,,,,
6085,,,,,,,,,
6078,,,,,,,,,
6108,,,,,,,,,
6022,,,,,,,,,
6170,,,,,,,,,
6199,,,,,,,,,
6059,,,,,,,,,
5900,,,,,,,,,
6219,,,,,,,,,
5952,,,,,,,,,
6038,,,,,,,,,
5890,,,,,,,,,
5933,,,,,,,,,
6200,,,,,,,,,
5978,,,,,,,,,
6080,,,,,,,,,
6090,,,,,,,,,
6220,,,,,,,,,
6131,,,,,,,,,
6111,,,,,,,,,
6243,,,,,,,,,
5908,,,,,,,,,
5991,,,,,,,,,
6060,,,,,,,,,
6171,,,,,,,,,
6023,,,,,,,,,
6153,,,,,,,,,
5871,,,,,,,,,
6181,,,,,,,,,
5953,,,,,,,,,
6031,,,,,,,,,
6210,,,,,,,,,
5883,,,,,,,,,
6003,,,,,,,,,
6109,,,,,,,,,
6163,,,,,,,,,
6091,,,,,,,,,
5923,,,,,,,,,
6224,,,,,,,,,
5927,,,,,,,,,
6052,,,,,,,,,
6244,,,,,,,,,
5979,,,,,,,,,
5901,,,,,,,,,
6070,,,,,,,,,
6008,,,,,,,,,
6141,,,,,,,,,
6429,,,,,,,,,
6321,,,,,,,,,
6316,,,,,,,,,
6454,,,,,,,,,
6518,,,,,,,,,
6381,,,,,,,,,
6442,,,,,,,,,
6615,,,,,,,,,
6412,,,,,,,,,
6491,,,,,,,,,
6593,,,,,,,,,
6472,,,,,,,,,
6261,,,,,,,,,
6384,,,,,,,,,
6499,,,,,,,,,
6341,,,,,,,,,
6537,,,,,,,,,
6291,,,,,,,,,
6562,,,,,,,,,
6461,,,,,,,,,
6599,,,,,,,,,
6616,,,,,,,,,
6352,,,,,,,,,
6504,,,,,,,,,
6322,,,,,,,,,
6579,,,,,,,,,
6278,,,,,,,,,
6385,,,,,,,,,
6437,,,,,,,,,
6320,,,,,,,,,
6492,,,,,,,,,
6292,,,,,,,,,
6413,,,,,,,,,
6548,,,,,,,,,
6374,,,,,,,,,
6451,,,,,,,,,
6245,,,,,,,,,
6538,,,,,,,,,
6552,,,,,,,,,
6289,,,,,,,,,
6404,,,,,,,,,
6301,,,,,,,,,
6603,,,,,,,,,
6421,,,,,,,,,
6526,,,,,,,,,
6362,,,,,,,,,
6582,,,,,,,,,
6569,,,,,,,,,
6350,,,,,,,,,
6443,,,,,,,,,
6257,,,,,,,,,
6262,,,,,,,,,
6331,,,,,,,,,
6465,,,,,,,,,
6394,,,,,,,,,
6510,,,,,,,,,
6485,,,,,,,,,
6611,,,,,,,,,
6302,,,,,,,,,
6549,,,,,,,,,
6505,,,,,,,,,
6328,,,,,,,,,
6544,,,,,,,,,
6583,,,,,,,,,
6452,,,,,,,,,
6493,,,,,,,,,
6386,,,,,,,,,
6246,,,,,,,,,
6574,,,,,,,,,
6353,,,,,,,,,
6375,,,,,,,,,
6431,,,,,,,,,
6414,,,,,,,,,
6271,,,,,,,,,
6462,,,,,,,,,
6281,,,,,,,,,
6453,,,,,,,,,
6563,,,,,,,,,
6617,,,,,,,,,
6369,,,,,,,,,
6457,,,,,,,,,
6342,,,,,,,,,
6337,,,,,,,,,
6477,,,,,,,,,
6438,,,,,,,,,
6272,,,,,,,,,
6395,,,,,,,,,
6553,,,,,,,,,
6594,,,,,,,,,
6293,,,,,,,,,
6247,,,,,,,,,
6311,,,,,,,,,
6405,,,,,,,,,
6527,,,,,,,,,
6511,,,,,,,,,
6408,,,,,,,,,
6363,,,,,,,,,
6312,,,,,,,,,
6559,,,,,,,,,
6422,,,,,,,,,
6466,,,,,,,,,
6267,,,,,,,,,
6396,,,,,,,,,
6343,,,,,,,,,
6600,,,,,,,,,
6564,,,,,,,,,
6258,,,,,,,,,
6512,,,,,,,,,
6525,,,,,,,,,
6294,,,,,,,,,
6618,,,,,,,,,
6478,,,,,,,,,
6332,,,,,,,,,
6528,,,,,,,,,
6486,,,,,,,,,
6554,,,,,,,,,
6463,,,,,,,,,
6333,,,,,,,,,
6578,,,,,,,,,
6273,,,,,,,,,
6397,,,,,,,,,
6432,,,,,,,,,
6248,,,,,,,,,
6317,,,,,,,,,
6513,,,,,,,,,
6357,,,,,,,,,
6409,,,,,,,,,
6601,,,,,,,,,
6445,,,,,,,,,
6297,,,,,,,,,
6529,,,,,,,,,
6619,,,,,,,,,
6364,,,,,,,,,
6249,,,,,,,,,
6344,,,,,,,,,
6418,,,,,,,,,
6298,,,,,,,,,
6539,,,,,,,,,
6433,,,,,,,,,
6494,,,,,,,,,
6602,,,,,,,,,
6521,,,,,,,,,
6382,,,,,,,,,
6446,,,,,,,,,
6500,,,,,,,,,
6620,,,,,,,,,
6318,,,,,,,,,
6464,,,,,,,,,
6392,,,,,,,,,
6570,,,,,,,,,
6279,,,,,,,,,
6323,,,,,,,,,
6303,,,,,,,,,
6467,,,,,,,,,
6506,,,,,,,,,
6372,,,,,,,,,
6376,,,,,,,,,
6487,,,,,,,,,
6268,,,,,,,,,
6290,,,,,,,,,
6330,,,,,,,,,
6345,,,,,,,,,
6545,,,,,,,,,
6415,,,,,,,,,
6476,,,,,,,,,
6613,,,,,,,,,
6393,,,,,,,,,
6423,,,,,,,,,
6608,,,,,,,,,
6571,,,,,,,,,
6584,,,,,,,,,
6530,,,,,,,,,
6592,,,,,,,,,
6295,,,,,,,,,
6398,,,,,,,,,
6263,,,,,,,,,
6572,,,,,,,,,
6475,,,,,,,,,
6373,,,,,,,,,
6555,,,,,,,,,
6621,,,,,,,,,
6479,,,,,,,,,
6430,,,,,,,,,
6334,,,,,,,,,
6358,,,,,,,,,
6595,,,,,,,,,
6259,,,,,,,,,
6365,,,,,,,,,
6313,,,,,,,,,
6468,,,,,,,,,
6403,,,,,,,,,
6270,,,,,,,,,
6361,,,,,,,,,
6515,,,,,,,,,
6469,,,,,,,,,
6282,,,,,,,,,
6609,,,,,,,,,
6480,,,,,,,,,
6575,,,,,,,,,
6304,,,,,,,,,
6366,,,,,,,,,
6338,,,,,,,,,
6535,,,,,,,,,
6260,,,,,,,,,
6560,,,,,,,,,
6455,,,,,,,,,
6591,,,,,,,,,
6410,,,,,,,,,
6424,,,,,,,,,
6283,,,,,,,,,
6604,,,,,,,,,
6576,,,,,,,,,
6444,,,,,,,,,
6488,,,,,,,,,
6354,,,,,,,,,
6387,,,,,,,,,
6550,,,,,,,,,
6339,,,,,,,,,
6377,,,,,,,,,
6507,,,,,,,,,
6585,,,,,,,,,
6473,,,,,,,,,
6425,,,,,,,,,
6416,,,,,,,,,
6614,,,,,,,,,
6310,,,,,,,,,
6561,,,,,,,,,
6264,,,,,,,,,
6274,,,,,,,,,
6399,,,,,,,,,
6253,,,,,,,,,
6346,,,,,,,,,
6324,,,,,,,,,
6447,,,,,,,,,
6565,,,,,,,,,
6367,,,,,,,,,
6533,,,,,,,,,
6456,,,,,,,,,
6546,,,,,,,,,
6299,,,,,,,,,
6481,,,,,,,,,
6622,,,,,,,,,
6314,,,,,,,,,
6596,,,,,,,,,
6509,,,,,,,,,
6439,,,,,,,,,
6406,,,,,,,,,
6440,,,,,,,,,
6589,,,,,,,,,
6523,,,,,,,,,
6566,,,,,,,,,
6284,,,,,,,,,
6388,,,,,,,,,
6551,,,,,,,,,
6305,,,,,,,,,
6250,,,,,,,,,
6540,,,,,,,,,
6417,,,,,,,,,
6280,,,,,,,,,
6378,,,,,,,,,
6501,,,,,,,,,
6489,,,,,,,,,
6325,,,,,,,,,
6458,,,,,,,,,
6347,,,,,,,,,
6605,,,,,,,,,
6514,,,,,,,,,
6531,,,,,,,,,
6434,,,,,,,,,
6482,,,,,,,,,
6586,,,,,,,,,
6251,,,,,,,,,
6285,,,,,,,,,
6606,,,,,,,,,
6441,,,,,,,,,
6567,,,,,,,,,
6448,,,,,,,,,
6497,,,,,,,,,
6306,,,,,,,,,
6370,,,,,,,,,
6275,,,,,,,,,
6541,,,,,,,,,
6326,,,,,,,,,
6400,,,,,,,,,
6348,,,,,,,,,
6368,,,,,,,,,
6407,,,,,,,,,
6542,,,,,,,,,
6265,,,,,,,,,
6524,,,,,,,,,
6587,,,,,,,,,
6255,,,,,,,,,
6426,,,,,,,,,
6516,,,,,,,,,
6286,,,,,,,,,
6327,,,,,,,,,
6534,,,,,,,,,
6610,,,,,,,,,
6401,,,,,,,,,
6474,,,,,,,,,
6568,,,,,,,,,
6349,,,,,,,,,
6483,,,,,,,,,
6309,,,,,,,,,
6580,,,,,,,,,
6484,,,,,,,,,
6276,,,,,,,,,
6532,,,,,,,,,
6607,,,,,,,,,
6307,,,,,,,,,
6588,,,,,,,,,
6517,,,,,,,,,
6459,,,,,,,,,
6449,,,,,,,,,
6254,,,,,,,,,
6411,,,,,,,,,
6287,,,,,,,,,
6556,,,,,,,,,
6335,,,,,,,,,
6355,,,,,,,,,
6435,,,,,,,,,
6371,,,,,,,,,
6402,,,,,,,,,
6340,,,,,,,,,
6351,,,,,,,,,
6495,,,,,,,,,
6470,,,,,,,,,
6519,,,,,,,,,
6379,,,,,,,,,
6419,,,,,,,,,
6359,,,,,,,,,
6319,,,,,,,,,
6502,,,,,,,,,
6296,,,,,,,,,
6623,,,,,,,,,
6389,,,,,,,,,
6427,,,,,,,,,
6557,,,,,,,,,
6573,,,,,,,,,
6269,,,,,,,,,
6597,,,,,,,,,
6547,,,,,,,,,
6590,,,,,,,,,
6536,,,,,,,,,
6390,,,,,,,,,
6428,,,,,,,,,
6498,,,,,,,,,
6543,,,,,,,,,
6308,,,,,,,,,
6471,,,,,,,,,
6360,,,,,,,,,
6612,,,,,,,,,
6522,,,,,,,,,
6329,,,,,,,,,
6266,,,,,,,,,
6581,,,,,,,,,
6490,,,,,,,,,
6380,,,,,,,,,
6508,,,,,,,,,
6288,,,,,,,,,
6256,,,,,,,,,
6356,,,,,,,,,
6336,,,,,,,,,
6383,,,,,,,,,
6598,,,,,,,,,
6391,,,,,,,,,
6420,,,,,,,,,
6503,,,,,,,,,
6558,,,,,,,,,
6300,,,,,,,,,
6277,,,,,,,,,
6460,,,,,,,,,
6436,,,,,,,,,
6520,,,,,,,,,
6315,,,,,,,,,
6577,,,,,,,,,
6624,,,,,,,,,
6496,,,,,,,,,
6252,,,,,,,,,
6450,,,,,,,,,
6989,,,,,,,,,
6695,,,,,,,,,
6923,,,,,,,,,
6635,,,,,,,,,
6655,,,,,,,,,
6804,,,,,,,,,
6859,,,,,,,,,
6775,,,,,,,,,
6948,,,,,,,,,
6828,,,,,,,,,
6970,,,,,,,,,
6732,,,,,,,,,
6892,,,,,,,,,
6902,,,,,,,,,
6755,,,,,,,,,
6675,,,,,,,,,
6715,,,,,,,,,
6846,,,,,,,,,
6879,,,,,,,,,
6765,,,,,,,,,
6721,,,,,,,,,
6893,,,,,,,,,
6737,,,,,,,,,
6665,,,,,,,,,
6696,,,,,,,,,
6651,,,,,,,,,
6869,,,,,,,,,
6995,,,,,,,,,
6847,,,,,,,,,
6745,,,,,,,,,
6940,,,,,,,,,
6952,,,,,,,,,
6829,,,,,,,,,
6797,,,,,,,,,
6784,,,,,,,,,
6625,,,,,,,,,
6974,,,,,,,,,
6913,,,,,,,,,
6815,,,,,,,,,
6842,,,,,,,,,
6636,,,,,,,,,
6705,,,,,,,,,
6924,,,,,,,,,
6756,,,,,,,,,
6685,,,,,,,,,
6990,,,,,,,,,
6663,,,,,,,,,
6863,,,,,,,,,
6805,,,,,,,,,
6889,,,,,,,,,
6880,,,,,,,,,
6943,,,,,,,,,
6776,,,,,,,,,
6903,,,,,,,,,
6725,,,,,,,,,
6676,,,,,,,,,
6971,,,,,,,,,
6645,,,,,,,,,
6762,,,,,,,,,
6933,,,,,,,,,
6914,,,,,,,,,
6964,,,,,,,,,
6716,,,,,,,,,
6626,,,,,,,,,
6666,,,,,,,,,
6830,,,,,,,,,
6961,,,,,,,,,
6985,,,,,,,,,
6881,,,,,,,,,
6798,,,,,,,,,
6704,,,,,,,,,
6864,,,,,,,,,
6854,,,,,,,,,
6794,,,,,,,,,
6726,,,,,,,,,
6777,,,,,,,,,
6941,,,,,,,,,
6882,,,,,,,,,
6825,,,,,,,,,
6677,,,,,,,,,
6986,,,,,,,,,
6911,,,,,,,,,
6727,,,,,,,,,
6646,,,,,,,,,
6835,,,,,,,,,
6702,,,,,,,,,
6856,,,,,,,,,
6953,,,,,,,,,
6965,,,,,,,,,
6848,,,,,,,,,
6891,,,,,,,,,
6724,,,,,,,,,
6865,,,,,,,,,
6944,,,,,,,,,
6757,,,,,,,,,
6960,,,,,,,,,
6904,,,,,,,,,
6652,,,,,,,,,
6790,,,,,,,,,
6766,,,,,,,,,
6855,,,,,,,,,
6887,,,,,,,,,
6627,,,,,,,,,
6722,,,,,,,,,
6996,,,,,,,,,
6682,,,,,,,,,
6758,,,,,,,,,
6697,,,,,,,,,
6975,,,,,,,,,
6728,,,,,,,,,
6799,,,,,,,,,
6934,,,,,,,,,
6831,,,,,,,,,
6866,,,,,,,,,
6692,,,,,,,,,
6823,,,,,,,,,
6950,,,,,,,,,
6836,,,,,,,,,
6672,,,,,,,,,
6812,,,,,,,,,
6778,,,,,,,,,
6738,,,,,,,,,
6877,,,,,,,,,
6921,,,,,,,,,
6901,,,,,,,,,
6991,,,,,,,,,
6647,,,,,,,,,
6753,,,,,,,,,
6966,,,,,,,,,
6628,,,,,,,,,
6954,,,,,,,,,
6935,,,,,,,,,
6706,,,,,,,,,
6754,,,,,,,,,
6925,,,,,,,,,
6912,,,,,,,,,
6945,,,,,,,,,
6870,,,,,,,,,
6739,,,,,,,,,
6997,,,,,,,,,
6915,,,,,,,,,
6703,,,,,,,,,
6976,,,,,,,,,
6656,,,,,,,,,
6667,,,,,,,,,
6717,,,,,,,,,
6894,,,,,,,,,
6832,,,,,,,,,
6767,,,,,,,,,
6849,,,,,,,,,
6785,,,,,,,,,
6637,,,,,,,,,
6998,,,,,,,,,
6729,,,,,,,,,
6768,,,,,,,,,
6905,,,,,,,,,
6931,,,,,,,,,
6963,,,,,,,,,
6888,,,,,,,,,
6678,,,,,,,,,
6983,,,,,,,,,
6763,,,,,,,,,
6642,,,,,,,,,
6867,,,,,,,,,
6850,,,,,,,,,
6786,,,,,,,,,
6698,,,,,,,,,
6826,,,,,,,,,
6800,,,,,,,,,
6718,,,,,,,,,
6657,,,,,,,,,
6633,,,,,,,,,
6783,,,,,,,,,
6955,,,,,,,,,
6712,,,,,,,,,
6693,,,,,,,,,
6816,,,,,,,,,
6733,,,,,,,,,
6843,,,,,,,,,
6858,,,,,,,,,
6942,,,,,,,,,
6909,,,,,,,,,
6972,,,,,,,,,
6868,,,,,,,,,
6679,,,,,,,,,
6992,,,,,,,,,
6653,,,,,,,,,
6759,,,,,,,,,
6883,,,,,,,,,
6813,,,,,,,,,
6713,,,,,,,,,
6806,,,,,,,,,
6746,,,,,,,,,
6658,,,,,,,,,
6817,,,,,,,,,
6779,,,,,,,,,
6680,,,,,,,,,
6796,,,,,,,,,
6898,,,,,,,,,
6644,,,,,,,,,
6740,,,,,,,,,
6694,,,,,,,,,
6994,,,,,,,,,
6932,,,,,,,,,
6984,,,,,,,,,
6871,,,,,,,,,
6973,,,,,,,,,
6906,,,,,,,,,
6837,,,,,,,,,
6793,,,,,,,,,
6860,,,,,,,,,
6851,,,,,,,,,
6769,,,,,,,,,
6999,,,,,,,,,
6916,,,,,,,,,
6980,,,,,,,,,
6956,,,,,,,,,
6936,,,,,,,,,
6673,,,,,,,,,
6884,,,,,,,,,
6634,,,,,,,,,
6827,,,,,,,,,
6801,,,,,,,,,
6719,,,,,,,,,
6699,,,,,,,,,
6648,,,,,,,,,
6760,,,,,,,,,
6730,,,,,,,,,
6872,,,,,,,,,
6643,,,,,,,,,
6977,,,,,,,,,
6741,,,,,,,,,
6659,,,,,,,,,
6895,,,,,,,,,
6773,,,,,,,,,
6907,,,,,,,,,
6747,,,,,,,,,
6787,,,,,,,,,
6802,,,,,,,,,
6949,,,,,,,,,
6683,,,,,,,,,
6723,,,,,,,,,
6852,,,,,,,,,
7000,,,,,,,,,
6833,,,,,,,,,
6700,,,,,,,,,
6926,,,,,,,,,
6981,,,,,,,,,
6664,,,,,,,,,
6735,,,,,,,,,
6686,,,,,,,,,
6788,,,,,,,,,
6838,,,,,,,,,
6927,,,,,,,,,
6818,,,,,,,,,
6807,,,,,,,,,
6748,,,,,,,,,
6770,,,,,,,,,
6714,,,,,,,,,
6917,,,,,,,,,
6873,,,,,,,,,
6638,,,,,,,,,
6900,,,,,,,,,
6668,,,,,,,,,
7001,,,,,,,,,
6962,,,,,,,,,
6669,,,,,,,,,
6707,,,,,,,,,
6629,,,,,,,,,
6819,,,,,,,,,
6808,,,,,,,,,
6795,,,,,,,,,
6861,,,,,,,,,
6764,,,,,,,,,
6967,,,,,,,,,
6922,,,,,,,,,
6654,,,,,,,,,
6687,,,,,,,,,
6844,,,,,,,,,
6731,,,,,,,,,
6885,,,,,,,,,
6937,,,,,,,,,
6781,,,,,,,,,
6957,,,,,,,,,
6987,,,,,,,,,
6951,,,,,,,,,
6688,,,,,,,,,
7002,,,,,,,,,
6749,,,,,,,,,
6978,,,,,,,,,
6874,,,,,,,,,
6791,,,,,,,,,
6708,,,,,,,,,
6820,,,,,,,,,
6774,,,,,,,,,
6630,,,,,,,,,
6845,,,,,,,,,
6809,,,,,,,,,
6938,,,,,,,,,
6736,,,,,,,,,
6958,,,,,,,,,
6918,,,,,,,,,
6649,,,,,,,,,
6670,,,,,,,,,
6919,,,,,,,,,
6968,,,,,,,,,
6671,,,,,,,,,
6810,,,,,,,,,
6839,,,,,,,,,
6689,,,,,,,,,
6946,,,,,,,,,
6988,,,,,,,,,
6709,,,,,,,,,
6928,,,,,,,,,
6734,,,,,,,,,
6821,,,,,,,,,
6782,,,,,,,,,
6761,,,,,,,,,
6639,,,,,,,,,
6660,,,,,,,,,
6886,,,,,,,,,
6862,,,,,,,,,
6890,,,,,,,,,
6840,,,,,,,,,
6947,,,,,,,,,
6878,,,,,,,,,
6979,,,,,,,,,
6750,,,,,,,,,
6640,,,,,,,,,
6661,,,,,,,,,
6811,,,,,,,,,
6690,,,,,,,,,
6899,,,,,,,,,
6789,,,,,,,,,
6929,,,,,,,,,
6710,,,,,,,,,
6908,,,,,,,,,
7003,,,,,,,,,
6681,,,,,,,,,
6742,,,,,,,,,
6771,,,,,,,,,
6822,,,,,,,,,
6814,,,,,,,,,
6857,,,,,,,,,
6920,,,,,,,,,
6875,,,,,,,,,
6631,,,,,,,,,
6711,,,,,,,,,
6641,,,,,,,,,
6969,,,,,,,,,
6841,,,,,,,,,
6743,,,,,,,,,
6674,,,,,,,,,
6896,,,,,,,,,
6824,,,,,,,,,
6780,,,,,,,,,
6662,,,,,,,,,
6930,,,,,,,,,
6751,,,,,,,,,
6993,,,,,,,,,
6691,,,,,,,,,
6744,,,,,,,,,
6684,,,,,,,,,
6792,,,,,,,,,
7004,,,,,,,,,
6897,,,,,,,,,
6752,,,,,,,,,
6834,,,,,,,,,
6939,,,,,,,,,
6959,,,,,,,,,
6853,,,,,,,,,
6720,,,,,,,,,
6876,,,,,,,,,
6650,,,,,,,,,
6632,,,,,,,,,
6772,,,,,,,,,
6910,,,,,,,,,
6982,,,,,,,,,
6701,,,,,,,,,
6803,,,,,,,,,
7294,,,,,,,,,
7235,,,,,,,,,
7054,,,,,,,,,
7340,,,,,,,,,
7144,,,,,,,,,
7124,,,,,,,,,
7014,,,,,,,,,
7322,,,,,,,,,
7223,,,,,,,,,
7283,,,,,,,,,
7365,,,,,,,,,
7185,,,,,,,,,
7089,,,,,,,,,
7081,,,,,,,,,
7034,,,,,,,,,
7261,,,,,,,,,
7104,,,,,,,,,
7339,,,,,,,,,
7181,,,,,,,,,
7166,,,,,,,,,
7015,,,,,,,,,
7350,,,,,,,,,
7304,,,,,,,,,
7205,,,,,,,,,
7274,,,,,,,,,
7160,,,,,,,,,
7253,,,,,,,,,
7134,,,,,,,,,
7044,,,,,,,,,
7105,,,,,,,,,
7230,,,,,,,,,
7324,,,,,,,,,
7341,,,,,,,,,
7194,,,,,,,,,
7366,,,,,,,,,
7084,,,,,,,,,
7064,,,,,,,,,
7024,,,,,,,,,
7045,,,,,,,,,
7264,,,,,,,,,
7164,,,,,,,,,
7106,,,,,,,,,
7025,,,,,,,,,
7206,,,,,,,,,
7329,,,,,,,,,
7065,,,,,,,,,
7313,,,,,,,,,
7231,,,,,,,,,
7342,,,,,,,,,
7245,,,,,,,,,
7195,,,,,,,,,
7289,,,,,,,,,
7135,,,,,,,,,
7090,,,,,,,,,
7154,,,,,,,,,
7373,,,,,,,,,
7005,,,,,,,,,
7232,,,,,,,,,
7145,,,,,,,,,
7295,,,,,,,,,
7070,,,,,,,,,
7125,,,,,,,,,
7315,,,,,,,,,
7215,,,,,,,,,
7020,,,,,,,,,
7035,,,,,,,,,
7174,,,,,,,,,
7046,,,,,,,,,
7275,,,,,,,,,
7111,,,,,,,,,
7085,,,,,,,,,
7343,,,,,,,,,
7363,,,,,,,,,
7367,,,,,,,,,
7246,,,,,,,,,
7186,,,,,,,,,
7094,,,,,,,,,
7187,,,,,,,,,
7375,,,,,,,,,
7255,,,,,,,,,
7074,,,,,,,,,
7175,,,,,,,,,
7122,,,,,,,,,
7153,,,,,,,,,
7242,,,,,,,,,
7364,,,,,,,,,
7026,,,,,,,,,
7358,,,,,,,,,
7276,,,,,,,,,
7207,,,,,,,,,
7055,,,,,,,,,
7296,,,,,,,,,
7016,,,,,,,,,
7316,,,,,,,,,
7126,,,,,,,,,
7290,,,,,,,,,
7036,,,,,,,,,
7216,,,,,,,,,
7202,,,,,,,,,
7247,,,,,,,,,
7351,,,,,,,,,
7066,,,,,,,,,
7225,,,,,,,,,
7095,,,,,,,,,
7376,,,,,,,,,
7155,,,,,,,,,
7017,,,,,,,,,
7141,,,,,,,,,
7325,,,,,,,,,
7167,,,,,,,,,
7277,,,,,,,,,
7305,,,,,,,,,
7047,,,,,,,,,
7114,,,,,,,,,
7196,,,,,,,,,
7006,,,,,,,,,
7041,,,,,,,,,
7156,,,,,,,,,
7326,,,,,,,,,
7091,,,,,,,,,
7143,,,,,,,,,
7050,,,,,,,,,
7168,,,,,,,,,
7217,,,,,,,,,
7306,,,,,,,,,
7071,,,,,,,,,
7248,,,,,,,,,
7368,,,,,,,,,
7285,,,,,,,,,
7112,,,,,,,,,
7233,,,,,,,,,
7344,,,,,,,,,
7271,,,,,,,,,
7265,,,,,,,,,
7317,,,,,,,,,
7176,,,,,,,,,
7027,,,,,,,,,
7374,,,,,,,,,
7284,,,,,,,,,
7361,,,,,,,,,
7132,,,,,,,,,
7075,,,,,,,,,
7184,,,,,,,,,
7086,,,,,,,,,
7146,,,,,,,,,
7208,,,,,,,,,
7007,,,,,,,,,
7107,,,,,,,,,
7244,,,,,,,,,
7347,,,,,,,,,
7297,,,,,,,,,
7056,,,,,,,,,
7161,,,,,,,,,
7076,,,,,,,,,
7256,,,,,,,,,
7266,,,,,,,,,
7291,,,,,,,,,
7057,,,,,,,,,
7236,,,,,,,,,
7199,,,,,,,,,
7360,,,,,,,,,
7115,,,,,,,,,
7136,,,,,,,,,
7377,,,,,,,,,
7169,,,,,,,,,
7307,,,,,,,,,
7013,,,,,,,,,
7224,,,,,,,,,
7330,,,,,,,,,
7037,,,,,,,,,
7096,,,,,,,,,
7030,,,,,,,,,
7338,,,,,,,,,
7188,,,,,,,,,
7209,,,,,,,,,
7051,,,,,,,,,
7348,,,,,,,,,
7303,,,,,,,,,
7249,,,,,,,,,
7092,,,,,,,,,
7127,,,,,,,,,
7067,,,,,,,,,
7323,,,,,,,,,
7226,,,,,,,,,
7108,,,,,,,,,
7369,,,,,,,,,
7023,,,,,,,,,
7280,,,,,,,,,
7177,,,,,,,,,
7147,,,,,,,,,
7008,,,,,,,,,
7243,,,,,,,,,
7058,,,,,,,,,
7327,,,,,,,,,
7137,,,,,,,,,
7109,,,,,,,,,
7031,,,,,,,,,
7311,,,,,,,,,
7370,,,,,,,,,
7203,,,,,,,,,
7287,,,,,,,,,
7212,,,,,,,,,
7345,,,,,,,,,
7272,,,,,,,,,
7157,,,,,,,,,
7082,,,,,,,,,
7170,,,,,,,,,
7087,,,,,,,,,
7257,,,,,,,,,
7116,,,,,,,,,
7378,,,,,,,,,
7097,,,,,,,,,
7237,,,,,,,,,
7218,,,,,,,,,
7318,,,,,,,,,
7189,,,,,,,,,
7352,,,,,,,,,
7334,,,,,,,,,
7262,,,,,,,,,
7148,,,,,,,,,
7128,,,,,,,,,
7021,,,,,,,,,
7063,,,,,,,,,
7077,,,,,,,,,
7182,,,,,,,,,
7042,,,,,,,,,
7281,,,,,,,,,
7298,,,,,,,,,
7308,,,,,,,,,
7062,,,,,,,,,
7078,,,,,,,,,
7009,,,,,,,,,
7093,,,,,,,,,
7267,,,,,,,,,
7258,,,,,,,,,
7292,,,,,,,,,
7110,,,,,,,,,
7162,,,,,,,,,
7043,,,,,,,,,
7197,,,,,,,,,
7371,,,,,,,,,
7171,,,,,,,,,
7331,,,,,,,,,
7346,,,,,,,,,
7138,,,,,,,,,
7219,,,,,,,,,
7238,,,,,,,,,
7353,,,,,,,,,
7178,,,,,,,,,
7129,,,,,,,,,
7379,,,,,,,,,
7011,,,,,,,,,
7362,,,,,,,,,
7079,,,,,,,,,
7038,,,,,,,,,
7299,,,,,,,,,
7059,,,,,,,,,
7103,,,,,,,,,
7268,,,,,,,,,
7117,,,,,,,,,
7239,,,,,,,,,
7263,,,,,,,,,
7151,,,,,,,,,
7220,,,,,,,,,
7190,,,,,,,,,
7319,,,,,,,,,
7250,,,,,,,,,
7098,,,,,,,,,
7152,,,,,,,,,
7354,,,,,,,,,
7039,,,,,,,,,
7179,,,,,,,,,
7118,,,,,,,,,
7278,,,,,,,,,
7192,,,,,,,,,
7380,,,,,,,,,
7018,,,,,,,,,
7234,,,,,,,,,
7300,,,,,,,,,
7052,,,,,,,,,
7221,,,,,,,,,
7320,,,,,,,,,
7068,,,,,,,,,
7130,,,,,,,,,
7335,,,,,,,,,
7213,,,,,,,,,
7133,,,,,,,,,
7336,,,,,,,,,
7099,,,,,,,,,
7227,,,,,,,,,
7301,,,,,,,,,
7149,,,,,,,,,
7381,,,,,,,,,
7282,,,,,,,,,
7119,,,,,,,,,
7314,,,,,,,,,
7251,,,,,,,,,
7183,,,,,,,,,
7072,,,,,,,,,
7028,,,,,,,,,
7191,,,,,,,,,
7048,,,,,,,,,
7019,,,,,,,,,
7355,,,,,,,,,
7073,,,,,,,,,
7123,,,,,,,,,
7359,,,,,,,,,
7139,,,,,,,,,
7173,,,,,,,,,
7204,,,,,,,,,
7382,,,,,,,,,
7053,,,,,,,,,
7032,,,,,,,,,
7273,,,,,,,,,
7252,,,,,,,,,
7328,,,,,,,,,
7102,,,,,,,,,
7293,,,,,,,,,
7163,,,,,,,,,
7312,,,,,,,,,
7200,,,,,,,,,
7228,,,,,,,,,
7210,,,,,,,,,
7383,,,,,,,,,
7356,,,,,,,,,
7321,,,,,,,,,
7120,,,,,,,,,
7269,,,,,,,,,
7193,,,,,,,,,
7060,,,,,,,,,
7100,,,,,,,,,
7180,,,,,,,,,
7012,,,,,,,,,
7302,,,,,,,,,
7211,,,,,,,,,
7337,,,,,,,,,
7033,,,,,,,,,
7259,,,,,,,,,
7240,,,,,,,,,
7131,,,,,,,,,
7150,,,,,,,,,
7083,,,,,,,,,
7140,,,,,,,,,
7260,,,,,,,,,
7121,,,,,,,,,
7080,,,,,,,,,
7158,,,,,,,,,
7241,,,,,,,,,
7101,,,,,,,,,
7172,,,,,,,,,
7214,,,,,,,,,
7332,,,,,,,,,
7357,,,,,,,,,
7010,,,,,,,,,
7029,,,,,,,,,
7309,,,,,,,,,
7201,,,,,,,,,
7270,,,,,,,,,
7061,,,,,,,,,
7286,,,,,,,,,
7384,,,,,,,,,
7333,,,,,,,,,
7222,,,,,,,,,
7279,,,,,,,,,
7310,,,,,,,,,
7198,,,,,,,,,
7372,,,,,,,,,
7022,,,,,,,,,
7229,,,,,,,,,
7349,,,,,,,,,
7288,,,,,,,,,
7069,,,,,,,,,
7165,,,,,,,,,
7049,,,,,,,,,
7159,,,,,,,,,
7142,,,,,,,,,
7088,,,,,,,,,
7040,,,,,,,,,
7254,,,,,,,,,
7113,,,,,,,,,
7646,,,,,,,,,
7434,,,,,,,,,
7708,,,,,,,,,
7484,,,,,,,,,
7619,,,,,,,,,
7601,,,,,,,,,
7728,,,,,,,,,
7573,,,,,,,,,
7701,,,,,,,,,
7464,,,,,,,,,
7681,,,,,,,,,
7414,,,,,,,,,
7625,,,,,,,,,
7385,,,,,,,,,
7524,,,,,,,,,
7494,,,,,,,,,
7534,,,,,,,,,
7614,,,,,,,,,
7753,,,,,,,,,
7504,,,,,,,,,
7745,,,,,,,,,
7396,,,,,,,,,
7702,,,,,,,,,
7689,,,,,,,,,
7664,,,,,,,,,
7485,,,,,,,,,
7615,,,,,,,,,
7465,,,,,,,,,
7671,,,,,,,,,
7514,,,,,,,,,
7593,,,,,,,,,
7535,,,,,,,,,
7731,,,,,,,,,
7415,,,,,,,,,
7564,,,,,,,,,
7442,,,,,,,,,
7642,,,,,,,,,
7574,,,,,,,,,
7611,,,,,,,,,
7562,,,,,,,,,
7755,,,,,,,,,
7516,,,,,,,,,
7491,,,,,,,,,
7510,,,,,,,,,
7470,,,,,,,,,
7397,,,,,,,,,
7444,,,,,,,,,
7590,,,,,,,,,
7395,,,,,,,,,
7603,,,,,,,,,
7424,,,,,,,,,
7695,,,,,,,,,
7729,,,,,,,,,
7744,,,,,,,,,
7655,,,,,,,,,
7677,,,,,,,,,
7635,,,,,,,,,
7517,,,,,,,,,
7626,,,,,,,,,
7581,,,,,,,,,
7722,,,,,,,,,
7471,,,,,,,,,
7672,,,,,,,,,
7394,,,,,,,,,
7423,,,,,,,,,
7505,,,,,,,,,
7703,,,,,,,,,
7656,,,,,,,,,
7435,,,,,,,,,
7682,,,,,,,,,
7486,,,,,,,,,
7594,,,,,,,,,
7540,,,,,,,,,
7620,,,,,,,,,
7746,,,,,,,,,
7565,,,,,,,,,
7712,,,,,,,,,
7454,,,,,,,,,
7709,,,,,,,,,
7474,,,,,,,,,
7747,,,,,,,,,
7436,,,,,,,,,
7627,,,,,,,,,
7543,,,,,,,,,
7386,,,,,,,,,
7690,,,,,,,,,
7732,,,,,,,,,
7566,,,,,,,,,
7647,,,,,,,,,
7502,,,,,,,,,
7575,,,,,,,,,
7525,,,,,,,,,
7416,,,,,,,,,
7621,,,,,,,,,
7595,,,,,,,,,
7411,,,,,,,,,
7545,,,,,,,,,
7719,,,,,,,,,
7739,,,,,,,,,
7554,,,,,,,,,
7403,,,,,,,,,
7430,,,,,,,,,
7481,,,,,,,,,
7604,,,,,,,,,
7756,,,,,,,,,
7455,,,,,,,,,
7526,,,,,,,,,
7450,,,,,,,,,
7591,,,,,,,,,
7645,,,,,,,,,
7669,,,,,,,,,
7644,,,,,,,,,
7696,,,,,,,,,
7495,,,,,,,,,
7431,,,,,,,,,
7496,,,,,,,,,
7652,,,,,,,,,
7527,,,,,,,,,
7605,,,,,,,,,
7633,,,,,,,,,
7541,,,,,,,,,
7683,,,,,,,,,
7757,,,,,,,,,
7405,,,,,,,,,
7555,,,,,,,,,
7392,,,,,,,,,
7583,,,,,,,,,
7445,,,,,,,,,
7466,,,,,,,,,
7492,,,,,,,,,
7742,,,,,,,,,
7723,,,,,,,,,
7710,,,,,,,,,
7475,,,,,,,,,
7721,,,,,,,,,
7740,,,,,,,,,
7643,,,,,,,,,
7398,,,,,,,,,
7602,,,,,,,,,
7700,,,,,,,,,
7567,,,,,,,,,
7657,,,,,,,,,
7506,,,,,,,,,
7673,,,,,,,,,
7622,,,,,,,,,
7456,,,,,,,,,
7546,,,,,,,,,
7748,,,,,,,,,
7437,,,,,,,,,
7576,,,,,,,,,
7518,,,,,,,,,
7417,,,,,,,,,
7758,,,,,,,,,
7412,,,,,,,,,
7628,,,,,,,,,
7592,,,,,,,,,
7697,,,,,,,,,
7724,,,,,,,,,
7547,,,,,,,,,
7451,,,,,,,,,
7432,,,,,,,,,
7556,,,,,,,,,
7606,,,,,,,,,
7653,,,,,,,,,
7670,,,,,,,,,
7706,,,,,,,,,
7497,,,,,,,,,
7387,,,,,,,,,
7472,,,,,,,,,
7493,,,,,,,,,
7533,,,,,,,,,
7457,,,,,,,,,
7733,,,,,,,,,
7568,,,,,,,,,
7648,,,,,,,,,
7636,,,,,,,,,
7438,,,,,,,,,
7577,,,,,,,,,
7498,,,,,,,,,
7596,,,,,,,,,
7399,,,,,,,,,
7713,,,,,,,,,
7665,,,,,,,,,
7476,,,,,,,,,
7532,,,,,,,,,
7691,,,,,,,,,
7623,,,,,,,,,
7749,,,,,,,,,
7418,,,,,,,,,
7548,,,,,,,,,
7734,,,,,,,,,
7528,,,,,,,,,
7419,,,,,,,,,
7462,,,,,,,,,
7549,,,,,,,,,
7582,,,,,,,,,
7616,,,,,,,,,
7649,,,,,,,,,
7750,,,,,,,,,
7629,,,,,,,,,
7482,,,,,,,,,
7499,,,,,,,,,
7714,,,,,,,,,
7666,,,,,,,,,
7388,,,,,,,,,
7597,,,,,,,,,
7569,,,,,,,,,
7443,,,,,,,,,
7698,,,,,,,,,
7553,,,,,,,,,
7667,,,,,,,,,
7624,,,,,,,,,
7500,,,,,,,,,
7467,,,,,,,,,
7704,,,,,,,,,
7754,,,,,,,,,
7529,,,,,,,,,
7439,,,,,,,,,
7487,,,,,,,,,
7730,,,,,,,,,
7692,,,,,,,,,
7389,,,,,,,,,
7630,,,,,,,,,
7570,,,,,,,,,
7422,,,,,,,,,
7598,,,,,,,,,
7578,,,,,,,,,
7650,,,,,,,,,
7584,,,,,,,,,
7425,,,,,,,,,
7684,,,,,,,,,
7613,,,,,,,,,
7452,,,,,,,,,
7674,,,,,,,,,
7637,,,,,,,,,
7413,,,,,,,,,
7511,,,,,,,,,
7519,,,,,,,,,
7658,,,,,,,,,
7536,,,,,,,,,
7759,,,,,,,,,
7557,,,,,,,,,
7488,,,,,,,,,
7473,,,,,,,,,
7725,,,,,,,,,
7705,,,,,,,,,
7400,,,,,,,,,
7404,,,,,,,,,
7693,,,,,,,,,
7599,,,,,,,,,
7550,,,,,,,,,
7507,,,,,,,,,
7571,,,,,,,,,
7420,,,,,,,,,
7707,,,,,,,,,
7520,,,,,,,,,
7726,,,,,,,,,
7489,,,,,,,,,
7638,,,,,,,,,
7579,,,,,,,,,
7468,,,,,,,,,
7440,,,,,,,,,
7751,,,,,,,,,
7675,,,,,,,,,
7659,,,,,,,,,
7617,,,,,,,,,
7639,,,,,,,,,
7477,,,,,,,,,
7537,,,,,,,,,
7715,,,,,,,,,
7660,,,,,,,,,
7421,,,,,,,,,
7572,,,,,,,,,
7685,,,,,,,,,
7463,,,,,,,,,
7678,,,,,,,,,
7515,,,,,,,,,
7544,,,,,,,,,
7752,,,,,,,,,
7741,,,,,,,,,
7618,,,,,,,,,
7580,,,,,,,,,
7508,,,,,,,,,
7600,,,,,,,,,
7441,,,,,,,,,
7676,,,,,,,,,
7585,,,,,,,,,
7478,,,,,,,,,
7426,,,,,,,,,
7760,,,,,,,,,
7512,,,,,,,,,
7735,,,,,,,,,
7563,,,,,,,,,
7661,,,,,,,,,
7538,,,,,,,,,
7640,,,,,,,,,
7446,,,,,,,,,
7716,,,,,,,,,
7607,,,,,,,,,
7406,,,,,,,,,
7686,,,,,,,,,
7521,,,,,,,,,
7401,,,,,,,,,
7458,,,,,,,,,
7663,,,,,,,,,
7453,,,,,,,,,
7459,,,,,,,,,
7699,,,,,,,,,
7679,,,,,,,,,
7522,,,,,,,,,
7720,,,,,,,,,
7612,,,,,,,,,
7641,,,,,,,,,
7407,,,,,,,,,
7433,,,,,,,,,
7586,,,,,,,,,
7736,,,,,,,,,
7558,,,,,,,,,
7761,,,,,,,,,
7551,,,,,,,,,
7402,,,,,,,,,
7513,,,,,,,,,
7479,,,,,,,,,
7694,,,,,,,,,
7608,,,,,,,,,
7501,,,,,,,,,
7408,,,,,,,,,
7587,,,,,,,,,
7390,,,,,,,,,
7460,,,,,,,,,
7762,,,,,,,,,
7717,,,,,,,,,
7559,,,,,,,,,
7447,,,,,,,,,
7427,,,,,,,,,
7483,,,,,,,,,
7530,,,,,,,,,
7651,,,,,,,,,
7668,,,,,,,,,
7634,,,,,,,,,
7552,,,,,,,,,
7737,,,,,,,,,
7448,,,,,,,,,
7391,,,,,,,,,
7531,,,,,,,,,
7560,,,,,,,,,
7409,,,,,,,,,
7542,,,,,,,,,
7480,,,,,,,,,
7711,,,,,,,,,
7738,,,,,,,,,
7588,,,,,,,,,
7609,,,,,,,,,
7763,,,,,,,,,
7461,,,,,,,,,
7503,,,,,,,,,
7428,,,,,,,,,
7631,,,,,,,,,
7654,,,,,,,,,
7687,,,,,,,,,
7718,,,,,,,,,
7561,,,,,,,,,
7764,,,,,,,,,
7393,,,,,,,,,
7449,,,,,,,,,
7429,,,,,,,,,
7662,,,,,,,,,
7523,,,,,,,,,
7589,,,,,,,,,
7680,,,,,,,,,
7688,,,,,,,,,
7539,,,,,,,,,
7509,,,,,,,,,
7632,,,,,,,,,
7410,,,,,,,,,
7610,,,,,,,,,
7743,,,,,,,,,
7727,,,,,,,,,
7490,,,,,,,,,
7469,,,,,,,,,
7765,,,,,,,,,
7955,,,,,,,,,
7934,,,,,,,,,
8002,,,,,,,,,
7912,,,,,,,,,
7975,,,,,,,,,
7896,,,,,,,,,
7855,,,,,,,,,
8071,,,,,,,,,
8019,,,,,,,,,
8121,,,,,,,,,
7835,,,,,,,,,
7875,,,,,,,,,
7811,,,,,,,,,
8023,,,,,,,,,
8066,,,,,,,,,
7792,,,,,,,,,
8129,,,,,,,,,
8099,,,,,,,,,
7974,,,,,,,,,
7865,,,,,,,,,
8046,,,,,,,,,
7935,,,,,,,,,
7845,,,,,,,,,
8081,,,,,,,,,
8122,,,,,,,,,
7776,,,,,,,,,
7815,,,,,,,,,
7922,,,,,,,,,
7795,,,,,,,,,
8038,,,,,,,,,
8102,,,,,,,,,
8064,,,,,,,,,
7885,,,,,,,,,
7945,,,,,,,,,
7843,,,,,,,,,
7991,,,,,,,,,
8005,,,,,,,,,
7886,,,,,,,,,
8015,,,,,,,,,
8135,,,,,,,,,
8082,,,,,,,,,
7786,,,,,,,,,
8041,,,,,,,,,
8024,,,,,,,,,
8056,,,,,,,,,
7783,,,,,,,,,
7882,,,,,,,,,
7825,,,,,,,,,
7995,,,,,,,,,
7936,,,,,,,,,
8103,,,,,,,,,
7946,,,,,,,,,
7863,,,,,,,,,
7812,,,,,,,,,
7915,,,,,,,,,
7965,,,,,,,,,
8057,,,,,,,,,
7775,,,,,,,,,
7836,,,,,,,,,
7916,,,,,,,,,
8025,,,,,,,,,
7805,,,,,,,,,
7772,,,,,,,,,
7951,,,,,,,,,
7851,,,,,,,,,
7982,,,,,,,,,
8006,,,,,,,,,
8130,,,,,,,,,
7891,,,,,,,,,
8083,,,,,,,,,
8104,,,,,,,,,
7937,,,,,,,,,
8042,,,,,,,,,
7866,,,,,,,,,
7992,,,,,,,,,
7846,,,,,,,,,
8091,,,,,,,,,
7905,,,,,,,,,
8072,,,,,,,,,
7867,,,,,,,,,
7844,,,,,,,,,
7985,,,,,,,,,
8131,,,,,,,,,
8118,,,,,,,,,
8026,,,,,,,,,
7925,,,,,,,,,
7956,,,,,,,,,
8043,,,,,,,,,
7976,,,,,,,,,
7787,,,,,,,,,
7813,,,,,,,,,
7773,,,,,,,,,
8007,,,,,,,,,
7895,,,,,,,,,
8088,,,,,,,,,
7996,,,,,,,,,
8047,,,,,,,,,
7796,,,,,,,,,
8100,,,,,,,,,
7917,,,,,,,,,
7837,,,,,,,,,
7876,,,,,,,,,
8123,,,,,,,,,
8108,,,,,,,,,
7824,,,,,,,,,
7966,,,,,,,,,
7952,,,,,,,,,
7887,,,,,,,,,
7938,,,,,,,,,
8058,,,,,,,,,
7864,,,,,,,,,
7777,,,,,,,,,
8033,,,,,,,,,
7778,,,,,,,,,
7913,,,,,,,,,
7816,,,,,,,,,
8034,,,,,,,,,
8136,,,,,,,,,
8078,,,,,,,,,
8112,,,,,,,,,
8020,,,,,,,,,
7926,,,,,,,,,
7856,,,,,,,,,
8048,,,,,,,,,
8092,,,,,,,,,
7997,,,,,,,,,
7826,,,,,,,,,
7967,,,,,,,,,
7877,,,,,,,,,
7897,,,,,,,,,
7797,,,,,,,,,
7957,,,,,,,,,
8109,,,,,,,,,
7827,,,,,,,,,
7798,,,,,,,,,
7968,,,,,,,,,
7878,,,,,,,,,
8137,,,,,,,,,
7947,,,,,,,,,
7892,,,,,,,,,
8049,,,,,,,,,
7939,,,,,,,,,
8035,,,,,,,,,
7779,,,,,,,,,
8016,,,,,,,,,
7918,,,,,,,,,
7857,,,,,,,,,
8084,,,,,,,,,
7998,,,,,,,,,
8059,,,,,,,,,
7817,,,,,,,,,
8008,,,,,,,,,
7977,,,,,,,,,
7927,,,,,,,,,
8119,,,,,,,,,
7828,,,,,,,,,
7986,,,,,,,,,
7868,,,,,,,,,
7958,,,,,,,,,
8097,,,,,,,,,
7793,,,,,,,,,
8138,,,,,,,,,
7898,,,,,,,,,
7806,,,,,,,,,
7766,,,,,,,,,
8069,,,,,,,,,
8030,,,,,,,,,
8079,,,,,,,,,
7847,,,,,,,,,
7906,,,,,,,,,
7919,,,,,,,,,
8133,,,,,,,,,
7978,,,,,,,,,
8004,,,,,,,,,
7948,,,,,,,,,
7829,,,,,,,,,
8060,,,,,,,,,
7788,,,,,,,,,
7940,,,,,,,,,
7814,,,,,,,,,
7774,,,,,,,,,
7858,,,,,,,,,
8085,,,,,,,,,
8027,,,,,,,,,
8101,,,,,,,,,
7893,,,,,,,,,
7883,,,,,,,,,
8111,,,,,,,,,
8139,,,,,,,,,
7871,,,,,,,,,
8073,,,,,,,,,
7987,,,,,,,,,
7785,,,,,,,,,
7799,,,,,,,,,
7899,,,,,,,,,
8013,,,,,,,,,
8132,,,,,,,,,
8054,,,,,,,,,
8067,,,,,,,,,
7907,,,,,,,,,
8113,,,,,,,,,
7838,,,,,,,,,
7848,,,,,,,,,
8124,,,,,,,,,
7969,,,,,,,,,
7959,,,,,,,,,
7818,,,,,,,,,
7928,,,,,,,,,
7953,,,,,,,,,
8031,,,,,,,,,
8125,,,,,,,,,
7859,,,,,,,,,
8061,,,,,,,,,
8068,,,,,,,,,
7789,,,,,,,,,
7807,,,,,,,,,
7839,,,,,,,,,
7972,,,,,,,,,
8086,,,,,,,,,
7879,,,,,,,,,
7920,,,,,,,,,
7941,,,,,,,,,
7999,,,,,,,,,
8105,,,,,,,,,
8021,,,,,,,,,
7888,,,,,,,,,
7780,,,,,,,,,
8140,,,,,,,,,
7808,,,,,,,,,
7849,,,,,,,,,
7831,,,,,,,,,
7889,,,,,,,,,
7767,,,,,,,,,
7942,,,,,,,,,
7979,,,,,,,,,
8110,,,,,,,,,
8009,,,,,,,,,
7949,,,,,,,,,
7988,,,,,,,,,
7790,,,,,,,,,
8044,,,,,,,,,
8062,,,,,,,,,
7923,,,,,,,,,
8032,,,,,,,,,
8087,,,,,,,,,
7869,,,,,,,,,
7989,,,,,,,,,
7900,,,,,,,,,
8093,,,,,,,,,
7960,,,,,,,,,
7819,,,,,,,,,
8114,,,,,,,,,
7850,,,,,,,,,
7870,,,,,,,,,
8036,,,,,,,,,
7908,,,,,,,,,
8141,,,,,,,,,
8074,,,,,,,,,
8050,,,,,,,,,
8010,,,,,,,,,
7781,,,,,,,,,
7832,,,,,,,,,
7932,,,,,,,,,
7970,,,,,,,,,
7803,,,,,,,,,
8037,,,,,,,,,
7929,,,,,,,,,
7901,,,,,,,,,
7909,,,,,,,,,
7782,,,,,,,,,
7961,,,,,,,,,
8126,,,,,,,,,
8075,,,,,,,,,
7973,,,,,,,,,
7800,,,,,,,,,
8000,,,,,,,,,
8094,,,,,,,,,
7822,,,,,,,,,
7860,,,,,,,,,
7880,,,,,,,,,
8022,,,,,,,,,
8115,,,,,,,,,
7840,,,,,,,,,
8051,,,,,,,,,
7801,,,,,,,,,
7962,,,,,,,,,
8120,,,,,,,,,
7902,,,,,,,,,
8052,,,,,,,,,
8095,,,,,,,,,
7768,,,,,,,,,
8011,,,,,,,,,
7823,,,,,,,,,
7872,,,,,,,,,
7830,,,,,,,,,
7852,,,,,,,,,
7930,,,,,,,,,
7980,,,,,,,,,
7993,,,,,,,,,
8142,,,,,,,,,
7910,,,,,,,,,
8134,,,,,,,,,
8080,,,,,,,,,
7820,,,,,,,,,
8116,,,,,,,,,
8012,,,,,,,,,
8098,,,,,,,,,
8039,,,,,,,,,
7933,,,,,,,,,
7990,,,,,,,,,
7914,,,,,,,,,
7804,,,,,,,,,
7963,,,,,,,,,
7769,,,,,,,,,
7903,,,,,,,,,
8076,,,,,,,,,
8127,,,,,,,,,
7873,,,,,,,,,
7841,,,,,,,,,
7983,,,,,,,,,
8053,,,,,,,,,
7853,,,,,,,,,
8055,,,,,,,,,
8143,,,,,,,,,
8040,,,,,,,,,
7821,,,,,,,,,
7971,,,,,,,,,
8014,,,,,,,,,
8106,,,,,,,,,
7854,,,,,,,,,
7924,,,,,,,,,
7994,,,,,,,,,
7894,,,,,,,,,
7874,,,,,,,,,
7802,,,,,,,,,
8065,,,,,,,,,
7954,,,,,,,,,
8090,,,,,,,,,
7784,,,,,,,,,
7943,,,,,,,,,
7833,,,,,,,,,
7834,,,,,,,,,
7884,,,,,,,,,
8077,,,,,,,,,
8017,,,,,,,,,
7861,,,,,,,,,
7984,,,,,,,,,
8028,,,,,,,,,
7931,,,,,,,,,
8003,,,,,,,,,
7904,,,,,,,,,
8045,,,,,,,,,
7964,,,,,,,,,
7911,,,,,,,,,
7770,,,,,,,,,
8144,,,,,,,,,
7809,,,,,,,,,
7794,,,,,,,,,
8096,,,,,,,,,
8117,,,,,,,,,
7944,,,,,,,,,
7862,,,,,,,,,
7771,,,,,,,,,
7881,,,,,,,,,
8107,,,,,,,,,
7810,,,,,,,,,
7890,,,,,,,,,
8070,,,,,,,,,
8089,,,,,,,,,
7842,,,,,,,,,
8063,,,,,,,,,
7981,,,,,,,,,
8018,,,,,,,,,
8029,,,,,,,,,
7791,,,,,,,,,
7921,,,,,,,,,
8001,,,,,,,,,
8128,,,,,,,,,
7950,,,,,,,,,
8373,,,,,,,,,
8235,,,,,,,,,
8480,,,,,,,,,
8145,,,,,,,,,
8411,,,,,,,,,
8215,,,,,,,,,
8385,,,,,,,,,
8444,,,,,,,,,
8175,,,,,,,,,
8255,,,,,,,,,
8295,,,,,,,,,
8315,,,,,,,,,
8281,,,,,,,,,
8353,,,,,,,,,
8514,,,,,,,,,
8503,,,,,,,,,
8195,,,,,,,,,
8515,,,,,,,,,
8424,,,,,,,,,
8185,,,,,,,,,
8516,,,,,,,,,
8375,,,,,,,,,
8335,,,,,,,,,
8484,,,,,,,,,
8172,,,,,,,,,
8292,,,,,,,,,
8355,,,,,,,,,
8205,,,,,,,,,
8305,,,,,,,,,
8155,,,,,,,,,
8454,,,,,,,,,
8264,,,,,,,,,
8395,,,,,,,,,
8325,,,,,,,,,
8434,,,,,,,,,
8242,,,,,,,,,
8413,,,,,,,,,
8494,,,,,,,,,
8455,,,,,,,,,
8265,,,,,,,,,
8154,,,,,,,,,
8356,,,,,,,,,
8231,,,,,,,,,
8245,,,,,,,,,
8472,,,,,,,,,
8316,,,,,,,,,
8425,,,,,,,,,
8165,,,,,,,,,
8275,,,,,,,,,
8345,,,,,,,,,
8296,,,,,,,,,
8504,,,,,,,,,
8186,,,,,,,,,
8405,,,,,,,,,
8451,,,,,,,,,
8382,,,,,,,,,
8216,,,,,,,,,
8211,,,,,,,,,
8196,,,,,,,,,
8396,,,,,,,,,
8491,,,,,,,,,
8389,,,,,,,,,
8297,,,,,,,,,
8156,,,,,,,,,
8501,,,,,,,,,
8365,,,,,,,,,
8465,,,,,,,,,
8346,,,,,,,,,
8236,,,,,,,,,
8430,,,,,,,,,
8445,,,,,,,,,
8517,,,,,,,,,
8176,,,,,,,,,
8282,,,,,,,,,
8256,,,,,,,,,
8317,,,,,,,,,
8397,,,,,,,,,
8276,,,,,,,,,
8177,,,,,,,,,
8217,,,,,,,,,
8366,,,,,,,,,
8473,,,,,,,,,
8197,,,,,,,,,
8262,,,,,,,,,
8453,,,,,,,,,
8495,,,,,,,,,
8390,,,,,,,,,
8426,,,,,,,,,
8318,,,,,,,,,
8298,,,,,,,,,
8244,,,,,,,,,
8518,,,,,,,,,
8347,,,,,,,,,
8466,,,,,,,,,
8157,,,,,,,,,
8158,,,,,,,,,
8218,,,,,,,,,
8467,,,,,,,,,
8166,,,,,,,,,
8191,,,,,,,,,
8283,,,,,,,,,
8402,,,,,,,,,
8376,,,,,,,,,
8348,,,,,,,,,
8481,,,,,,,,,
8431,,,,,,,,,
8304,,,,,,,,,
8446,,,,,,,,,
8319,,,,,,,,,
8496,,,,,,,,,
8237,,,,,,,,,
8519,,,,,,,,,
8364,,,,,,,,,
8257,,,,,,,,,
8493,,,,,,,,,
8386,,,,,,,,,
8497,,,,,,,,,
8441,,,,,,,,,
8206,,,,,,,,,
8336,,,,,,,,,
8326,,,,,,,,,
8482,,,,,,,,,
8198,,,,,,,,,
8520,,,,,,,,,
8367,,,,,,,,,
8398,,,,,,,,,
8238,,,,,,,,,
8161,,,,,,,,,
8414,,,,,,,,,
8306,,,,,,,,,
8263,,,,,,,,,
8285,,,,,,,,,
8184,,,,,,,,,
8173,,,,,,,,,
8349,,,,,,,,,
8207,,,,,,,,,
8483,,,,,,,,,
8377,,,,,,,,,
8146,,,,,,,,,
8427,,,,,,,,,
8277,,,,,,,,,
8299,,,,,,,,,
8192,,,,,,,,,
8485,,,,,,,,,
8521,,,,,,,,,
8498,,,,,,,,,
8357,,,,,,,,,
8258,,,,,,,,,
8468,,,,,,,,,
8320,,,,,,,,,
8239,,,,,,,,,
8447,,,,,,,,,
8312,,,,,,,,,
8178,,,,,,,,,
8416,,,,,,,,,
8246,,,,,,,,,
8505,,,,,,,,,
8199,,,,,,,,,
8225,,,,,,,,,
8337,,,,,,,,,
8412,,,,,,,,,
8442,,,,,,,,,
8464,,,,,,,,,
8486,,,,,,,,,
8152,,,,,,,,,
8266,,,,,,,,,
8286,,,,,,,,,
8334,,,,,,,,,
8387,,,,,,,,,
8208,,,,,,,,,
8368,,,,,,,,,
8362,,,,,,,,,
8474,,,,,,,,,
8327,,,,,,,,,
8193,,,,,,,,,
8307,,,,,,,,,
8287,,,,,,,,,
8378,,,,,,,,,
8417,,,,,,,,,
8164,,,,,,,,,
8243,,,,,,,,,
8399,,,,,,,,,
8502,,,,,,,,,
8522,,,,,,,,,
8167,,,,,,,,,
8338,,,,,,,,,
8259,,,,,,,,,
8219,,,,,,,,,
8435,,,,,,,,,
8470,,,,,,,,,
8511,,,,,,,,,
8448,,,,,,,,,
8391,,,,,,,,,
8232,,,,,,,,,
8247,,,,,,,,,
8212,,,,,,,,,
8267,,,,,,,,,
8369,,,,,,,,,
8302,,,,,,,,,
8462,,,,,,,,,
8321,,,,,,,,,
8183,,,,,,,,,
8354,,,,,,,,,
8278,,,,,,,,,
8406,,,,,,,,,
8147,,,,,,,,,
8432,,,,,,,,,
8487,,,,,,,,,
8200,,,,,,,,,
8436,,,,,,,,,
8407,,,,,,,,,
8339,,,,,,,,,
8288,,,,,,,,,
8168,,,,,,,,,
8328,,,,,,,,,
8187,,,,,,,,,
8220,,,,,,,,,
8240,,,,,,,,,
8153,,,,,,,,,
8418,,,,,,,,,
8260,,,,,,,,,
8358,,,,,,,,,
8383,,,,,,,,,
8313,,,,,,,,,
8475,,,,,,,,,
8471,,,,,,,,,
8499,,,,,,,,,
8523,,,,,,,,,
8419,,,,,,,,,
8234,,,,,,,,,
8289,,,,,,,,,
8463,,,,,,,,,
8329,,,,,,,,,
8443,,,,,,,,,
8148,,,,,,,,,
8268,,,,,,,,,
8222,,,,,,,,,
8248,,,,,,,,,
8359,,,,,,,,,
8506,,,,,,,,,
8379,,,,,,,,,
8188,,,,,,,,,
8169,,,,,,,,,
8340,,,,,,,,,
8423,,,,,,,,,
8308,,,,,,,,,
8476,,,,,,,,,
8341,,,,,,,,,
8507,,,,,,,,,
8437,,,,,,,,,
8330,,,,,,,,,
8415,,,,,,,,,
8309,,,,,,,,,
8456,,,,,,,,,
8249,,,,,,,,,
8403,,,,,,,,,
8273,,,,,,,,,
8294,,,,,,,,,
8179,,,,,,,,,
8201,,,,,,,,,
8226,,,,,,,,,
8221,,,,,,,,,
8374,,,,,,,,,
8477,,,,,,,,,
8159,,,,,,,,,
8392,,,,,,,,,
8290,,,,,,,,,
8149,,,,,,,,,
8261,,,,,,,,,
8314,,,,,,,,,
8438,,,,,,,,,
8420,,,,,,,,,
8408,,,,,,,,,
8180,,,,,,,,,
8524,,,,,,,,,
8393,,,,,,,,,
8342,,,,,,,,,
8204,,,,,,,,,
8370,,,,,,,,,
8469,,,,,,,,,
8478,,,,,,,,,
8223,,,,,,,,,
8500,,,,,,,,,
8331,,,,,,,,,
8241,,,,,,,,,
8227,,,,,,,,,
8428,,,,,,,,,
8371,,,,,,,,,
8269,,,,,,,,,
8457,,,,,,,,,
8251,,,,,,,,,
8322,,,,,,,,,
8508,,,,,,,,,
8350,,,,,,,,,
8284,,,,,,,,,
8162,,,,,,,,,
8452,,,,,,,,,
8388,,,,,,,,,
8488,,,,,,,,,
8209,,,,,,,,,
8202,,,,,,,,,
8181,,,,,,,,,
8400,,,,,,,,,
8300,,,,,,,,,
8252,,,,,,,,,
8323,,,,,,,,,
8160,,,,,,,,,
8360,,,,,,,,,
8270,,,,,,,,,
8458,,,,,,,,,
8449,,,,,,,,,
8228,,,,,,,,,
8433,,,,,,,,,
8512,,,,,,,,,
8401,,,,,,,,,
8210,,,,,,,,,
8279,,,,,,,,,
8189,,,,,,,,,
8489,,,,,,,,,
8380,,,,,,,,,
8303,,,,,,,,,
8170,,,,,,,,,
8351,,,,,,,,,
8381,,,,,,,,,
8459,,,,,,,,,
8310,,,,,,,,,
8343,,,,,,,,,
8291,,,,,,,,,
8274,,,,,,,,,
8509,,,,,,,,,
8439,,,,,,,,,
8174,,,,,,,,,
8492,,,,,,,,,
8332,,,,,,,,,
8233,,,,,,,,,
8163,,,,,,,,,
8213,,,,,,,,,
8253,,,,,,,,,
8361,,,,,,,,,
8421,,,,,,,,,
8194,,,,,,,,,
8404,,,,,,,,,
8271,,,,,,,,,
8301,,,,,,,,,
8203,,,,,,,,,
8513,,,,,,,,,
8229,,,,,,,,,
8182,,,,,,,,,
8352,,,,,,,,,
8460,,,,,,,,,
8479,,,,,,,,,
8324,,,,,,,,,
8224,,,,,,,,,
8254,,,,,,,,,
8450,,,,,,,,,
8409,,,,,,,,,
8429,,,,,,,,,
8150,,,,,,,,,
8394,,,,,,,,,
8372,,,,,,,,,
8280,,,,,,,,,
8333,,,,,,,,,
8250,,,,,,,,,
8490,,,,,,,,,
8422,,,,,,,,,
8410,,,,,,,,,
8510,,,,,,,,,
8363,,,,,,,,,
8311,,,,,,,,,
8190,,,,,,,,,
8230,,,,,,,,,
8384,,,,,,,,,
8272,,,,,,,,,
8214,,,,,,,,,
8171,,,,,,,,,
8461,,,,,,,,,
8440,,,,,,,,,
8293,,,,,,,,,
8151,,,,,,,,,
8344,,,,,,,,,
8895,,,,,,,,,
8705,,,,,,,,,
8753,,,,,,,,,
8855,,,,,,,,,
8615,,,,,,,,,
8782,,,,,,,,,
8554,,,,,,,,,
8694,,,,,,,,,
8602,,,,,,,,,
8715,,,,,,,,,
8871,,,,,,,,,
8755,,,,,,,,,
8565,,,,,,,,,
8665,,,,,,,,,
8798,,,,,,,,,
8642,,,,,,,,,
8828,,,,,,,,,
8863,,,,,,,,,
8531,,,,,,,,,
8681,,,,,,,,,
8838,,,,,,,,,
8829,,,,,,,,,
8725,,,,,,,,,
8793,,,,,,,,,
8735,,,,,,,,,
8783,,,,,,,,,
8643,,,,,,,,,
8535,,,,,,,,,
8881,,,,,,,,,
8765,,,,,,,,,
8864,,,,,,,,,
8595,,,,,,,,,
8555,,,,,,,,,
8616,,,,,,,,,
8816,,,,,,,,,
8655,,,,,,,,,
8575,,,,,,,,,
8695,,,,,,,,,
8773,,,,,,,,,
8525,,,,,,,,,
8865,,,,,,,,,
8696,,,,,,,,,
8656,,,,,,,,,
8556,,,,,,,,,
8856,,,,,,,,,
8830,,,,,,,,,
8675,,,,,,,,,
8635,,,,,,,,,
8736,,,,,,,,,
8794,,,,,,,,,
8775,,,,,,,,,
8576,,,,,,,,,
8813,,,,,,,,,
8621,,,,,,,,,
8596,,,,,,,,,
8882,,,,,,,,,
8726,,,,,,,,,
8577,,,,,,,,,
8605,,,,,,,,,
8666,,,,,,,,,
8557,,,,,,,,,
8737,,,,,,,,,
8896,,,,,,,,,
8625,,,,,,,,,
8849,,,,,,,,,
8774,,,,,,,,,
8776,,,,,,,,,
8645,,,,,,,,,
8597,,,,,,,,,
8803,,,,,,,,,
8685,,,,,,,,,
8526,,,,,,,,,
8880,,,,,,,,,
8697,,,,,,,,,
8728,,,,,,,,,
8818,,,,,,,,,
8542,,,,,,,,,
8545,,,,,,,,,
8756,,,,,,,,,
8723,,,,,,,,,
8848,,,,,,,,,
8819,,,,,,,,,
8811,,,,,,,,,
8566,,,,,,,,,
8626,,,,,,,,,
8657,,,,,,,,,
8839,,,,,,,,,
8676,,,,,,,,,
8883,,,,,,,,,
8654,,,,,,,,,
8706,,,,,,,,,
8745,,,,,,,,,
8777,,,,,,,,,
8598,,,,,,,,,
8606,,,,,,,,,
8820,,,,,,,,,
8646,,,,,,,,,
8872,,,,,,,,,
8567,,,,,,,,,
8674,,,,,,,,,
8686,,,,,,,,,
8603,,,,,,,,,
8551,,,,,,,,,
8607,,,,,,,,,
8763,,,,,,,,,
8897,,,,,,,,,
8850,,,,,,,,,
8707,,,,,,,,,
8632,,,,,,,,,
8754,,,,,,,,,
8724,,,,,,,,,
8527,,,,,,,,,
8778,,,,,,,,,
8804,,,,,,,,,
8585,,,,,,,,,
8572,,,,,,,,,
8716,,,,,,,,,
8684,,,,,,,,,
8617,,,,,,,,,
8884,,,,,,,,,
8757,,,,,,,,,
8713,,,,,,,,,
8658,,,,,,,,,
8817,,,,,,,,,
8785,,,,,,,,,
8836,,,,,,,,,
8746,,,,,,,,,
8528,,,,,,,,,
8868,,,,,,,,,
8546,,,,,,,,,
8636,,,,,,,,,
8795,,,,,,,,,
8857,,,,,,,,,
8729,,,,,,,,,
8586,,,,,,,,,
8544,,,,,,,,,
8892,,,,,,,,,
8644,,,,,,,,,
8860,,,,,,,,,
8698,,,,,,,,,
8799,,,,,,,,,
8742,,,,,,,,,
8866,,,,,,,,,
8582,,,,,,,,,
8622,,,,,,,,,
8845,,,,,,,,,
8766,,,,,,,,,
8661,,,,,,,,,
8831,,,,,,,,,
8888,,,,,,,,,
8682,,,,,,,,,
8558,,,,,,,,,
8889,,,,,,,,,
8805,,,,,,,,,
8608,,,,,,,,,
8543,,,,,,,,,
8738,,,,,,,,,
8730,,,,,,,,,
8767,,,,,,,,,
8647,,,,,,,,,
8824,,,,,,,,,
8599,,,,,,,,,
8627,,,,,,,,,
8659,,,,,,,,,
8867,,,,,,,,,
8699,,,,,,,,,
8677,,,,,,,,,
8784,,,,,,,,,
8559,,,,,,,,,
8840,,,,,,,,,
8578,,,,,,,,,
8791,,,,,,,,,
8851,,,,,,,,,
8904,,,,,,,,,
8708,,,,,,,,,
8861,,,,,,,,,
8837,,,,,,,,,
8877,,,,,,,,,
8568,,,,,,,,,
8623,,,,,,,,,
8547,,,,,,,,,
8687,,,,,,,,,
8747,,,,,,,,,
8758,,,,,,,,,
8587,,,,,,,,,
8717,,,,,,,,,
8529,,,,,,,,,
8800,,,,,,,,,
8637,,,,,,,,,
8667,,,,,,,,,
8560,,,,,,,,,
8688,,,,,,,,,
8806,,,,,,,,,
8588,,,,,,,,,
8873,,,,,,,,,
8700,,,,,,,,,
8648,,,,,,,,,
8673,,,,,,,,,
8859,,,,,,,,,
8727,,,,,,,,,
8613,,,,,,,,,
8532,,,,,,,,,
8628,,,,,,,,,
8825,,,,,,,,,
8852,,,,,,,,,
8898,,,,,,,,,
8579,,,,,,,,,
8768,,,,,,,,,
8739,,,,,,,,,
8662,,,,,,,,,
8709,,,,,,,,,
8569,,,,,,,,,
8796,,,,,,,,,
8530,,,,,,,,,
8678,,,,,,,,,
8600,,,,,,,,,
8748,,,,,,,,,
8814,,,,,,,,,
8885,,,,,,,,,
8832,,,,,,,,,
8718,,,,,,,,,
8548,,,,,,,,,
8853,,,,,,,,,
8638,,,,,,,,,
8759,,,,,,,,,
8893,,,,,,,,,
8618,,,,,,,,,
8779,,,,,,,,,
8701,,,,,,,,,
8668,,,,,,,,,
8633,,,,,,,,,
8786,,,,,,,,,
8899,,,,,,,,,
8536,,,,,,,,,
8609,,,,,,,,,
8826,,,,,,,,,
8878,,,,,,,,,
8583,,,,,,,,,
8841,,,,,,,,,
8563,,,,,,,,,
8649,,,,,,,,,
8807,,,,,,,,,
8589,,,,,,,,,
8689,,,,,,,,,
8731,,,,,,,,,
8740,,,,,,,,,
8769,,,,,,,,,
8743,,,,,,,,,
8787,,,,,,,,,
8590,,,,,,,,,
8639,,,,,,,,,
8690,,,,,,,,,
8770,,,,,,,,,
8580,,,,,,,,,
8533,,,,,,,,,
8669,,,,,,,,,
8702,,,,,,,,,
8801,,,,,,,,,
8732,,,,,,,,,
8815,,,,,,,,,
8874,,,,,,,,,
8833,,,,,,,,,
8858,,,,,,,,,
8619,,,,,,,,,
8561,,,,,,,,,
8900,,,,,,,,,
8869,,,,,,,,,
8719,,,,,,,,,
8749,,,,,,,,,
8886,,,,,,,,,
8797,,,,,,,,,
8894,,,,,,,,,
8846,,,,,,,,,
8714,,,,,,,,,
8760,,,,,,,,,
8780,,,,,,,,,
8624,,,,,,,,,
8537,,,,,,,,,
8640,,,,,,,,,
8660,,,,,,,,,
8549,,,,,,,,,
8573,,,,,,,,,
8679,,,,,,,,,
8834,,,,,,,,,
8601,,,,,,,,,
8629,,,,,,,,,
8821,,,,,,,,,
8650,,,,,,,,,
8842,,,,,,,,,
8771,,,,,,,,,
8581,,,,,,,,,
8670,,,,,,,,,
8879,,,,,,,,,
8901,,,,,,,,,
8564,,,,,,,,,
8538,,,,,,,,,
8808,,,,,,,,,
8781,,,,,,,,,
8614,,,,,,,,,
8733,,,,,,,,,
8604,,,,,,,,,
8744,,,,,,,,,
8703,,,,,,,,,
8692,,,,,,,,,
8809,,,,,,,,,
8634,,,,,,,,,
8827,,,,,,,,,
8663,,,,,,,,,
8584,,,,,,,,,
8562,,,,,,,,,
8734,,,,,,,,,
8610,,,,,,,,,
8591,,,,,,,,,
8847,,,,,,,,,
8683,,,,,,,,,
8704,,,,,,,,,
8890,,,,,,,,,
8539,,,,,,,,,
8741,,,,,,,,,
8792,,,,,,,,,
8772,,,,,,,,,
8870,,,,,,,,,
8653,,,,,,,,,
8611,,,,,,,,,
8875,,,,,,,,,
8788,,,,,,,,,
8764,,,,,,,,,
8593,,,,,,,,,
8843,,,,,,,,,
8810,,,,,,,,,
8693,,,,,,,,,
8720,,,,,,,,,
8651,,,,,,,,,
8750,,,,,,,,,
8671,,,,,,,,,
8552,,,,,,,,,
8822,,,,,,,,,
8902,,,,,,,,,
8570,,,,,,,,,
8710,,,,,,,,,
8540,,,,,,,,,
8630,,,,,,,,,
8652,,,,,,,,,
8751,,,,,,,,,
8691,,,,,,,,,
8553,,,,,,,,,
8789,,,,,,,,,
8594,,,,,,,,,
8631,,,,,,,,,
8903,,,,,,,,,
8534,,,,,,,,,
8812,,,,,,,,,
8711,,,,,,,,,
8823,,,,,,,,,
8571,,,,,,,,,
8721,,,,,,,,,
8612,,,,,,,,,
8761,,,,,,,,,
8672,,,,,,,,,
8854,,,,,,,,,
8876,,,,,,,,,
8844,,,,,,,,,
8762,,,,,,,,,
8550,,,,,,,,,
8620,,,,,,,,,
8835,,,,,,,,,
8641,,,,,,,,,
8541,,,,,,,,,
8722,,,,,,,,,
8752,,,,,,,,,
8891,,,,,,,,,
8574,,,,,,,,,
8592,,,,,,,,,
8712,,,,,,,,,
8680,,,,,,,,,
8790,,,,,,,,,
8887,,,,,,,,,
8802,,,,,,,,,
8862,,,,,,,,,
8664,,,,,,,,,
9031,,,,,,,,,
9122,,,,,,,,,
8955,,,,,,,,,
9093,,,,,,,,,
9275,,,,,,,,,
9145,,,,,,,,,
9235,,,,,,,,,
8912,,,,,,,,,
9196,,,,,,,,,
9256,,,,,,,,,
8985,,,,,,,,,
8935,,,,,,,,,
9045,,,,,,,,,
9271,,,,,,,,,
8975,,,,,,,,,
9010,,,,,,,,,
9125,,,,,,,,,
9075,,,,,,,,,
9202,,,,,,,,,
9101,,,,,,,,,
9262,,,,,,,,,
9208,,,,,,,,,
9126,,,,,,,,,
8956,,,,,,,,,
8976,,,,,,,,,
9055,,,,,,,,,
9042,,,,,,,,,
9154,,,,,,,,,
8913,,,,,,,,,
9228,,,,,,,,,
9071,,,,,,,,,
9250,,,,,,,,,
9005,,,,,,,,,
9178,,,,,,,,,
8986,,,,,,,,,
9115,,,,,,,,,
8936,,,,,,,,,
9174,,,,,,,,,
8971,,,,,,,,,
9046,,,,,,,,,
9152,,,,,,,,,
9006,,,,,,,,,
8987,,,,,,,,,
8937,,,,,,,,,
9127,,,,,,,,,
8916,,,,,,,,,
9025,,,,,,,,,
9232,,,,,,,,,
9076,,,,,,,,,
9105,,,,,,,,,
9198,,,,,,,,,
9086,,,,,,,,,
8905,,,,,,,,,
9188,,,,,,,,,
8964,,,,,,,,,
9251,,,,,,,,,
9276,,,,,,,,,
9135,,,,,,,,,
9077,,,,,,,,,
8925,,,,,,,,,
9189,,,,,,,,,
9007,,,,,,,,,
9123,,,,,,,,,
8977,,,,,,,,,
8945,,,,,,,,,
9203,,,,,,,,,
8993,,,,,,,,,
9258,,,,,,,,,
9234,,,,,,,,,
9087,,,,,,,,,
9277,,,,,,,,,
9155,,,,,,,,,
9026,,,,,,,,,
9270,,,,,,,,,
9051,,,,,,,,,
8914,,,,,,,,,
9217,,,,,,,,,
8926,,,,,,,,,
9239,,,,,,,,,
9065,,,,,,,,,
9116,,,,,,,,,
9267,,,,,,,,,
9218,,,,,,,,,
8995,,,,,,,,,
9015,,,,,,,,,
9057,,,,,,,,,
9156,,,,,,,,,
9035,,,,,,,,,
8951,,,,,,,,,
9136,,,,,,,,,
9102,,,,,,,,,
9236,,,,,,,,,
9179,,,,,,,,,
8906,,,,,,,,,
8978,,,,,,,,,
9056,,,,,,,,,
9137,,,,,,,,,
9219,,,,,,,,,
9244,,,,,,,,,
8965,,,,,,,,,
9180,,,,,,,,,
9215,,,,,,,,,
9074,,,,,,,,,
9113,,,,,,,,,
9043,,,,,,,,,
8946,,,,,,,,,
9095,,,,,,,,,
8927,,,,,,,,,
9157,,,,,,,,,
9016,,,,,,,,,
8907,,,,,,,,,
9260,,,,,,,,,
9175,,,,,,,,,
9002,,,,,,,,,
8947,,,,,,,,,
9106,,,,,,,,,
9158,,,,,,,,,
8966,,,,,,,,,
9047,,,,,,,,,
9085,,,,,,,,,
8908,,,,,,,,,
9138,,,,,,,,,
9078,,,,,,,,,
8928,,,,,,,,,
9204,,,,,,,,,
9011,,,,,,,,,
8988,,,,,,,,,
9252,,,,,,,,,
9176,,,,,,,,,
9278,,,,,,,,,
9229,,,,,,,,,
9027,,,,,,,,,
9190,,,,,,,,,
8917,,,,,,,,,
9279,,,,,,,,,
8948,,,,,,,,,
9107,,,,,,,,,
8989,,,,,,,,,
9079,,,,,,,,,
9163,,,,,,,,,
9162,,,,,,,,,
9048,,,,,,,,,
9143,,,,,,,,,
9028,,,,,,,,,
8972,,,,,,,,,
9191,,,,,,,,,
9199,,,,,,,,,
8929,,,,,,,,,
9274,,,,,,,,,
9253,,,,,,,,,
9012,,,,,,,,,
9088,,,,,,,,,
9164,,,,,,,,,
9205,,,,,,,,,
9177,,,,,,,,,
9128,,,,,,,,,
9233,,,,,,,,,
9192,,,,,,,,,
8957,,,,,,,,,
8938,,,,,,,,,
9089,,,,,,,,,
8984,,,,,,,,,
9280,,,,,,,,,
9257,,,,,,,,,
9083,,,,,,,,,
9029,,,,,,,,,
9117,,,,,,,,,
9146,,,,,,,,,
9013,,,,,,,,,
8990,,,,,,,,,
9052,,,,,,,,,
9072,,,,,,,,,
8949,,,,,,,,,
9096,,,,,,,,,
9036,,,,,,,,,
9254,,,,,,,,,
8979,,,,,,,,,
9209,,,,,,,,,
9263,,,,,,,,,
9185,,,,,,,,,
9238,,,,,,,,,
9008,,,,,,,,,
8994,,,,,,,,,
9173,,,,,,,,,
8909,,,,,,,,,
9144,,,,,,,,,
9118,,,,,,,,,
9058,,,,,,,,,
9272,,,,,,,,,
8933,,,,,,,,,
9017,,,,,,,,,
9165,,,,,,,,,
8996,,,,,,,,,
9225,,,,,,,,,
9281,,,,,,,,,
9200,,,,,,,,,
9132,,,,,,,,,
8958,,,,,,,,,
9114,,,,,,,,,
8939,,,,,,,,,
9090,,,,,,,,,
8915,,,,,,,,,
8973,,,,,,,,,
9080,,,,,,,,,
9245,,,,,,,,,
9053,,,,,,,,,
9147,,,,,,,,,
9193,,,,,,,,,
9032,,,,,,,,,
9227,,,,,,,,,
8997,,,,,,,,,
9210,,,,,,,,,
9023,,,,,,,,,
8940,,,,,,,,,
9148,,,,,,,,,
9044,,,,,,,,,
9097,,,,,,,,,
9059,,,,,,,,,
9246,,,,,,,,,
9186,,,,,,,,,
9264,,,,,,,,,
8910,,,,,,,,,
9237,,,,,,,,,
9066,,,,,,,,,
8959,,,,,,,,,
8982,,,,,,,,,
9129,,,,,,,,,
9119,,,,,,,,,
9259,,,,,,,,,
9194,,,,,,,,,
8983,,,,,,,,,
9003,,,,,,,,,
9206,,,,,,,,,
9033,,,,,,,,,
9240,,,,,,,,,
9124,,,,,,,,,
9018,,,,,,,,,
9220,,,,,,,,,
9273,,,,,,,,,
9054,,,,,,,,,
9282,,,,,,,,,
8930,,,,,,,,,
8952,,,,,,,,,
9084,,,,,,,,,
8911,,,,,,,,,
9091,,,,,,,,,
9139,,,,,,,,,
9265,,,,,,,,,
9019,,,,,,,,,
9037,,,,,,,,,
9181,,,,,,,,,
9149,,,,,,,,,
9133,,,,,,,,,
9221,,,,,,,,,
9067,,,,,,,,,
9211,,,,,,,,,
8918,,,,,,,,,
9120,,,,,,,,,
9166,,,,,,,,,
9060,,,,,,,,,
8980,,,,,,,,,
9004,,,,,,,,,
8941,,,,,,,,,
9103,,,,,,,,,
8960,,,,,,,,,
9241,,,,,,,,,
8998,,,,,,,,,
9242,,,,,,,,,
9182,,,,,,,,,
9061,,,,,,,,,
8961,,,,,,,,,
8944,,,,,,,,,
9020,,,,,,,,,
9038,,,,,,,,,
9098,,,,,,,,,
9170,,,,,,,,,
9216,,,,,,,,,
8923,,,,,,,,,
9150,,,,,,,,,
9108,,,,,,,,,
9266,,,,,,,,,
9130,,,,,,,,,
9068,,,,,,,,,
8967,,,,,,,,,
9222,,,,,,,,,
9109,,,,,,,,,
9092,,,,,,,,,
9167,,,,,,,,,
8943,,,,,,,,,
9030,,,,,,,,,
9255,,,,,,,,,
8919,,,,,,,,,
9153,,,,,,,,,
8968,,,,,,,,,
8962,,,,,,,,,
9014,,,,,,,,,
9197,,,,,,,,,
9131,,,,,,,,,
9230,,,,,,,,,
9049,,,,,,,,,
9207,,,,,,,,,
8991,,,,,,,,,
9283,,,,,,,,,
9081,,,,,,,,,
9247,,,,,,,,,
9223,,,,,,,,,
9073,,,,,,,,,
9104,,,,,,,,,
8920,,,,,,,,,
9171,,,,,,,,,
9062,,,,,,,,,
8999,,,,,,,,,
8931,,,,,,,,,
8974,,,,,,,,,
9268,,,,,,,,,
9140,,,,,,,,,
9187,,,,,,,,,
9161,,,,,,,,,
8953,,,,,,,,,
9039,,,,,,,,,
9212,,,,,,,,,
9110,,,,,,,,,
9021,,,,,,,,,
8932,,,,,,,,,
8969,,,,,,,,,
9141,,,,,,,,,
8921,,,,,,,,,
9082,,,,,,,,,
9050,,,,,,,,,
9000,,,,,,,,,
9022,,,,,,,,,
9248,,,,,,,,,
9284,,,,,,,,,
8954,,,,,,,,,
9111,,,,,,,,,
9168,,,,,,,,,
9034,,,,,,,,,
9195,,,,,,,,,
9224,,,,,,,,,
9094,,,,,,,,,
9201,,,,,,,,,
9159,,,,,,,,,
9183,,,,,,,,,
9160,,,,,,,,,
9024,,,,,,,,,
9261,,,,,,,,,
9169,,,,,,,,,
8922,,,,,,,,,
9099,,,,,,,,,
9243,,,,,,,,,
9226,,,,,,,,,
9001,,,,,,,,,
9069,,,,,,,,,
8934,,,,,,,,,
9213,,,,,,,,,
9142,,,,,,,,,
9121,,,,,,,,,
9063,,,,,,,,,
8981,,,,,,,,,
9040,,,,,,,,,
8950,,,,,,,,,
9041,,,,,,,,,
8924,,,,,,,,,
9064,,,,,,,,,
9172,,,,,,,,,
9112,,,,,,,,,
9231,,,,,,,,,
9070,,,,,,,,,
9184,,,,,,,,,
9269,,,,,,,,,
9134,,,,,,,,,
9100,,,,,,,,,
8970,,,,,,,,,
8963,,,,,,,,,
9009,,,,,,,,,
8992,,,,,,,,,
9214,,,,,,,,,
9249,,,,,,,,,
8942,,,,,,,,,
9151,,,,,,,,,
9315,,,,,,,,,
9352,,,,,,,,,
9646,,,,,,,,,
9503,,,,,,,,,
9515,,,,,,,,,
9535,,,,,,,,,
9419,,,,,,,,,
9285,,,,,,,,,
9465,,,,,,,,,
9564,,,,,,,,,
9425,,,,,,,,,
9455,,,,,,,,,
9607,,,,,,,,,
9597,,,,,,,,,
9375,,,,,,,,,
9395,,,,,,,,,
9582,,,,,,,,,
9344,,,,,,,,,
9625,,,,,,,,,
9512,,,,,,,,,
9325,,,,,,,,,
9420,,,,,,,,,
9376,,,,,,,,,
9599,,,,,,,,,
9485,,,,,,,,,
9396,,,,,,,,,
9345,,,,,,,,,
9462,,,,,,,,,
9305,,,,,,,,,
9620,,,,,,,,,
9555,,,,,,,,,
9433,,,,,,,,,
9536,,,,,,,,,
9640,,,,,,,,,
9583,,,,,,,,,
9295,,,,,,,,,
9585,,,,,,,,,
9475,,,,,,,,,
9572,,,,,,,,,
9494,,,,,,,,,
9456,,,,,,,,,
9516,,,,,,,,,
9415,,,,,,,,,
9362,,,,,,,,,
9600,,,,,,,,,
9589,,,,,,,,,
9426,,,,,,,,,
9286,,,,,,,,,
9639,,,,,,,,,
9343,,,,,,,,,
9382,,,,,,,,,
9404,,,,,,,,,
9556,,,,,,,,,
9619,,,,,,,,,
9466,,,,,,,,,
9316,,,,,,,,,
9537,,,,,,,,,
9412,,,,,,,,,
9655,,,,,,,,,
9629,,,,,,,,,
9621,,,,,,,,,
9322,,,,,,,,,
9565,,,,,,,,,
9335,,,,,,,,,
9609,,,,,,,,,
9495,,,,,,,,,
9538,,,,,,,,,
9517,,,,,,,,,
9384,,,,,,,,,
9557,,,,,,,,,
9445,,,,,,,,,
9397,,,,,,,,,
9467,,,,,,,,,
9435,,,,,,,,,
9296,,,,,,,,,
9355,,,,,,,,,
9333,,,,,,,,,
9528,,,,,,,,,
9476,,,,,,,,,
9287,,,,,,,,,
9575,,,,,,,,,
9311,,,,,,,,,
9650,,,,,,,,,
9505,,,,,,,,,
9647,,,,,,,,,
9346,,,,,,,,,
9391,,,,,,,,,
9427,,,,,,,,,
9457,,,,,,,,,
9486,,,,,,,,,
9421,,,,,,,,,
9598,,,,,,,,,
9366,,,,,,,,,
9554,,,,,,,,,
9608,,,,,,,,,
9484,,,,,,,,,
9436,,,,,,,,,
9610,,,,,,,,,
9506,,,,,,,,,
9356,,,,,,,,,
9398,,,,,,,,,
9288,,,,,,,,,
9630,,,,,,,,,
9590,,,,,,,,,
9492,,,,,,,,,
9574,,,,,,,,,
9542,,,,,,,,,
9326,,,,,,,,,
9406,,,,,,,,,
9306,,,,,,,,,
9562,,,,,,,,,
9446,,,,,,,,,
9656,,,,,,,,,
9377,,,,,,,,,
9373,,,,,,,,,
9336,,,,,,,,,
9576,,,,,,,,,
9353,,,,,,,,,
9468,,,,,,,,,
9545,,,,,,,,,
9428,,,,,,,,,
9529,,,,,,,,,
9601,,,,,,,,,
9591,,,,,,,,,
9496,,,,,,,,,
9628,,,,,,,,,
9641,,,,,,,,,
9289,,,,,,,,,
9464,,,,,,,,,
9317,,,,,,,,,
9392,,,,,,,,,
9518,,,,,,,,,
9422,,,,,,,,,
9657,,,,,,,,,
9551,,,,,,,,,
9437,,,,,,,,,
9487,,,,,,,,,
9447,,,,,,,,,
9586,,,,,,,,,
9631,,,,,,,,,
9327,,,,,,,,,
9525,,,,,,,,,
9413,,,,,,,,,
9367,,,,,,,,,
9302,,,,,,,,,
9307,,,,,,,,,
9477,,,,,,,,,
9577,,,,,,,,,
9347,,,,,,,,,
9611,,,,,,,,,
9385,,,,,,,,,
9507,,,,,,,,,
9651,,,,,,,,,
9566,,,,,,,,,
9297,,,,,,,,,
9429,,,,,,,,,
9318,,,,,,,,,
9458,,,,,,,,,
9383,,,,,,,,,
9497,,,,,,,,,
9337,,,,,,,,,
9399,,,,,,,,,
9469,,,,,,,,,
9602,,,,,,,,,
9622,,,,,,,,,
9558,,,,,,,,,
9539,,,,,,,,,
9416,,,,,,,,,
9519,,,,,,,,,
9364,,,,,,,,,
9642,,,,,,,,,
9312,,,,,,,,,
9612,,,,,,,,,
9658,,,,,,,,,
9328,,,,,,,,,
9407,,,,,,,,,
9298,,,,,,,,,
9442,,,,,,,,,
9378,,,,,,,,,
9488,,,,,,,,,
9513,,,,,,,,,
9357,,,,,,,,,
9567,,,,,,,,,
9400,,,,,,,,,
9632,,,,,,,,,
9478,,,,,,,,,
9543,,,,,,,,,
9587,,,,,,,,,
9448,,,,,,,,,
9559,,,,,,,,,
9393,,,,,,,,,
9470,,,,,,,,,
9652,,,,,,,,,
9368,,,,,,,,,
9573,,,,,,,,,
9338,,,,,,,,,
9304,,,,,,,,,
9648,,,,,,,,,
9546,,,,,,,,,
9319,,,,,,,,,
9603,,,,,,,,,
9520,,,,,,,,,
9423,,,,,,,,,
9358,,,,,,,,,
9626,,,,,,,,,
9459,,,,,,,,,
9499,,,,,,,,,
9530,,,,,,,,,
9434,,,,,,,,,
9636,,,,,,,,,
9449,,,,,,,,,
9408,,,,,,,,,
9479,,,,,,,,,
9563,,,,,,,,,
9348,,,,,,,,,
9334,,,,,,,,,
9540,,,,,,,,,
9308,,,,,,,,,
9578,,,,,,,,,
9443,,,,,,,,,
9401,,,,,,,,,
9489,,,,,,,,,
9514,,,,,,,,,
9592,,,,,,,,,
9379,,,,,,,,,
9659,,,,,,,,,
9616,,,,,,,,,
9293,,,,,,,,,
9617,,,,,,,,,
9386,,,,,,,,,
9490,,,,,,,,,
9531,,,,,,,,,
9660,,,,,,,,,
9369,,,,,,,,,
9450,,,,,,,,,
9593,,,,,,,,,
9438,,,,,,,,,
9354,,,,,,,,,
9483,,,,,,,,,
9552,,,,,,,,,
9579,,,,,,,,,
9329,,,,,,,,,
9508,,,,,,,,,
9294,,,,,,,,,
9409,,,,,,,,,
9633,,,,,,,,,
9309,,,,,,,,,
9444,,,,,,,,,
9634,,,,,,,,,
9532,,,,,,,,,
9387,,,,,,,,,
9613,,,,,,,,,
9500,,,,,,,,,
9414,,,,,,,,,
9471,,,,,,,,,
9451,,,,,,,,,
9553,,,,,,,,,
9661,,,,,,,,,
9339,,,,,,,,,
9363,,,,,,,,,
9568,,,,,,,,,
9290,,,,,,,,,
9523,,,,,,,,,
9320,,,,,,,,,
9370,,,,,,,,,
9299,,,,,,,,,
9300,,,,,,,,,
9371,,,,,,,,,
9547,,,,,,,,,
9627,,,,,,,,,
9340,,,,,,,,,
9643,,,,,,,,,
9588,,,,,,,,,
9521,,,,,,,,,
9388,,,,,,,,,
9424,,,,,,,,,
9584,,,,,,,,,
9321,,,,,,,,,
9498,,,,,,,,,
9349,,,,,,,,,
9430,,,,,,,,,
9604,,,,,,,,,
9533,,,,,,,,,
9472,,,,,,,,,
9460,,,,,,,,,
9526,,,,,,,,,
9410,,,,,,,,,
9389,,,,,,,,,
9548,,,,,,,,,
9635,,,,,,,,,
9473,,,,,,,,,
9614,,,,,,,,,
9359,,,,,,,,,
9372,,,,,,,,,
9524,,,,,,,,,
9452,,,,,,,,,
9301,,,,,,,,,
9323,,,,,,,,,
9649,,,,,,,,,
9662,,,,,,,,,
9501,,,,,,,,,
9341,,,,,,,,,
9439,,,,,,,,,
9569,,,,,,,,,
9549,,,,,,,,,
9360,,,,,,,,,
9453,,,,,,,,,
9313,,,,,,,,,
9303,,,,,,,,,
9394,,,,,,,,,
9509,,,,,,,,,
9570,,,,,,,,,
9663,,,,,,,,,
9374,,,,,,,,,
9615,,,,,,,,,
9534,,,,,,,,,
9653,,,,,,,,,
9480,,,,,,,,,
9440,,,,,,,,,
9330,,,,,,,,,
9638,,,,,,,,,
9411,,,,,,,,,
9504,,,,,,,,,
9361,,,,,,,,,
9594,,,,,,,,,
9310,,,,,,,,,
9605,,,,,,,,,
9544,,,,,,,,,
9623,,,,,,,,,
9560,,,,,,,,,
9461,,,,,,,,,
9481,,,,,,,,,
9291,,,,,,,,,
9331,,,,,,,,,
9417,,,,,,,,,
9644,,,,,,,,,
9510,,,,,,,,,
9380,,,,,,,,,
9491,,,,,,,,,
9431,,,,,,,,,
9571,,,,,,,,,
9403,,,,,,,,,
9493,,,,,,,,,
9292,,,,,,,,,
9511,,,,,,,,,
9595,,,,,,,,,
9402,,,,,,,,,
9432,,,,,,,,,
9482,,,,,,,,,
9561,,,,,,,,,
9580,,,,,,,,,
9624,,,,,,,,,
9381,,,,,,,,,
9463,,,,,,,,,
9418,,,,,,,,,
9541,,,,,,,,,
9314,,,,,,,,,
9606,,,,,,,,,
9645,,,,,,,,,
9350,,,,,,,,,
9332,,,,,,,,,
9454,,,,,,,,,
9522,,,,,,,,,
9365,,,,,,,,,
9581,,,,,,,,,
9441,,,,,,,,,
9527,,,,,,,,,
9664,,,,,,,,,
9324,,,,,,,,,
9405,,,,,,,,,
9390,,,,,,,,,
9637,,,,,,,,,
9654,,,,,,,,,
9474,,,,,,,,,
9596,,,,,,,,,
9618,,,,,,,,,
9351,,,,,,,,,
9342,,,,,,,,,
9550,,,,,,,,,
9502,,,,,,,,,
9938,,,,,,,,,
10031,,,,,,,,,
9836,,,,,,,,,
9895,,,,,,,,,
9885,,,,,,,,,
10007,,,,,,,,,
9723,,,,,,,,,
9865,,,,,,,,,
9815,,,,,,,,,
9754,,,,,,,,,
9765,,,,,,,,,
9672,,,,,,,,,
9961,,,,,,,,,
9978,,,,,,,,,
9932,,,,,,,,,
9802,,,,,,,,,
9725,,,,,,,,,
9685,,,,,,,,,
9781,,,,,,,,,
9792,,,,,,,,,
9837,,,,,,,,,
9985,,,,,,,,,
9666,,,,,,,,,
9901,,,,,,,,,
9734,,,,,,,,,
9686,,,,,,,,,
10001,,,,,,,,,
9805,,,,,,,,,
9705,,,,,,,,,
9816,,,,,,,,,
9944,,,,,,,,,
9766,,,,,,,,,
9964,,,,,,,,,
9745,,,,,,,,,
10026,,,,,,,,,
9868,,,,,,,,,
9886,,,,,,,,,
9928,,,,,,,,,
9845,,,,,,,,,
9991,,,,,,,,,
9916,,,,,,,,,
10000,,,,,,,,,
9832,,,,,,,,,
9806,,,,,,,,,
9855,,,,,,,,,
9695,,,,,,,,,
9945,,,,,,,,,
9785,,,,,,,,,
9875,,,,,,,,,
10035,,,,,,,,,
9681,,,,,,,,,
10016,,,,,,,,,
9969,,,,,,,,,
9715,,,,,,,,,
9905,,,,,,,,,
9735,,,,,,,,,
9755,,,,,,,,,
10036,,,,,,,,,
9716,,,,,,,,,
9817,,,,,,,,,
9992,,,,,,,,,
9761,,,,,,,,,
9946,,,,,,,,,
9846,,,,,,,,,
9876,,,,,,,,,
9736,,,,,,,,,
9965,,,,,,,,,
9809,,,,,,,,,
10022,,,,,,,,,
9702,,,,,,,,,
9794,,,,,,,,,
9906,,,,,,,,,
9929,,,,,,,,,
9682,,,,,,,,,
9861,,,,,,,,,
9970,,,,,,,,,
9703,,,,,,,,,
9907,,,,,,,,,
9775,,,,,,,,,
9733,,,,,,,,,
9976,,,,,,,,,
10027,,,,,,,,,
9934,,,,,,,,,
9746,,,,,,,,,
9877,,,,,,,,,
9767,,,,,,,,,
10008,,,,,,,,,
9717,,,,,,,,,
9838,,,,,,,,,
9675,,,,,,,,,
9818,,,,,,,,,
9866,,,,,,,,,
9926,,,,,,,,,
9954,,,,,,,,,
9795,,,,,,,,,
9676,,,,,,,,,
9696,,,,,,,,,
9981,,,,,,,,,
10010,,,,,,,,,
9706,,,,,,,,,
9772,,,,,,,,,
9782,,,,,,,,,
9803,,,,,,,,,
9908,,,,,,,,,
9839,,,,,,,,,
9726,,,,,,,,,
9819,,,,,,,,,
9747,,,,,,,,,
9878,,,,,,,,,
9869,,,,,,,,,
9939,,,,,,,,,
10032,,,,,,,,,
9989,,,,,,,,,
9962,,,,,,,,,
9762,,,,,,,,,
10037,,,,,,,,,
9955,,,,,,,,,
9796,,,,,,,,,
9847,,,,,,,,,
9862,,,,,,,,,
10017,,,,,,,,,
9909,,,,,,,,,
9971,,,,,,,,,
9825,,,,,,,,,
9684,,,,,,,,,
9997,,,,,,,,,
9940,,,,,,,,,
9718,,,,,,,,,
9697,,,,,,,,,
9776,,,,,,,,,
9879,,,,,,,,,
9917,,,,,,,,,
9737,,,,,,,,,
9988,,,,,,,,,
9882,,,,,,,,,
9768,,,,,,,,,
10025,,,,,,,,,
9786,,,,,,,,,
9967,,,,,,,,,
9753,,,,,,,,,
9727,,,,,,,,,
9698,,,,,,,,,
9867,,,,,,,,,
9951,,,,,,,,,
9915,,,,,,,,,
10009,,,,,,,,,
9810,,,,,,,,,
9677,,,,,,,,,
9844,,,,,,,,,
9824,,,,,,,,,
9712,,,,,,,,,
9910,,,,,,,,,
9742,,,,,,,,,
9756,,,,,,,,,
9896,,,,,,,,,
9691,,,,,,,,,
10018,,,,,,,,,
9952,,,,,,,,,
9667,,,,,,,,,
9993,,,,,,,,,
9856,,,,,,,,,
9811,,,,,,,,,
9968,,,,,,,,,
9972,,,,,,,,,
9918,,,,,,,,,
10038,,,,,,,,,
9787,,,,,,,,,
9893,,,,,,,,,
9719,,,,,,,,,
9826,,,,,,,,,
9848,,,,,,,,,
9919,,,,,,,,,
9956,,,,,,,,,
9797,,,,,,,,,
9870,,,,,,,,,
9687,,,,,,,,,
9668,,,,,,,,,
9707,,,,,,,,,
9897,,,,,,,,,
9774,,,,,,,,,
9986,,,,,,,,,
9748,,,,,,,,,
9894,,,,,,,,,
10033,,,,,,,,,
9827,,,,,,,,,
9840,,,,,,,,,
9728,,,,,,,,,
10002,,,,,,,,,
9777,,,,,,,,,
9935,,,,,,,,,
10023,,,,,,,,,
9973,,,,,,,,,
9936,,,,,,,,,
9778,,,,,,,,,
9857,,,,,,,,,
10039,,,,,,,,,
9930,,,,,,,,,
9738,,,,,,,,,
9957,,,,,,,,,
9720,,,,,,,,,
9699,,,,,,,,,
9849,,,,,,,,,
9912,,,,,,,,,
9990,,,,,,,,,
9880,,,,,,,,,
9820,,,,,,,,,
9798,,,,,,,,,
9757,,,,,,,,,
9678,,,,,,,,,
9858,,,,,,,,,
9920,,,,,,,,,
9688,,,,,,,,,
9963,,,,,,,,,
9758,,,,,,,,,
9998,,,,,,,,,
9887,,,,,,,,,
9804,,,,,,,,,
9783,,,,,,,,,
10015,,,,,,,,,
9902,,,,,,,,,
9743,,,,,,,,,
9833,,,,,,,,,
9850,,,,,,,,,
9721,,,,,,,,,
9977,,,,,,,,,
9941,,,,,,,,,
9673,,,,,,,,,
10040,,,,,,,,,
9913,,,,,,,,,
9799,,,,,,,,,
9729,,,,,,,,,
9749,,,,,,,,,
9982,,,,,,,,,
9923,,,,,,,,,
9841,,,,,,,,,
9828,,,,,,,,,
9708,,,,,,,,,
9683,,,,,,,,,
10034,,,,,,,,,
9874,,,,,,,,,
9784,,,,,,,,,
9700,,,,,,,,,
9773,,,,,,,,,
10003,,,,,,,,,
9958,,,,,,,,,
9942,,,,,,,,,
9884,,,,,,,,,
9812,,,,,,,,,
9863,,,,,,,,,
9888,,,,,,,,,
9898,,,,,,,,,
10041,,,,,,,,,
10024,,,,,,,,,
9788,,,,,,,,,
9763,,,,,,,,,
9821,,,,,,,,,
9851,,,,,,,,,
9665,,,,,,,,,
9933,,,,,,,,,
10013,,,,,,,,,
9739,,,,,,,,,
9947,,,,,,,,,
9694,,,,,,,,,
9974,,,,,,,,,
9994,,,,,,,,,
9722,,,,,,,,,
9709,,,,,,,,,
9779,,,,,,,,,
9750,,,,,,,,,
9937,,,,,,,,,
9889,,,,,,,,,
9692,,,,,,,,,
9987,,,,,,,,,
9959,,,,,,,,,
9842,,,,,,,,,
9931,,,,,,,,,
9730,,,,,,,,,
10028,,,,,,,,,
9899,,,,,,,,,
9871,,,,,,,,,
10004,,,,,,,,,
9669,,,,,,,,,
9769,,,,,,,,,
9800,,,,,,,,,
9823,,,,,,,,,
9834,,,,,,,,,
10019,,,,,,,,,
9714,,,,,,,,,
9674,,,,,,,,,
9921,,,,,,,,,
9744,,,,,,,,,
9903,,,,,,,,,
9890,,,,,,,,,
9943,,,,,,,,,
10042,,,,,,,,,
9689,,,,,,,,,
9984,,,,,,,,,
9864,,,,,,,,,
9801,,,,,,,,,
9759,,,,,,,,,
9960,,,,,,,,,
9780,,,,,,,,,
9854,,,,,,,,,
9995,,,,,,,,,
9948,,,,,,,,,
9852,,,,,,,,,
10011,,,,,,,,,
9829,,,,,,,,,
9740,,,,,,,,,
9789,,,,,,,,,
9983,,,,,,,,,
10043,,,,,,,,,
9679,,,,,,,,,
9996,,,,,,,,,
9924,,,,,,,,,
9710,,,,,,,,,
9764,,,,,,,,,
9883,,,,,,,,,
9911,,,,,,,,,
9813,,,,,,,,,
9904,,,,,,,,,
10020,,,,,,,,,
9859,,,,,,,,,
9999,,,,,,,,,
9741,,,,,,,,,
9670,,,,,,,,,
9891,,,,,,,,,
9830,,,,,,,,,
9853,,,,,,,,,
9693,,,,,,,,,
9922,,,,,,,,,
9979,,,,,,,,,
9760,,,,,,,,,
9953,,,,,,,,,
9790,,,,,,,,,
9807,,,,,,,,,
9711,,,,,,,,,
9860,,,,,,,,,
10012,,,,,,,,,
9704,,,,,,,,,
10044,,,,,,,,,
10021,,,,,,,,,
9881,,,,,,,,,
9680,,,,,,,,,
9872,,,,,,,,,
9770,,,,,,,,,
9808,,,,,,,,,
9724,,,,,,,,,
9822,,,,,,,,,
9975,,,,,,,,,
9927,,,,,,,,,
9966,,,,,,,,,
10005,,,,,,,,,
9914,,,,,,,,,
9791,,,,,,,,,
9731,,,,,,,,,
9949,,,,,,,,,
10029,,,,,,,,,
9751,,,,,,,,,
9843,,,,,,,,,
9701,,,,,,,,,
10014,,,,,,,,,
9831,,,,,,,,,
10006,,,,,,,,,
9713,,,,,,,,,
9950,,,,,,,,,
9814,,,,,,,,,
9873,,,,,,,,,
9671,,,,,,,,,
10030,,,,,,,,,
9793,,,,,,,,,
9892,,,,,,,,,
9835,,,,,,,,,
9690,,,,,,,,,
9980,,,,,,,,,
9925,,,,,,,,,
9732,,,,,,,,,
9771,,,,,,,,,
9752,,,,,,,,,
9900,,,,,,,,,
10101,1.42,4.9,7.49,1.42,5.07,7.23,1.4,5.0,7.0
10121,1.45,4.97,6.68,1.36,5.72,7.57,1.36,5.5,7.0
10193,1.61,4.23,5.41,1.64,4.28,5.07,1.61,4.33,5.0
10055,1.33,5.49,9.48,1.36,5.27,8.77,1.33,5.25,9.0
10241,2.86,3.73,2.35,2.93,3.67,2.33,2.8,3.8,2.3
10141,1.49,4.63,6.49,1.48,4.71,6.63,1.44,4.75,6.5
10311,2.04,3.6,3.63,1.99,3.62,3.79,1.95,3.7,3.7
10375,2.38,3.43,3.03,2.21,3.44,3.34,2.2,3.5,3.2
10396,3.89,3.89,1.89,4.53,4.2,1.72,4.2,4.2,1.72
10211,6.03,5.33,1.45,6.7,5.78,1.39,6.5,6.0,1.36
10244,2.58,3.64,2.61,2.64,3.64,2.58,2.6,3.7,2.5
10301,1.43,4.6,7.72,1.45,4.56,7.55,1.44,4.5,7.5
10359,1.44,4.69,7.23,1.45,4.83,6.97,1.45,4.75,6.5
10264,1.85,3.61,4.46,2.0,3.38,4.08,1.95,3.4,4.0
10165,1.47,4.75,6.55,1.46,4.69,6.89,1.45,4.75,6.5
10083,2.38,3.63,2.9,2.58,3.63,2.65,2.55,3.6,2.62
10415,1.93,3.89,3.72,2.01,3.76,3.56,2.0,3.8,3.5
10323,1.56,4.37,5.78,1.64,4.25,5.13,1.6,4.2,5.25
10145,1.78,3.8,4.65,1.75,3.87,4.71,1.72,3.9,4.5
10411,3.24,3.78,2.11,3.13,3.7,2.2,3.1,3.75,2.2
10056,2.33,3.49,3.08,2.26,3.62,3.12,2.2,3.6,3.1
10125,2.38,3.43,3.05,2.39,3.45,3.03,2.3,3.5,3.0
10105,2.38,3.38,3.08,2.31,3.41,3.19,2.25,3.4,3.2
10341,6.0,4.5,1.53,7.0,4.59,1.47,6.75,4.75,1.44
10390,2.29,3.35,3.24,2.36,3.35,3.13,2.35,3.4,3.0
10065,3.16,3.5,2.27,3.02,3.4,2.42,3.0,3.4,2.37
10200,4.27,3.88,1.82,4.84,4.16,1.69,4.75,4.2,1.65
10146,8.4,5.37,1.36,9.45,6.14,1.3,9.0,6.0,1.28
10262,14.5,8.39,1.17,15.71,9.09,1.15,15.0,10.0,1.12
10382,9.26,5.15,1.35,9.05,5.62,1.33,8.5,5.5,1.33
10174,2.11,3.46,3.55,2.19,3.51,3.36,2.15,3.4,3.4
10224,2.11,3.77,3.28,2.2,3.72,3.14,2.2,3.75,3.0
10333,3.3,3.33,2.27,3.28,3.29,2.32,3.3,3.25,2.3
10215,2.43,3.54,2.87,2.5,3.64,2.72,2.4,3.8,2.7
10302,4.01,3.78,1.89,3.88,3.72,1.94,3.8,3.75,1.9
10274,2.86,3.46,2.49,3.1,3.39,2.36,3.1,3.4,2.3
10094,2.64,3.56,2.63,2.73,3.61,2.53,2.7,3.5,2.5
10355,4.79,3.68,1.78,4.49,3.42,1.9,4.5,3.5,1.85
10225,3.5,3.85,2.01,3.83,4.07,1.87,3.8,4.0,1.83
10285,2.13,3.57,3.39,2.18,3.37,3.5,2.15,3.4,3.4
10275,2.94,3.35,2.47,2.86,3.29,2.57,2.75,3.3,2.55
10216,2.43,3.38,2.97,2.4,3.31,3.08,2.37,3.3,3.0
10316,4.68,3.84,1.76,4.12,3.73,1.89,4.1,3.7,1.85
10337,2.51,3.24,2.98,2.71,3.09,2.87,2.7,3.1,2.75
10092,3.01,3.48,2.37,3.32,3.51,2.21,3.2,3.5,2.2
10391,5.14,3.82,1.7,4.87,3.8,1.75,5.0,3.8,1.7
10195,7.01,5.03,1.42,6.39,4.63,1.5,6.0,4.5,1.5
10072,14.52,7.28,1.19,16.35,8.47,1.17,17.0,7.5,1.16
10147,3.33,3.55,2.19,3.61,3.56,2.09,3.5,3.6,2.05
10360,2.4,3.16,3.21,2.19,3.17,3.72,2.15,3.2,3.75
10126,1.73,4.33,4.35,1.76,4.24,4.29,1.72,4.2,4.2
10046,2.01,3.53,3.83,1.98,3.58,3.96,1.95,3.7,4.2
10406,2.39,3.65,2.84,2.43,3.73,2.74,2.4,3.75,2.7
10383,5.03,4.0,1.68,4.76,3.87,1.75,4.5,3.9,1.72
10263,2.61,3.37,2.75,2.55,3.41,2.8,2.5,3.5,2.7
10106,2.48,3.56,2.79,2.39,3.61,2.89,2.37,3.6,2.8
10166,2.82,3.3,2.59,3.0,3.22,2.52,2.87,3.25,2.5
10338,3.04,3.37,2.39,3.23,3.37,2.29,3.2,3.4,2.25
10265,1.65,4.29,4.94,1.69,4.16,4.84,1.65,4.2,4.75
10234,1.79,3.85,4.43,1.81,3.78,4.47,1.75,3.8,4.5
10085,2.15,3.34,3.62,2.13,3.38,3.64,2.05,3.4,3.7
10245,3.7,3.64,2.01,3.86,3.87,1.91,3.6,4.0,1.9
10317,2.08,3.24,3.93,2.2,3.16,3.7,2.1,3.25,3.75
10136,2.87,3.3,2.58,2.68,3.33,2.74,2.62,3.25,2.75
10167,3.69,3.53,2.04,3.8,3.57,2.01,3.75,3.6,1.95
10378,5.99,4.26,1.56,6.1,4.04,1.58,6.0,4.1,1.57
10385,9.95,5.62,1.31,12.13,6.65,1.24,11.0,7.0,1.22
10358,6.31,3.85,1.61,6.82,4.12,1.53,6.5,4.2,1.53
10408,1.93,3.42,4.23,1.99,3.49,3.92,1.95,3.5,4.0
10148,1.71,4.17,4.65,1.59,4.44,5.43,1.55,4.33,5.5
10217,2.21,3.27,3.52,2.17,3.36,3.54,2.1,3.4,3.5
10066,2.43,3.25,3.08,2.36,3.29,3.23,2.3,3.25,3.3
10115,3.9,3.63,1.96,4.92,3.91,1.73,4.75,3.9,1.7
10295,2.15,3.37,3.53,2.3,3.35,3.23,2.25,3.4,3.2
10057,2.52,3.33,2.9,2.23,3.44,3.34,2.2,3.4,3.3
10201,2.69,3.16,2.81,2.64,3.19,2.88,2.6,3.2,2.87
10293,3.75,3.53,2.02,3.93,3.68,1.94,3.9,3.75,1.9
10246,1.81,3.81,4.37,1.97,3.42,4.17,1.95,3.5,3.9
10305,2.15,3.28,3.65,2.25,3.3,3.42,2.15,3.25,3.5
10416,2.32,3.44,3.09,2.62,3.33,2.75,2.62,3.3,2.7
10137,4.53,4.02,1.75,5.05,4.01,1.69,4.75,4.1,1.66
10175,2.31,3.26,3.3,2.05,3.44,3.84,2.0,3.4,3.8
10116,2.93,3.3,2.52,3.19,3.24,2.4,3.2,3.1,2.37
10272,4.19,3.71,1.87,4.27,3.68,1.87,4.2,3.6,1.85
10075,9.45,5.43,1.33,8.83,5.43,1.35,8.5,5.25,1.33
10185,11.59,6.41,1.25,11.2,6.88,1.24,13.0,6.5,1.22
10235,4.31,3.7,1.85,4.22,3.62,1.9,4.1,3.7,1.85
10205,1.96,3.5,4.07,1.99,3.44,4.01,1.95,3.5,3.9
10096,1.99,3.76,3.67,2.02,3.73,3.62,2.0,3.75,3.5
10370,2.91,2.97,2.75,3.16,2.92,2.6,3.1,2.9,2.6
10047,2.68,3.22,2.78,2.65,3.18,2.88,2.7,3.25,2.9
10324,2.72,3.3,2.69,2.73,3.32,2.68,2.62,3.4,2.62
10352,3.02,3.22,2.48,3.59,3.2,2.22,3.5,3.3,2.15
10156,2.27,3.55,3.13,2.16,3.61,3.34,2.1,3.6,3.3
10397,4.65,3.3,1.9,4.63,3.26,1.93,4.5,3.25,1.9
10276,1.74,3.95,4.71,1.74,3.89,4.78,1.72,3.9,4.5
10187,1.3,5.85,9.89,1.34,5.65,8.54,1.33,5.25,8.5
10206,1.25,6.48,11.64,1.23,6.82,12.38,1.22,6.5,12.0
10107,1.44,4.64,7.64,1.43,4.74,7.74,1.4,4.75,7.5
10255,1.29,5.61,11.06,1.34,5.2,9.71,1.3,5.5,9.5
10157,1.34,5.35,9.29,1.43,4.78,7.61,1.4,4.75,7.5
10330,1.87,3.74,4.2,1.87,3.8,4.13,1.83,3.9,4.0
10062,1.73,3.77,5.07,1.73,3.84,5.0,1.7,3.75,5.0
10102,3.58,3.69,2.04,3.25,3.7,2.17,3.2,3.75,2.1
10353,4.14,4.07,1.8,4.2,3.93,1.82,4.2,4.0,1.8
10303,1.86,3.6,4.35,1.98,3.44,4.04,1.95,3.4,4.0
10127,1.31,5.62,10.38,1.28,6.01,10.93,1.25,6.0,11.0
10395,1.13,9.5,20.76,1.12,9.54,20.99,1.12,9.5,17.0
10076,1.36,4.98,9.53,1.41,4.78,8.32,1.36,4.75,8.0
10226,1.35,5.31,8.58,1.39,5.05,8.06,1.36,5.0,8.5
10306,1.73,3.94,4.72,1.87,3.52,4.51,1.8,3.6,4.5
10365,1.43,4.61,7.96,1.37,5.06,8.84,1.33,5.25,8.5
10176,1.3,5.94,9.63,1.29,6.12,9.77,1.25,6.5,10.0
10417,1.84,3.76,4.23,1.91,3.35,4.49,1.85,3.4,4.5
10256,4.19,3.87,1.83,4.57,3.86,1.77,4.33,3.9,1.75
10077,2.21,3.38,3.43,2.27,3.4,3.29,2.2,3.4,3.3
10186,2.24,3.38,3.34,2.22,3.42,3.35,2.2,3.5,3.2
10214,2.55,3.22,2.91,2.8,3.22,2.68,2.75,3.25,2.7
10357,2.29,3.16,3.41,2.02,3.17,4.31,2.0,3.2,4.2
10376,8.43,4.5,1.43,7.62,4.36,1.47,8.0,4.33,1.44
10048,3.13,3.27,2.4,3.41,3.37,2.23,3.4,3.5,2.25
10153,3.5,3.38,2.17,3.74,3.49,2.07,3.6,3.4,2.05
10168,7.33,4.62,1.45,6.86,4.49,1.49,6.5,4.4,1.5
10128,11.88,6.72,1.24,12.15,7.23,1.22,11.0,8.0,1.2
10400,9.84,5.0,1.35,8.68,5.27,1.35,8.0,5.25,1.36
10307,1.96,3.3,4.35,2.18,3.21,3.7,2.1,3.2,3.75
10108,1.94,3.75,3.88,1.91,3.8,3.95,1.9,3.75,3.75
10286,3.11,3.06,2.52,3.09,3.03,2.58,3.1,3.0,2.5
10277,2.73,3.26,2.72,2.78,3.17,2.73,2.75,3.2,2.7
10418,6.12,4.23,1.55,6.87,4.46,1.49,6.5,4.2,1.5
10325,2.57,3.19,2.95,2.7,3.08,2.89,2.7,3.1,2.8
10227,2.32,3.42,3.12,2.26,3.42,3.24,2.2,3.4,3.25
10103,2.64,3.11,2.93,2.75,3.11,2.83,2.7,3.1,2.8
10218,2.33,3.75,2.9,2.12,3.82,3.25,2.05,3.8,3.25
10401,2.02,3.57,3.74,2.12,3.51,3.49,2.1,3.5,3.4
10419,2.24,3.78,2.98,2.35,3.62,2.91,2.3,3.75,2.87
10257,1.9,3.63,4.16,1.93,3.69,3.96,1.9,3.9,3.75
10228,1.71,3.76,5.15,1.74,3.67,5.12,1.7,3.6,5.25
10196,3.52,3.8,2.02,3.31,3.75,2.13,3.1,3.8,2.15
10296,1.63,3.77,6.02,1.65,3.72,5.92,1.61,3.75,5.75
10361,2.54,3.28,2.9,2.58,3.21,2.9,2.55,3.25,2.87
10342,5.66,4.23,1.59,5.75,3.97,1.62,5.75,3.9,1.61
10109,9.84,5.86,1.3,8.67,5.55,1.35,8.0,5.5,1.33
10321,2.54,3.33,2.85,2.84,3.32,2.57,2.8,3.4,2.5
10278,1.6,3.99,6.06,1.5,4.29,7.16,1.5,4.2,6.5
10169,1.4,5.0,7.73,1.35,5.39,8.55,1.33,5.25,8.5
10097,1.67,3.8,5.58,1.76,3.56,5.21,1.72,3.6,5.0
10384,2.07,3.51,3.62,2.09,3.42,3.68,2.05,3.5,3.6
10154,2.73,3.49,2.57,2.49,3.58,2.79,2.5,3.6,2.7
10058,1.73,3.9,4.86,1.83,3.69,4.56,1.8,3.6,4.5
10129,1.97,3.71,3.81,1.81,4.0,4.25,1.75,4.0,4.2
10084,2.17,3.29,3.65,2.07,3.26,4.01,2.0,3.25,4.0
10158,1.99,3.78,3.62,1.91,3.97,3.8,1.85,4.0,3.75
10332,1.38,5.12,8.05,1.52,4.47,6.21,1.5,4.5,6.0
10078,1.72,4.02,4.81,1.67,4.03,5.16,1.61,4.0,5.25
10345,1.64,3.97,5.64,1.62,3.94,5.86,1.61,3.9,5.75
10130,1.57,4.09,6.37,1.5,4.41,6.85,1.45,4.33,7.0
10287,2.52,3.59,2.72,2.54,3.53,2.73,2.5,3.5,2.7
10366,1.68,3.63,5.84,1.65,3.73,5.91,1.61,3.7,6.0
10181,1.64,4.08,5.33,1.62,4.1,5.63,1.57,4.2,5.75
10229,3.38,3.72,2.08,3.53,4.03,1.96,3.4,4.0,1.95
10308,4.49,4.15,1.73,5.31,4.49,1.59,5.25,4.75,1.53
10420,3.17,3.49,2.24,3.71,3.57,2.02,3.6,3.5,2.05
10113,1.53,4.09,7.06,1.53,4.18,6.92,1.5,4.0,7.0
10207,1.22,6.73,13.29,1.24,6.73,11.75,1.22,6.5,12.0
10402,2.02,3.34,4.01,2.14,3.24,3.75,2.1,3.25,3.75
10258,1.64,4.02,5.46,1.7,3.88,5.09,1.7,3.8,5.0
10098,2.87,3.5,2.45,2.71,3.44,2.63,2.62,3.4,2.6
10188,1.36,5.13,8.81,1.36,5.32,8.55,1.33,5.25,8.5
10280,1.53,4.49,5.97,1.47,4.71,6.64,1.45,4.75,6.5
10052,2.22,3.28,3.48,2.41,3.14,3.29,2.4,3.25,3.3
10067,1.5,4.76,6.09,1.47,4.96,6.34,1.45,5.0,6.0
10371,1.35,5.45,8.4,1.2,7.49,13.94,1.18,7.5,13.0
10326,1.25,6.24,11.93,1.22,7.07,12.64,1.2,7.5,12.0
10177,1.21,6.85,14.67,1.2,7.21,14.46,1.18,7.0,16.0
10386,1.25,6.27,11.44,1.22,6.7,13.12,1.2,7.0,13.0
10413,2.04,3.7,3.51,1.91,3.73,3.97,1.9,3.8,3.8
10347,1.24,6.13,13.09,1.28,5.78,11.79,1.25,5.75,12.0
10189,1.39,4.99,8.28,1.62,4.04,5.79,1.6,4.0,5.5
10117,1.46,4.66,7.0,1.58,4.36,5.65,1.57,4.2,5.5
10162,2.56,3.58,2.68,2.69,3.64,2.55,2.7,3.6,2.5
10273,1.37,5.12,8.31,1.45,4.64,7.28,1.4,4.75,7.5
10086,1.15,8.27,19.45,1.2,7.31,14.15,1.18,7.5,13.0
10045,1.14,8.75,19.83,1.14,9.52,19.18,1.14,9.5,21.0
10253,1.23,6.32,13.64,1.28,5.64,11.63,1.25,5.75,12.0
10288,1.28,5.86,10.73,1.3,5.65,10.11,1.28,5.75,9.5
10142,1.54,4.45,6.11,1.48,4.8,6.44,1.45,4.75,6.5
10208,1.17,7.72,16.32,1.18,7.65,15.15,1.16,7.5,15.0
10314,1.17,7.81,16.2,1.15,8.55,17.55,1.13,9.0,17.0
10242,1.28,5.84,10.92,1.27,6.11,11.28,1.25,6.5,10.0
10334,1.35,5.5,8.11,1.28,6.3,9.64,1.28,6.0,9.0
10138,1.09,11.64,28.3,1.08,13.96,27.97,1.08,12.0,21.0
10398,1.15,8.68,16.72,1.15,9.04,16.98,1.12,9.5,17.0
10079,1.09,11.73,30.92,1.09,11.5,31.01,1.08,11.0,26.0
10344,1.13,8.97,19.85,1.14,8.85,21.48,1.12,9.0,23.0
10170,1.45,4.96,6.64,1.39,5.53,7.18,1.36,5.5,7.0
10266,1.1,10.64,24.53,1.08,11.63,29.18,1.08,11.0,26.0
10247,1.27,6.19,10.49,1.32,5.77,9.14,1.28,6.0,9.0
10219,1.37,5.41,7.72,1.38,5.67,7.28,1.36,5.75,7.0
10363,2.07,3.85,3.32,2.02,3.74,3.57,1.95,3.8,3.6
10197,1.31,5.67,9.9,1.33,5.76,8.91,1.3,5.75,9.0
10379,1.13,9.15,22.2,1.1,11.17,23.23,1.11,10.0,21.0
10421,1.07,12.8,30.42,1.04,19.42,40.86,1.03,19.0,41.0
10243,1.18,7.62,14.91,1.23,6.89,12.29,1.2,7.5,12.0
10149,1.08,11.99,29.72,1.07,12.93,31.81,1.07,13.0,23.0
10059,1.36,5.32,8.46,1.36,5.47,8.2,1.33,5.5,8.0
10099,1.11,10.24,23.21,1.1,10.72,24.55,1.08,11.0,23.0
10304,1.13,9.37,18.28,1.12,9.82,19.6,1.12,9.5,17.0
10122,1.13,9.26,21.61,1.14,8.99,20.26,1.12,8.5,21.0
10114,2.36,3.53,2.99,2.24,3.55,3.21,2.2,3.6,3.1
10182,1.49,4.38,7.08,1.46,4.72,7.02,1.44,4.75,7.0
10367,1.17,7.46,17.41,1.19,7.3,15.59,1.18,7.5,13.0
10163,1.67,3.67,5.82,1.64,3.77,6.18,1.6,3.8,6.0
10281,1.41,4.65,8.43,1.45,4.48,7.8,1.4,4.6,8.0
10053,2.19,3.32,3.49,2.05,3.36,3.99,2.05,3.5,4.0
10068,1.36,5.06,9.16,1.35,5.28,9.26,1.33,5.25,9.0
10212,1.78,3.71,4.76,1.67,3.97,5.28,1.61,4.0,5.5
10087,1.94,3.55,4.12,2.13,3.35,3.7,2.1,3.25,3.75
10133,5.03,3.96,1.7,4.06,3.48,1.98,4.0,3.6,1.9
10331,5.04,4.28,1.64,4.51,3.92,1.78,4.5,4.0,1.72
10230,1.35,5.19,9.18,1.35,5.34,8.84,1.33,5.5,8.5
10259,1.36,5.16,8.82,1.33,5.45,9.27,1.33,5.5,8.0
10348,1.43,4.39,8.62,1.37,4.85,9.61,1.33,5.0,9.5
10394,1.29,5.73,10.41,1.28,6.1,10.57,1.25,6.0,12.0
10190,2.69,3.47,2.61,2.59,3.4,2.79,2.5,3.4,2.8
10312,1.6,3.97,5.98,1.58,3.97,6.26,1.57,4.0,6.0
10414,1.24,6.38,11.56,1.26,6.4,10.94,1.22,6.5,12.0
10289,2.23,3.24,3.48,2.13,3.35,3.65,2.1,3.4,3.5
10054,4.49,3.82,1.79,3.36,3.51,2.2,3.4,3.6,2.2
10349,2.33,3.33,3.17,2.36,3.36,3.12,2.3,3.3,3.2
10159,2.64,3.21,2.84,2.61,3.26,2.87,2.55,3.25,2.8
10100,2.5,3.16,3.07,2.4,3.2,3.23,2.37,3.2,3.1
10318,2.64,3.11,2.9,2.72,3.21,2.76,2.62,3.2,2.75
10267,6.02,4.53,1.52,5.58,4.38,1.58,5.5,4.33,1.55
10220,2.43,3.11,3.22,2.41,3.1,3.27,2.4,3.1,3.2
10236,3.55,3.4,2.14,3.25,3.33,2.3,3.2,3.3,2.3
10248,5.26,3.9,1.67,4.22,3.84,1.84,4.2,3.8,1.8
10422,7.6,4.99,1.4,5.57,4.48,1.56,5.5,4.6,1.53
10178,15.11,7.59,1.18,12.15,7.58,1.21,13.0,8.0,1.16
10123,4.42,3.44,1.9,3.9,3.31,2.08,3.8,3.25,2.05
10290,2.24,3.39,3.31,2.25,3.35,3.33,2.2,3.4,3.3
10343,3.31,3.1,2.38,3.32,3.03,2.43,3.3,3.0,2.4
10202,2.59,3.23,2.87,2.6,3.31,2.83,2.55,3.3,2.8
10399,4.56,3.77,1.79,5.25,4.06,1.65,5.0,4.2,1.61
10080,2.63,3.24,2.86,2.53,3.19,3.01,2.55,3.1,2.9
10372,2.66,3.28,2.74,2.73,3.36,2.65,2.7,3.4,2.6
10143,3.02,3.09,2.59,3.4,3.07,2.39,3.4,3.0,2.35
10183,4.14,4.22,1.77,4.39,4.42,1.7,4.2,4.33,1.7
10118,2.41,3.6,2.85,2.42,3.6,2.86,2.37,3.6,2.8
10268,2.22,3.56,3.19,2.25,3.48,3.21,2.25,3.5,3.1
10368,3.39,3.32,2.23,3.56,3.27,2.2,3.5,3.3,2.15
10405,3.32,3.33,2.25,3.2,3.39,2.3,3.1,3.4,2.3
10069,4.18,3.92,1.83,4.16,3.89,1.85,4.33,3.75,1.8
10249,2.53,3.46,2.77,2.36,3.37,3.1,2.35,3.4,3.0
10350,3.94,3.66,1.94,4.42,3.57,1.87,4.5,3.6,1.83
10315,4.66,4.02,1.74,4.16,3.83,1.85,4.2,3.8,1.83
10299,10.02,6.0,1.29,8.76,5.47,1.34,9.0,5.75,1.3
10088,17.04,9.03,1.15,25.99,11.87,1.09,23.0,11.0,1.08
10144,4.36,3.91,1.8,4.53,3.73,1.82,4.5,3.8,1.75
10060,2.23,3.38,3.38,2.15,3.44,3.55,2.1,3.4,3.5
10203,2.98,3.45,2.4,3.14,3.48,2.3,3.1,3.5,2.25
10335,2.84,3.4,2.53,2.9,3.41,2.46,2.8,3.4,2.5
10237,4.93,4.07,1.69,4.87,4.43,1.64,4.5,4.33,1.65
10155,2.68,3.57,2.6,2.87,3.61,2.41,2.8,3.6,2.37
10387,3.76,3.65,1.99,3.65,3.53,2.07,3.6,3.5,2.05
10221,3.71,3.75,1.97,4.03,3.8,1.89,3.9,3.9,1.85
10134,3.88,3.79,1.93,3.68,3.56,2.06,3.6,3.6,2.0
10209,1.86,3.75,4.17,1.78,3.88,4.51,1.75,3.9,4.4
10297,1.72,3.54,5.58,1.77,3.45,5.41,1.72,3.5,5.25
10309,1.96,3.34,4.31,1.93,3.4,4.37,1.85,3.5,4.33
10150,2.26,3.22,3.46,2.27,3.17,3.5,2.25,3.25,3.25
10388,6.07,3.93,1.6,4.94,3.8,1.74,4.75,3.75,1.72
10063,2.57,3.19,2.95,2.51,3.24,3.01,2.45,3.3,2.9
10409,2.17,3.29,3.52,1.98,3.35,4.15,1.95,3.3,4.2
10070,3.45,3.23,2.26,3.23,3.27,2.36,3.25,3.3,2.25
10110,8.9,5.17,1.36,8.92,5.33,1.35,9.0,5.25,1.33
10279,7.41,4.82,1.43,8.11,4.82,1.41,8.0,5.0,1.36
10173,3.55,3.28,2.18,3.81,3.36,2.09,3.75,3.4,2.05
10194,1.86,3.45,4.62,1.8,3.54,4.96,1.8,3.4,5.0
10327,1.66,3.78,5.71,1.68,3.88,5.37,1.66,3.75,5.25
10089,2.46,3.26,3.06,2.48,3.25,3.04,2.4,3.3,3.0
10364,4.1,3.41,1.98,4.72,3.67,1.79,4.75,3.75,1.75
10231,1.86,3.54,4.46,1.83,3.56,4.67,1.8,3.5,4.6
10254,2.02,3.43,3.94,1.94,3.42,4.28,1.9,3.4,4.2
10380,3.96,3.08,2.14,4.13,3.07,2.11,4.2,3.0,2.05
10354,2.64,3.47,2.65,2.66,3.52,2.63,2.62,3.5,2.55
10310,1.64,4.23,5.1,1.72,4.03,4.71,1.66,4.1,4.75
10095,2.1,3.62,3.5,2.18,3.56,3.34,2.15,3.5,3.3
10403,2.18,3.31,3.53,2.28,3.37,3.25,2.25,3.4,3.2
10300,1.79,3.69,4.7,1.69,3.95,5.11,1.66,3.9,5.0
10124,4.02,3.84,1.87,4.66,4.2,1.71,4.6,4.2,1.66
10238,1.98,3.57,3.91,1.95,3.52,4.1,1.9,3.6,4.0
10160,2.96,3.37,2.44,3.15,3.34,2.36,3.1,3.5,2.25
10135,3.2,3.34,2.36,3.13,3.34,2.39,3.1,3.4,2.3
10061,6.77,4.67,1.47,6.48,4.56,1.5,6.5,4.5,1.45
10373,9.03,5.56,1.33,9.11,5.69,1.32,9.0,5.75,1.3
10081,3.75,3.38,2.1,4.06,3.52,1.97,4.0,3.5,1.9
10328,1.67,3.95,5.27,1.74,3.82,4.92,1.72,3.8,4.75
10191,1.78,3.99,4.35,1.78,3.89,4.51,1.75,3.8,4.5
10423,2.18,3.47,3.34,1.99,3.61,3.81,2.0,3.5,3.8
10250,3.34,3.54,2.16,3.51,3.84,2.02,3.5,3.9,1.95
10179,2.12,3.5,3.51,2.09,3.53,3.59,2.05,3.6,3.5
10210,1.92,3.86,3.83,1.81,3.99,4.19,1.75,4.0,4.2
10269,2.39,3.37,3.05,2.59,3.14,2.97,2.6,3.1,2.87
10392,2.6,3.48,2.68,2.75,3.38,2.62,2.7,3.4,2.6
10049,1.3,5.53,10.51,1.36,5.29,8.82,1.36,5.5,9.0
10180,1.38,5.19,7.86,1.33,5.59,8.97,1.28,5.75,9.5
10232,1.55,4.41,5.73,1.52,4.46,6.28,1.5,4.5,6.0
10198,1.41,4.82,7.98,1.43,4.82,7.55,1.4,4.75,7.5
10222,2.37,3.65,2.88,2.34,3.57,3.0,2.3,3.6,2.9
10090,1.39,5.0,8.24,1.41,4.94,7.7,1.36,5.0,8.0
10374,2.13,3.51,3.45,1.99,3.56,3.88,1.95,3.6,3.8
10407,2.32,3.42,3.11,2.33,3.36,3.14,2.25,3.4,3.2
10260,4.59,4.22,1.7,4.8,4.07,1.7,4.75,4.1,1.66
10294,5.64,4.45,1.56,5.87,4.62,1.53,5.5,4.5,1.53
10336,3.03,3.4,2.43,3.27,3.45,2.25,3.25,3.4,2.2
10073,1.24,6.26,12.35,1.28,6.02,10.99,1.25,6.0,11.0
10282,1.42,4.89,7.5,1.38,5.12,8.24,1.33,5.25,9.0
10161,1.58,4.14,6.02,1.54,4.29,6.37,1.5,4.33,6.5
10111,1.44,4.67,7.61,1.39,5.07,8.29,1.36,5.25,7.5
10131,1.42,4.9,7.48,1.51,4.49,6.54,1.45,4.5,7.0
10346,1.67,4.01,5.21,1.56,4.16,6.29,1.55,4.2,6.0
10322,2.44,3.17,3.13,2.78,3.09,2.78,2.75,3.1,2.7
10093,3.64,3.74,2.01,4.08,3.88,1.87,4.0,3.9,1.85
10239,1.99,3.77,3.65,1.78,4.03,4.32,1.75,4.0,4.2
10139,2.19,3.53,3.31,2.28,3.54,3.14,2.25,3.5,3.1
10050,1.94,3.41,4.26,2.07,3.27,4.04,2.1,3.25,4.2
10171,2.33,3.31,3.2,2.24,3.3,3.43,2.2,3.25,3.4
10151,4.99,4.24,1.65,5.17,4.29,1.63,5.0,4.33,1.6
10199,2.37,3.34,3.12,2.44,3.32,3.03,2.4,3.4,2.9
10291,2.75,3.31,2.64,2.97,3.34,2.46,2.9,3.4,2.4
10339,3.59,3.52,2.09,3.78,3.43,2.06,3.6,3.5,2.05
10319,7.52,4.84,1.42,6.72,4.62,1.48,6.5,4.75,1.45
10412,8.62,5.6,1.33,9.13,6.01,1.3,9.0,5.75,1.3
10223,4.39,3.89,1.8,4.71,3.81,1.77,4.75,3.8,1.72
10389,1.82,3.58,4.65,1.91,3.51,4.28,1.85,3.6,4.33
10377,1.75,3.71,5.02,1.75,3.71,4.94,1.7,3.8,5.0
10119,2.14,3.38,3.58,2.35,3.28,3.23,2.3,3.2,3.25
10356,2.49,3.32,2.92,2.38,3.23,3.2,2.4,3.25,3.1
10270,3.18,3.52,2.25,3.1,3.61,2.27,2.9,3.75,2.25
10071,2.13,3.53,3.47,2.21,3.52,3.32,2.15,3.5,3.3
10251,3.16,3.37,2.32,3.19,3.26,2.38,3.2,3.3,2.3
10204,3.43,4.02,1.98,3.57,4.16,1.93,3.6,4.0,1.9
10424,3.05,3.57,2.28,2.62,3.5,2.65,2.55,3.5,2.62
10252,1.95,3.84,3.68,1.92,3.63,4.1,1.86,3.7,4.0
10292,2.56,3.37,2.8,2.51,3.37,2.87,2.4,3.4,2.87
10381,2.02,3.42,3.89,1.85,3.61,4.44,1.85,3.6,4.2
10362,5.48,4.27,1.59,7.02,4.65,1.46,6.5,4.75,1.44
10120,2.0,3.58,3.8,2.0,3.65,3.76,1.95,3.6,3.75
10271,2.96,3.46,2.4,2.91,3.42,2.46,2.9,3.4,2.4
10240,4.03,3.87,1.86,2.55,3.61,2.68,2.5,3.75,2.6
10284,8.76,5.55,1.33,8.53,5.34,1.35,8.5,5.25,1.33
10051,11.84,6.28,1.25,11.14,6.46,1.26,12.0,7.0,1.25
10104,3.24,3.59,2.21,3.08,3.48,2.34,3.0,3.5,2.3
10152,1.79,3.82,4.55,1.85,3.73,4.36,1.75,3.8,4.5
10082,1.89,3.91,3.92,1.9,4.0,3.81,1.85,4.0,3.75
10140,2.11,3.46,3.6,2.27,3.41,3.28,2.2,3.4,3.25
10320,2.71,3.54,2.55,2.57,3.53,2.71,2.45,3.5,2.75
10172,4.32,4.14,1.75,4.74,4.34,1.67,4.5,4.33,1.66
10404,2.42,3.04,3.31,2.48,2.91,3.34,2.45,2.9,3.3
10340,3.57,3.36,2.15,4.09,3.38,2.0,4.0,3.5,1.9
10369,2.27,3.3,3.32,2.37,3.18,3.26,2.3,3.25,3.2
10164,1.9,3.6,4.24,1.7,3.81,5.31,1.66,3.8,5.25
10351,1.58,4.03,6.11,1.57,3.87,6.76,1.55,4.0,6.0
10329,1.65,3.95,5.48,1.72,3.73,5.23,1.7,3.8,5.0
10074,1.85,3.43,4.78,1.79,3.48,5.21,1.75,3.4,5.25
10091,2.97,3.36,2.46,3.05,3.4,2.39,3.0,3.4,2.37
10410,1.5,4.03,7.72,1.44,4.24,8.68,1.4,4.2,9.5
10393,2.06,3.25,4.01,2.08,3.17,4.07,2.05,3.2,3.9
10298,2.55,3.29,2.91,2.67,3.21,2.81,2.62,3.25,2.75
10283,5.63,3.92,1.64,5.21,3.96,1.67,5.25,4.0,1.61
10233,7.73,4.95,1.4,6.84,5.34,1.41,6.5,5.5,1.4
10064,3.32,3.28,2.3,3.0,3.29,2.49,2.87,3.3,2.45
10261,1.46,4.35,7.91,1.46,4.44,7.59,1.44,4.33,7.5
10313,1.52,4.27,6.55,1.51,4.24,6.97,1.5,4.33,6.5
10184,1.92,3.43,4.35,2.23,3.14,3.67,2.2,3.0,3.75
10132,1.85,3.58,4.52,2.07,3.26,4.03,2.0,3.25,4.0
10213,3.22,3.45,2.26,2.89,3.57,2.42,2.87,3.6,2.37
10112,1.89,3.49,4.46,1.93,3.45,4.29,1.9,3.4,4.2
10192,1.77,3.73,4.74,1.68,3.95,5.16,1.66,3.8,5.25
10499,1.7,3.97,4.92,1.65,4.31,4.91,1.61,4.4,4.75
10795,1.62,4.29,5.23,1.67,4.19,4.93,1.65,4.2,4.75
10537,1.54,4.22,6.42,1.46,4.62,7.17,1.4,4.75,8.0
10562,4.06,3.59,1.93,4.72,3.86,1.75,4.75,3.8,1.72
10594,1.55,4.1,6.37,1.7,3.82,5.2,1.66,3.75,5.25
10745,2.06,3.46,3.77,2.03,3.55,3.76,1.95,3.5,3.9
10738,1.75,3.72,4.91,1.84,3.66,4.43,1.8,3.75,4.33
10654,1.89,3.77,3.98,1.81,3.87,4.23,1.8,3.8,4.33
10478,1.93,3.74,3.92,1.94,3.54,4.07,1.9,3.6,4.0
10715,3.13,3.56,2.26,2.84,3.58,2.42,2.75,3.6,2.4
10667,6.27,4.36,1.53,6.84,4.59,1.47,7.0,4.5,1.44
10620,2.86,3.4,2.51,3.48,3.52,2.13,3.5,3.6,2.05
10603,1.44,4.61,7.54,1.43,4.75,7.71,1.4,4.75,8.0
10457,1.56,4.09,6.25,1.5,4.36,6.94,1.5,4.2,7.0
10544,2.25,3.47,3.19,2.16,3.5,3.37,2.1,3.5,3.4
10706,2.56,3.34,2.82,2.66,3.3,2.75,2.62,3.4,2.75
10767,1.47,4.53,7.01,1.5,4.5,6.74,1.44,4.5,6.5
10433,1.53,4.51,5.91,1.51,4.46,6.48,1.45,4.5,7.0
10518,2.13,3.28,3.72,2.09,3.28,3.85,2.05,3.25,3.8
10640,2.74,3.47,2.56,2.98,3.46,2.4,2.87,3.5,2.37
10503,2.19,3.61,3.21,2.28,3.52,3.11,2.3,3.5,3.0
10550,1.74,3.84,4.73,1.86,3.74,4.17,1.83,3.75,4.2
10796,6.62,4.56,1.49,6.97,4.85,1.44,6.5,4.75,1.45
10563,1.94,3.75,3.8,1.82,3.83,4.32,1.8,3.75,4.33
10775,2.72,3.44,2.61,3.04,3.32,2.45,3.0,3.3,2.4
10719,2.28,3.29,3.32,2.53,3.19,2.99,2.55,3.1,2.9
10473,2.11,3.75,3.33,1.91,3.99,3.73,1.85,4.0,3.8
10668,2.87,3.5,2.44,3.69,3.63,2.01,3.7,3.7,1.95
10458,9.35,5.41,1.33,6.65,4.89,1.45,6.5,4.8,1.44
10742,8.68,4.88,1.38,9.77,5.28,1.33,10.0,5.25,1.3
10768,4.38,3.81,1.82,4.43,3.94,1.78,4.33,4.0,1.75
10609,1.5,4.53,6.37,1.51,4.59,6.24,1.5,4.75,5.75
10441,2.71,3.19,2.75,2.46,3.16,3.16,2.45,3.2,3.1
10487,2.46,3.6,2.78,2.57,3.55,2.69,2.6,3.5,2.62
10713,2.97,3.38,2.42,3.05,3.42,2.36,2.9,3.4,2.4
10749,1.88,3.67,4.19,2.08,3.48,3.66,2.05,3.5,3.6
10634,2.21,3.43,3.33,2.36,3.45,3.04,2.25,3.5,3.1
10690,2.42,3.2,3.14,2.62,3.11,2.94,2.55,3.1,2.9
10574,3.22,3.38,2.29,3.64,3.44,2.1,3.6,3.4,2.05
10650,2.77,3.4,2.56,2.88,3.36,2.51,2.87,3.3,2.45
10493,1.9,3.48,4.42,1.98,3.39,4.19,1.9,3.4,4.2
10431,5.12,4.13,1.65,5.91,4.35,1.56,5.75,4.4,1.53
10671,1.74,3.53,5.36,1.76,3.49,5.27,1.72,3.5,5.25
10733,2.3,3.26,3.31,2.15,3.45,3.52,2.1,3.4,3.5
10614,2.06,3.38,3.82,2.05,3.31,3.95,2.0,3.4,4.0
10754,2.16,3.45,3.43,2.08,3.5,3.69,2.05,3.5,3.6
10691,2.56,3.24,2.9,2.53,3.17,3.02,2.45,3.2,3.0
10514,5.32,4.19,1.62,4.81,4.19,1.68,5.0,4.2,1.61
10785,6.93,4.49,1.49,7.26,4.66,1.45,7.0,4.5,1.44
10443,4.83,3.75,1.75,5.37,4.15,1.62,5.25,4.0,1.61
10712,1.66,3.54,6.24,1.72,3.53,5.57,1.66,3.6,5.5
10556,1.69,3.72,5.43,1.88,3.43,4.57,1.83,3.4,4.75
10531,2.52,3.36,2.86,2.44,3.38,2.96,2.4,3.4,2.9
10626,3.12,3.36,2.35,3.24,3.32,2.31,3.2,3.3,2.3
10481,1.75,3.93,4.61,1.67,3.99,5.15,1.66,3.9,5.0
10778,2.98,3.49,2.39,3.49,3.55,2.12,3.4,3.6,2.05
10582,2.66,3.15,2.85,2.83,3.02,2.78,2.8,3.0,2.75
10692,5.48,3.94,1.64,4.93,3.61,1.78,5.0,3.6,1.75
10615,3.84,3.53,2.0,4.41,3.74,1.82,4.2,3.6,1.8
10641,3.58,3.17,2.22,3.64,3.15,2.21,3.6,3.2,2.15
10484,6.05,4.37,1.54,5.6,4.23,1.6,5.5,4.33,1.57
10511,2.79,3.06,2.8,2.65,3.1,2.91,2.6,3.1,2.9
10523,4.02,3.5,1.97,3.73,3.51,2.04,3.6,3.6,2.0
10660,2.77,3.15,2.72,2.96,3.13,2.59,2.9,3.1,2.55
10779,3.14,3.64,2.23,3.49,3.8,2.05,3.5,3.9,1.95
10684,3.97,3.3,2.05,3.85,3.12,2.17,3.75,3.2,2.1
10789,10.82,6.67,1.25,9.9,6.3,1.28,9.0,6.0,1.28
10635,14.33,6.54,1.22,15.35,6.88,1.2,16.0,7.5,1.16
10589,7.03,4.56,1.47,7.76,4.87,1.41,8.0,4.75,1.4
10729,2.34,3.12,3.39,2.27,3.34,3.31,2.25,3.3,3.25
10575,2.41,3.15,3.22,2.4,3.17,3.22,2.4,3.2,3.1
10444,3.3,3.25,2.31,3.26,3.39,2.27,3.3,3.4,2.2
10482,5.49,4.02,1.63,5.7,4.33,1.58,5.75,4.33,1.53
10663,2.04,3.31,3.96,2.16,3.26,3.67,2.1,3.25,3.6
10760,3.17,3.49,2.26,3.02,3.55,2.35,3.0,3.5,2.3
10560,3.61,3.13,2.23,3.44,3.05,2.36,3.4,3.1,2.3
10774,1.73,3.8,5.04,1.95,3.4,4.29,1.9,3.4,4.2
10572,1.69,4.18,4.72,1.81,3.97,4.2,1.75,4.0,4.33
10741,1.61,3.85,6.26,1.68,3.72,5.72,1.66,3.6,5.5
10627,1.34,5.15,9.64,1.33,5.22,10.0,1.3,5.25,10.0
10453,1.43,4.77,7.39,1.53,4.28,6.41,1.5,4.33,6.5
10698,1.55,4.14,6.29,1.62,3.89,5.92,1.57,3.9,6.0
10755,1.48,4.27,7.59,1.49,4.2,7.85,1.44,4.2,8.0
10524,1.54,4.5,5.82,1.47,4.92,6.25,1.44,5.0,6.0
10786,1.72,3.71,5.37,1.7,3.81,5.32,1.66,3.75,5.25
10437,3.15,3.72,2.18,3.39,3.82,2.07,3.4,3.9,2.0
10586,3.01,3.66,2.24,3.37,3.6,2.14,3.4,3.6,2.05
10677,2.27,3.29,3.35,2.36,3.32,3.15,2.3,3.4,3.1
10658,1.24,6.36,11.97,1.29,5.74,10.69,1.28,5.75,9.5
10495,1.39,4.93,8.23,1.38,4.95,8.63,1.36,5.0,8.0
10463,1.53,4.56,5.92,1.58,4.47,5.38,1.53,4.6,5.5
10519,2.1,3.52,3.53,2.01,3.65,3.71,1.95,3.6,3.75
10716,1.22,6.33,14.99,1.28,5.57,11.9,1.25,5.75,12.0
10561,1.49,4.63,6.29,1.58,4.3,5.59,1.53,4.33,5.75
10616,1.62,4.08,5.53,1.65,3.85,5.78,1.61,3.75,5.75
10790,6.14,4.41,1.53,5.92,4.09,1.59,5.75,4.2,1.55
10781,3.05,3.5,2.33,3.1,3.51,2.3,3.0,3.5,2.3
10467,2.68,3.25,2.76,3.1,3.2,2.45,3.0,3.25,2.4
10651,2.42,3.11,3.22,2.84,3.14,2.69,2.8,3.1,2.7
10726,6.95,3.98,1.54,7.34,4.2,1.5,7.5,4.33,1.45
10445,3.69,3.32,2.12,3.49,3.31,2.2,3.5,3.3,2.15
10678,3.49,3.17,2.26,3.45,3.2,2.27,3.5,3.2,2.2
10496,2.92,3.37,2.47,2.84,3.43,2.49,2.8,3.5,2.45
10573,3.81,3.52,2.01,3.35,3.37,2.23,3.3,3.4,2.2
10552,6.2,4.45,1.52,5.27,4.07,1.65,5.25,4.0,1.61
10756,10.1,5.14,1.34,9.74,5.43,1.33,9.5,5.5,1.3
10685,7.56,4.6,1.44,7.61,4.62,1.44,7.5,4.75,1.4
10513,2.15,3.21,3.74,2.16,3.18,3.77,2.1,3.2,3.75
10583,2.01,3.4,3.93,2.08,3.26,3.9,2.05,3.25,3.9
10425,3.18,3.22,2.39,3.08,3.22,2.47,3.0,3.25,2.4
10538,4.71,3.75,1.76,4.21,3.77,1.85,4.0,3.8,1.85
10702,2.24,3.17,3.55,2.34,3.11,3.4,2.3,3.1,3.4
10610,3.16,3.27,2.39,3.53,3.33,2.18,3.5,3.3,2.15
10621,2.96,3.1,2.61,2.94,3.09,2.63,2.9,3.1,2.55
10553,2.42,3.44,2.93,2.66,3.39,2.68,2.62,3.4,2.62
10757,2.02,3.62,3.69,1.98,3.73,3.77,1.9,3.8,3.75
10454,1.76,3.73,4.79,1.79,3.76,4.61,1.75,3.75,4.75
10703,1.88,3.49,4.42,1.99,3.3,4.2,1.9,3.4,4.2
10533,4.36,4.12,1.75,4.77,4.22,1.68,4.5,4.33,1.66
10723,1.8,3.46,4.91,1.84,3.46,4.72,1.8,3.5,4.75
10655,1.93,3.53,4.09,2.04,3.37,3.92,2.0,3.4,3.9
10515,2.02,3.72,3.57,2.29,3.64,3.01,2.2,3.75,3.0
10617,2.83,3.25,2.61,3.18,3.28,2.37,3.0,3.25,2.4
10464,3.91,4.08,1.85,4.12,4.17,1.79,4.2,4.2,1.72
10661,8.56,5.33,1.35,10.79,5.8,1.29,11.0,5.5,1.28
10497,2.91,3.52,2.42,3.18,3.61,2.22,3.25,3.6,2.15
10622,1.59,3.95,6.27,1.57,4.11,6.22,1.55,4.0,6.5
10782,1.4,4.73,8.34,1.36,5.1,9.07,1.33,5.25,9.0
10682,2.19,3.45,3.34,2.14,3.45,3.48,2.1,3.5,3.4
10735,3.42,3.47,2.17,3.5,3.45,2.15,3.4,3.5,2.1
10434,1.54,4.25,6.3,1.59,4.03,6.15,1.57,4.0,6.0
10580,2.15,3.44,3.5,2.24,3.45,3.29,2.2,3.5,3.25
10791,1.89,3.61,4.25,1.79,3.66,4.77,1.72,3.75,4.75
10426,5.94,4.34,1.55,5.36,3.93,1.67,5.0,4.0,1.66
10451,2.92,3.26,2.52,3.01,3.38,2.41,3.0,3.4,2.37
10545,2.9,3.28,2.51,2.89,3.28,2.54,3.0,3.2,2.5
10771,2.21,3.41,3.35,2.23,3.42,3.35,2.2,3.4,3.4
10595,6.3,4.21,1.55,6.09,4.1,1.58,6.5,4.2,1.5
10474,2.74,3.14,2.77,2.58,3.15,2.96,2.5,3.2,2.9
10507,3.93,3.79,1.9,4.21,3.78,1.85,4.2,3.8,1.8
10711,2.43,3.35,3.0,2.57,3.29,2.84,2.5,3.3,2.87
10636,4.0,3.49,1.97,3.79,3.33,2.08,3.75,3.3,2.05
10539,8.44,5.66,1.34,8.24,5.43,1.35,8.0,5.5,1.33
10704,9.63,4.98,1.35,8.31,4.7,1.41,8.0,4.75,1.4
10606,6.05,4.31,1.55,5.44,4.1,1.63,5.5,4.0,1.6
10797,2.09,3.81,3.32,2.48,3.44,2.89,2.4,3.4,2.9
10664,2.2,3.19,3.61,1.97,3.34,4.2,1.9,3.4,4.2
10564,3.19,3.32,2.32,2.88,3.28,2.55,2.87,3.3,2.5
10687,3.95,3.57,1.96,3.91,3.44,2.02,3.7,3.4,2.05
10491,2.44,3.32,3.01,2.41,3.27,3.09,2.4,3.3,3.0
10642,3.57,3.46,2.1,4.1,3.63,1.91,4.0,3.75,1.85
10725,2.57,3.01,3.14,2.64,3.09,2.94,2.5,3.1,3.0
10508,3.13,3.7,2.21,3.48,3.78,2.04,3.4,3.8,2.0
10673,2.23,3.63,3.12,2.04,3.8,3.45,2.0,3.8,3.4
10596,2.17,3.57,3.31,2.27,3.53,3.14,2.2,3.5,3.2
10568,1.75,3.98,4.5,1.7,4.15,4.7,1.7,4.2,4.5
10705,4.57,3.9,1.76,5.0,3.93,1.7,5.25,3.8,1.66
10649,1.86,3.82,4.06,1.82,3.71,4.48,1.8,3.75,4.33
10637,2.47,3.63,2.75,2.58,3.48,2.72,2.5,3.4,2.75
10435,1.64,3.97,5.5,1.73,3.81,5.05,1.66,3.8,5.25
10492,2.56,3.56,2.68,2.41,3.63,2.84,2.4,3.7,2.75
10740,4.7,4.26,1.68,5.19,4.46,1.6,5.0,4.5,1.6
10455,7.45,5.34,1.38,8.59,6.64,1.29,8.0,7.5,1.25
10750,4.05,4.05,1.82,4.35,3.91,1.8,4.2,4.0,1.75
10546,1.76,3.89,4.49,1.58,4.39,5.36,1.55,4.33,5.75
10717,1.52,4.4,6.36,1.56,4.17,6.2,1.53,4.2,6.0
10672,2.34,3.47,3.06,2.16,3.58,3.31,2.1,3.7,3.3
10763,3.46,3.8,2.04,4.03,3.97,1.86,3.9,4.0,1.83
10798,1.44,5.18,6.51,1.54,4.69,5.59,1.53,4.75,5.25
10532,2.18,3.67,3.2,2.14,3.75,3.23,2.05,3.75,3.3
10471,2.5,3.26,2.97,2.47,3.35,2.94,2.4,3.4,2.9
10679,2.51,3.34,2.89,2.34,3.33,3.18,2.37,3.3,3.1
10468,1.89,3.82,3.97,2.38,3.57,2.93,2.35,3.6,2.87
10540,2.03,3.49,3.76,2.04,3.52,3.7,2.0,3.5,3.75
10438,1.63,3.98,5.64,1.56,4.19,6.26,1.5,4.33,6.5
10604,2.9,3.41,2.49,2.8,3.43,2.53,2.75,3.4,2.5
10752,1.47,4.26,7.71,1.43,4.64,7.95,1.4,4.75,8.0
10547,2.2,3.55,3.22,2.13,3.51,3.45,2.1,3.4,3.5
10521,1.54,4.35,6.15,1.63,4.09,5.44,1.55,4.2,6.0
10628,1.82,4.02,4.11,1.84,3.83,4.2,1.8,3.8,4.2
10652,3.45,3.49,2.14,3.74,3.83,1.94,3.6,3.8,1.95
10718,6.16,4.07,1.57,5.25,3.88,1.68,5.25,4.1,1.61
10565,3.01,3.55,2.32,2.96,3.54,2.36,2.9,3.6,2.3
10762,1.42,4.8,7.83,1.4,4.94,8.28,1.36,4.75,8.5
10707,1.54,4.12,6.6,1.52,4.0,7.36,1.5,4.0,7.5
10597,1.8,3.72,4.58,1.71,3.82,5.1,1.66,3.9,5.0
10799,2.04,4.02,3.33,1.79,4.19,4.14,1.83,4.2,3.75
10744,1.59,4.08,5.94,1.64,3.93,5.62,1.61,3.8,5.75
10459,1.68,4.12,4.86,1.82,3.89,4.21,1.75,4.0,4.2
10500,2.38,3.14,3.28,2.36,3.14,3.32,2.25,3.2,3.3
10452,1.49,4.68,6.3,1.49,5.03,5.83,1.44,5.25,6.0
10727,1.52,4.51,6.22,1.46,4.67,6.96,1.45,4.75,6.5
10638,1.36,5.23,8.38,1.5,4.57,6.38,1.44,4.75,6.5
10608,1.2,7.05,14.89,1.33,5.49,9.57,1.28,6.0,10.0
10688,2.26,3.59,3.1,2.2,3.48,3.33,2.15,3.5,3.25
10800,1.16,8.28,17.35,1.16,8.57,16.09,1.14,8.5,15.0
10665,1.47,4.59,6.79,1.37,5.27,7.97,1.36,5.5,7.0
10694,1.38,4.98,8.39,1.64,3.96,5.6,1.61,4.0,5.5
10427,1.3,5.96,9.68,1.28,6.16,10.63,1.25,6.0,11.0
10509,1.9,3.92,3.82,1.78,4.05,4.31,1.75,4.0,4.33
10645,3.37,3.63,2.12,3.13,3.6,2.25,3.2,3.6,2.15
10600,1.97,3.84,3.65,1.94,3.89,3.72,1.95,3.8,3.6
10746,1.24,6.38,12.06,1.22,7.17,12.58,1.18,7.5,13.0
10475,1.25,6.36,11.55,1.21,7.24,12.71,1.2,7.5,12.0
10764,1.29,5.97,10.14,1.31,5.93,9.28,1.28,5.75,9.5
10548,1.79,3.84,4.44,1.82,3.92,4.19,1.8,3.8,4.2
10569,1.13,9.05,20.61,1.13,9.2,20.48,1.12,9.0,19.0
10485,1.39,5.26,7.43,1.42,5.15,6.96,1.4,5.0,7.0
10527,1.52,4.25,6.59,1.58,4.31,5.57,1.57,4.2,5.5
10465,1.49,4.85,6.09,1.53,4.73,5.63,1.5,4.75,5.5
10607,1.25,6.21,11.36,1.31,5.79,9.32,1.28,6.0,10.0
10592,1.18,7.48,15.78,1.18,7.62,16.73,1.14,8.0,19.0
10516,1.17,7.84,16.81,1.12,9.99,20.57,1.12,10.0,17.0
10765,1.94,3.45,4.26,2.04,3.35,4.01,2.0,3.4,3.8
10601,1.17,7.67,17.03,1.18,7.39,17.06,1.16,8.0,15.0
10801,1.44,4.94,6.83,1.3,6.12,9.6,1.3,6.0,9.0
10525,1.12,9.74,21.84,1.12,10.05,20.63,1.1,11.0,19.0
10728,1.3,5.92,9.56,1.38,5.24,7.9,1.36,5.25,7.5
10447,1.29,5.93,9.68,1.31,5.83,9.22,1.28,5.75,9.5
10501,1.99,4.03,3.42,1.92,4.14,3.62,1.9,4.2,3.5
10695,1.5,4.35,6.74,1.5,4.39,6.76,1.44,4.5,7.0
10566,1.12,9.31,23.28,1.12,9.74,21.01,1.12,9.5,17.0
10623,1.13,8.75,21.73,1.18,7.27,16.86,1.14,7.5,19.0
10700,1.21,6.91,14.17,1.18,7.38,16.25,1.16,7.0,17.0
10653,1.33,5.56,8.65,1.34,5.62,8.46,1.3,5.75,9.0
10542,1.12,9.96,22.77,1.1,11.01,24.73,1.1,11.0,21.0
10674,1.23,6.55,12.55,1.26,6.18,11.14,1.25,6.5,11.0
10683,1.22,6.41,15.26,1.22,6.53,14.46,1.2,6.5,15.0
10488,2.04,3.66,3.58,1.99,3.59,3.87,1.95,3.6,3.8
10581,1.74,4.14,4.42,1.7,4.12,4.68,1.66,4.0,4.75
10720,1.64,3.97,5.39,1.66,3.91,5.39,1.66,3.75,5.25
10739,1.36,5.05,9.25,1.36,5.17,8.77,1.33,5.25,9.0
10476,2.38,3.59,2.9,2.6,3.46,2.72,2.55,3.5,2.62
10436,1.32,5.57,9.56,1.37,5.07,8.7,1.36,5.0,8.0
10643,1.56,4.26,5.99,1.62,4.15,5.45,1.57,4.2,5.5
10787,1.32,5.71,9.38,1.3,5.82,9.97,1.28,6.0,9.5
10557,1.71,4.23,4.49,1.72,4.34,4.38,1.7,4.2,4.33
10772,2.54,3.37,2.88,3.71,3.55,2.05,3.6,3.5,2.05
10776,3.15,3.76,2.18,2.79,3.72,2.43,2.75,3.75,2.37
10534,4.39,4.16,1.74,4.57,4.17,1.71,4.5,4.33,1.66
10669,1.3,5.75,10.27,1.33,5.37,9.41,1.3,5.5,10.0
10618,1.28,5.94,10.6,1.28,6.02,10.77,1.25,5.75,10.0
10630,1.44,4.73,7.22,1.45,4.79,6.94,1.44,4.75,6.5
10460,1.92,3.71,3.97,2.08,3.62,3.52,2.0,3.7,3.6
10504,1.34,5.34,9.21,1.32,5.61,9.13,1.3,5.75,9.0
10708,1.86,3.57,4.42,1.79,3.6,4.83,1.75,3.6,4.8
10576,1.55,4.21,6.1,1.54,4.27,6.2,1.53,4.2,6.0
10758,3.64,3.57,2.05,3.74,3.63,2.02,3.75,3.6,1.95
10701,3.8,3.33,2.09,3.66,3.35,2.12,3.6,3.3,2.1
10439,2.68,3.15,2.82,2.64,3.17,2.88,2.5,3.25,2.9
10456,2.47,3.15,3.08,2.4,3.27,3.12,2.37,3.25,3.1
10505,6.39,4.54,1.5,7.07,4.75,1.45,7.0,4.75,1.44
10631,2.91,3.15,2.63,2.96,3.27,2.5,2.87,3.3,2.5
10489,3.71,3.47,2.06,3.34,3.33,2.27,3.3,3.3,2.25
10554,2.58,3.25,2.87,2.84,3.29,2.58,2.87,3.3,2.5
10611,3.83,3.83,1.93,4.07,3.94,1.84,3.9,4.0,1.83
10587,5.19,3.97,1.67,6.05,4.07,1.59,6.0,4.0,1.57
10579,9.81,5.93,1.29,10.36,6.02,1.28,11.0,6.0,1.25
10777,10.52,5.8,1.3,8.51,5.76,1.34,9.0,5.75,1.3
10466,4.78,4.08,1.7,4.62,4.11,1.72,4.5,4.2,1.7
10792,1.75,3.83,4.75,1.85,3.75,4.29,1.8,3.75,4.33
10644,2.99,3.27,2.47,3.28,3.47,2.23,3.3,3.5,2.2
10721,5.56,4.03,1.62,5.37,3.83,1.68,5.5,3.8,1.65
10535,2.51,3.25,2.95,2.45,3.22,3.08,2.4,3.25,3.0
10736,3.65,3.45,2.08,3.43,3.39,2.2,3.4,3.4,2.15
10675,3.51,3.12,2.28,3.65,3.15,2.21,3.6,3.1,2.2
10730,6.15,3.97,1.59,5.52,3.89,1.66,5.5,3.6,1.66
10686,3.73,3.44,2.07,3.55,3.38,2.15,3.5,3.5,2.1
10747,5.33,3.56,1.74,6.31,3.96,1.59,6.0,4.0,1.57
10802,2.84,3.63,2.41,2.8,3.47,2.53,2.8,3.4,2.5
10646,7.18,4.38,1.48,6.99,4.27,1.5,7.0,4.33,1.45
10766,2.97,3.25,2.52,2.96,3.19,2.58,2.9,3.2,2.5
10567,4.2,3.59,1.9,3.37,3.28,2.27,3.4,3.3,2.2
10469,2.11,3.32,3.74,2.29,3.16,3.46,2.25,3.2,3.5
10448,2.72,3.37,2.63,2.95,3.34,2.47,2.8,3.4,2.5
10528,3.86,3.49,2.01,4.04,3.52,1.96,4.0,3.5,1.95
10680,7.56,4.94,1.41,8.15,5.32,1.37,8.0,5.0,1.36
10486,9.43,5.76,1.31,10.42,6.04,1.28,9.5,6.0,1.28
10551,7.14,4.54,1.46,7.2,4.73,1.44,7.0,4.5,1.44
10590,2.49,3.11,3.13,2.34,3.13,3.39,2.3,3.1,3.3
10693,3.67,3.4,2.09,3.75,3.33,2.1,3.8,3.4,2.0
10602,5.96,3.73,1.65,4.79,3.6,1.8,4.5,3.6,1.83
10632,2.05,3.3,3.99,2.12,3.34,3.7,2.05,3.3,3.8
10510,3.06,3.26,2.43,3.09,3.2,2.46,3.1,3.2,2.4
10432,3.36,3.0,2.41,3.23,2.86,2.62,3.2,2.9,2.55
10612,3.49,3.6,2.09,3.48,3.65,2.08,3.5,3.75,2.0
10624,2.86,3.59,2.41,3.22,3.68,2.18,3.2,3.7,2.1
10709,2.98,3.07,2.6,3.24,3.18,2.38,3.25,3.1,2.37
10722,2.1,3.29,3.78,2.01,3.37,4.04,1.95,3.3,4.2
10666,4.93,3.76,1.74,4.62,3.77,1.78,4.75,3.75,1.75
10773,2.1,3.56,3.56,1.88,3.78,4.09,1.85,3.75,4.0
10479,2.78,3.47,2.54,3.05,3.53,2.32,3.0,3.6,2.25
10780,2.02,3.58,3.73,1.87,3.74,4.21,1.83,3.8,4.0
10788,2.6,3.81,2.54,2.65,3.8,2.5,2.6,3.75,2.5
10753,3.82,3.81,1.94,4.11,3.75,1.89,4.0,3.8,1.85
10588,4.89,4.24,1.65,6.0,4.76,1.5,5.75,4.75,1.5
10555,6.48,4.63,1.48,5.98,4.64,1.52,6.0,4.5,1.45
10520,3.8,3.57,2.0,3.83,3.72,1.95,3.8,3.6,1.95
10494,2.04,3.58,3.7,2.16,3.43,3.46,2.1,3.5,3.4
10541,1.72,3.83,4.95,1.64,4.03,5.45,1.61,3.8,5.25
10440,3.1,3.35,2.37,3.34,3.37,2.25,3.3,3.4,2.2
10461,1.76,3.86,4.58,1.85,3.75,4.21,1.85,3.75,4.0
10577,2.19,3.48,3.33,2.03,3.58,3.71,2.0,3.5,3.75
10656,2.42,3.21,3.12,2.23,3.24,3.49,2.2,3.2,3.6
10529,2.01,3.54,3.79,2.19,3.47,3.36,2.15,3.5,3.4
10793,1.53,4.65,5.85,1.62,4.44,5.15,1.6,4.5,5.0
10490,1.63,4.17,5.29,1.59,4.29,5.62,1.55,4.33,6.0
10681,1.55,4.04,6.66,1.5,4.27,7.04,1.45,4.33,7.5
10639,3.48,3.43,2.16,3.98,3.48,1.98,4.0,3.4,1.95
10696,1.47,4.48,7.11,1.54,4.15,6.55,1.53,4.0,6.5
10429,1.9,3.55,4.2,2.07,3.39,3.79,2.0,3.4,3.8
10593,1.4,4.91,7.98,1.63,3.82,6.06,1.61,3.8,6.0
10584,1.8,4.05,4.15,1.85,4.0,3.97,1.83,4.0,4.0
10558,2.08,3.48,3.62,2.1,3.48,3.56,2.05,3.5,3.6
10619,3.22,3.54,2.22,3.57,3.8,2.01,3.6,3.9,1.95
10506,4.1,4.03,1.81,4.12,4.09,1.8,4.2,4.0,1.75
10731,2.87,3.44,2.49,2.94,3.52,2.4,2.9,3.5,2.37
10449,1.47,4.5,6.95,1.41,4.82,7.75,1.4,4.8,8.0
10759,1.29,5.73,11.16,1.32,5.46,9.91,1.3,5.5,9.5
10743,1.8,3.79,4.42,1.86,3.81,4.18,1.8,3.9,4.2
10647,1.46,4.51,7.23,1.39,4.93,8.25,1.36,5.0,8.5
10470,1.62,4.19,5.34,1.63,4.16,5.36,1.6,4.2,5.5
10783,1.54,4.28,6.27,1.54,4.49,5.95,1.53,4.5,5.75
10585,5.78,4.01,1.61,5.98,4.01,1.6,6.0,4.0,1.57
10559,3.69,3.7,1.99,4.64,4.02,1.73,4.5,4.0,1.72
10676,4.14,3.44,1.96,4.49,3.54,1.85,4.5,3.5,1.8
10472,2.49,3.3,2.97,2.58,3.27,2.87,2.55,3.25,2.9
10446,8.24,5.02,1.38,6.71,4.76,1.46,6.5,4.75,1.44
10530,2.9,3.21,2.58,3.01,3.29,2.46,2.87,3.25,2.5
10689,4.43,3.67,1.84,3.93,3.47,2.0,3.9,3.5,1.95
10625,3.33,3.19,2.32,3.53,3.29,2.2,3.5,3.3,2.15
10578,3.59,3.67,2.03,4.23,3.96,1.81,4.0,4.0,1.8
10430,3.87,3.57,1.97,3.32,3.33,2.28,3.25,3.4,2.2
10784,12.37,6.75,1.23,12.27,7.13,1.22,12.0,7.5,1.2
10613,15.44,7.06,1.2,19.5,8.28,1.15,18.0,8.0,1.14
10657,9.19,5.52,1.33,9.63,5.82,1.3,10.0,5.75,1.28
10697,2.45,3.2,3.09,2.31,3.18,3.38,2.3,3.2,3.2
10517,2.6,3.17,2.9,2.64,3.13,2.89,2.6,3.2,2.8
10734,3.55,3.28,2.19,3.57,3.56,2.08,3.6,3.6,2.0
10502,6.38,4.38,1.52,6.41,4.6,1.49,6.0,4.6,1.5
10794,5.26,4.25,1.62,5.07,4.28,1.64,5.0,4.2,1.61
10761,2.91,3.19,2.58,2.55,3.11,3.06,2.5,3.1,3.0
10714,2.83,3.43,2.5,3.49,3.47,2.13,3.5,3.5,2.1
10522,2.32,3.57,3.01,2.34,3.49,3.03,2.3,3.5,3.0
10570,2.37,3.32,3.11,2.36,3.32,3.15,2.37,3.3,3.1
10598,1.84,3.49,4.69,1.77,3.65,4.89,1.75,3.7,4.75
10748,4.74,3.75,1.77,5.25,3.93,1.68,5.25,3.9,1.65
10549,2.1,3.4,3.64,2.17,3.37,3.49,2.1,3.4,3.5
10769,2.27,3.44,3.22,2.14,3.53,3.46,2.1,3.5,3.4
10498,1.83,3.82,4.23,1.85,3.79,4.2,1.83,3.8,4.0
10699,2.09,3.59,3.46,2.25,3.55,3.15,2.25,3.6,3.0
10732,3.01,3.38,2.41,3.18,3.23,2.39,3.1,3.3,2.3
10629,4.39,3.99,1.77,3.45,3.68,2.09,3.5,3.75,2.0
10477,7.2,5.16,1.41,6.63,5.07,1.44,6.5,5.25,1.4
10526,3.62,3.57,2.05,3.37,3.49,2.17,3.3,3.5,2.15
10428,2.15,3.48,3.42,2.01,3.57,3.79,1.95,3.6,3.75
10659,1.73,3.74,5.04,2.03,3.27,4.07,2.0,3.3,4.0
10803,1.72,4.0,4.76,1.78,3.85,4.57,1.75,3.9,4.5
10670,2.64,3.33,2.73,3.01,3.43,2.39,2.9,3.4,2.4
10605,1.58,4.08,6.09,1.53,4.22,6.46,1.53,4.2,6.0
10450,3.74,3.38,2.07,3.36,3.26,2.28,3.3,3.3,2.25
10633,3.63,3.29,2.17,3.61,3.26,2.18,3.6,3.2,2.15
10536,2.34,3.27,3.21,2.56,3.23,2.9,2.5,3.25,2.87
10770,3.35,3.3,2.27,3.96,3.3,2.06,4.0,3.3,2.0
10751,2.07,3.31,3.88,2.35,3.09,3.42,2.3,3.1,3.4
10543,5.44,3.79,1.68,5.37,3.74,1.69,5.25,3.8,1.66
10483,2.05,3.13,4.27,2.07,3.12,4.22,2.0,3.2,4.2
10591,2.5,3.12,3.1,2.59,2.93,3.16,2.5,2.8,3.25
10462,1.51,4.07,7.19,1.79,3.49,5.1,1.75,3.4,5.25
10662,2.38,3.36,3.08,2.3,3.36,3.21,2.25,3.4,3.2
10648,3.52,3.37,2.16,3.36,3.22,2.31,3.2,3.25,2.3
10710,4.81,3.74,1.76,5.67,3.89,1.64,5.5,3.9,1.61
10442,6.11,4.35,1.54,6.81,4.5,1.49,7.0,4.5,1.44
10804,2.53,3.63,2.69,2.34,3.25,3.26,2.25,3.4,3.2
10480,1.78,3.49,5.16,1.83,3.42,4.89,1.8,3.5,4.75
10737,1.69,3.55,5.81,1.79,3.44,5.24,1.72,3.4,5.25
10512,2.32,3.25,3.27,2.34,3.19,3.3,2.3,3.25,3.25
10571,3.62,3.28,2.16,3.53,3.34,2.17,3.4,3.3,2.2
10599,1.61,3.67,6.71,1.64,3.69,6.13,1.61,3.7,6.0
10724,2.95,3.13,2.58,2.89,3.16,2.63,2.9,3.1,2.6
10885,1.91,3.73,4.05,1.98,3.64,3.87,1.85,3.75,4.0
11039,1.46,4.46,7.68,1.54,3.96,7.27,1.5,3.75,8.0
11105,1.65,3.9,5.64,1.65,3.76,6.05,1.57,3.75,6.0
11015,1.36,4.97,9.11,1.3,5.46,11.04,1.28,5.25,11.0
10821,4.76,3.74,1.78,4.51,3.54,1.88,4.5,3.5,1.85
10884,1.65,3.87,5.65,1.61,4.0,5.81,1.57,4.0,6.0
11175,1.37,5.15,8.69,1.34,5.54,8.95,1.33,5.25,8.5
11153,1.46,4.81,6.77,1.53,4.51,6.21,1.53,4.5,5.5
11079,1.53,4.55,6.0,1.43,4.9,7.49,1.4,4.75,7.0
11086,3.78,3.98,1.92,3.6,3.64,2.07,3.5,3.75,2.0
10988,5.91,4.62,1.53,5.21,4.18,1.65,5.25,4.2,1.6
11126,2.11,3.58,3.5,2.05,3.65,3.65,2.0,3.6,3.6
10925,1.47,4.77,6.61,1.51,4.54,6.3,1.5,4.5,6.0
10835,1.52,4.48,6.4,1.42,4.89,7.72,1.36,5.0,8.0
10955,1.67,3.99,5.32,1.75,3.92,4.76,1.75,3.75,4.5
10862,2.28,3.31,3.35,2.2,3.39,3.45,2.15,3.4,3.4
10911,1.39,4.9,8.25,1.45,4.76,7.13,1.44,4.75,6.5
10965,2.2,3.58,3.26,2.09,3.59,3.58,2.0,3.6,3.6
11052,1.65,3.8,5.83,1.67,3.72,5.88,1.61,3.6,5.75
11090,2.99,3.47,2.41,2.98,3.39,2.46,2.8,3.4,2.45
10825,2.0,3.57,3.84,2.09,3.3,3.9,2.0,3.25,4.0
10915,2.43,3.31,3.04,2.48,3.29,3.0,2.45,3.3,2.9
11172,2.05,3.56,3.7,2.04,3.45,3.88,1.95,3.5,3.8
10974,5.35,3.77,1.7,5.19,3.77,1.72,5.25,3.8,1.65
11163,2.06,3.55,3.63,1.88,3.55,4.46,1.8,3.5,4.5
10846,2.4,3.36,3.06,2.18,3.36,3.52,2.1,3.4,3.5
11023,1.8,3.96,4.26,1.94,3.79,3.9,1.95,3.8,3.6
10949,2.36,3.45,3.03,2.26,3.43,3.27,2.2,3.4,3.3
11157,7.35,4.85,1.44,6.37,4.55,1.52,6.25,4.5,1.5
10936,8.6,5.2,1.36,7.35,4.63,1.45,7.0,4.33,1.45
10999,2.92,3.49,2.42,2.56,3.49,2.77,2.5,3.5,2.75
10815,1.82,3.92,4.25,1.84,3.88,4.21,1.8,3.8,4.33
11137,1.4,4.94,8.3,1.42,4.86,7.86,1.4,4.75,8.5
11062,2.36,3.48,3.04,2.25,3.54,3.23,2.15,3.6,3.1
11106,3.15,3.55,2.27,3.35,3.52,2.2,3.3,3.4,2.2
11040,1.67,3.93,5.41,1.65,3.95,5.57,1.6,3.8,6.0
10902,2.83,3.5,2.48,2.96,3.48,2.39,2.9,3.5,2.37
10875,2.25,3.28,3.42,2.13,3.2,3.84,2.0,3.25,4.0
10805,4.02,3.43,2.02,3.89,3.28,2.1,3.8,3.25,2.05
10991,3.0,3.31,2.45,2.87,3.23,2.62,2.8,3.25,2.55
10836,2.86,3.14,2.69,3.01,3.01,2.67,3.1,3.0,2.55
11076,2.2,3.23,3.65,2.11,3.3,3.82,2.05,3.25,3.8
10876,6.37,3.84,1.6,5.58,3.83,1.66,5.75,3.9,1.6
11029,2.66,3.09,2.92,2.93,3.08,2.69,3.0,3.1,2.5
10930,2.25,3.27,3.4,2.25,3.21,3.52,2.15,3.25,3.5
11176,2.41,3.76,2.79,2.33,3.8,2.88,2.3,3.8,2.8
10892,2.63,3.39,2.72,2.78,3.41,2.58,2.75,3.4,2.6
10855,6.96,4.48,1.49,7.58,4.86,1.42,7.5,5.25,1.36
10985,17.6,7.93,1.17,15.88,8.3,1.17,17.0,9.0,1.12
11007,4.51,3.64,1.83,4.59,3.71,1.81,4.6,3.8,1.75
11054,2.52,3.17,3.04,2.38,3.11,3.38,2.25,3.1,3.5
10906,1.63,3.92,5.8,1.64,3.97,5.53,1.6,4.0,5.5
11147,2.21,3.44,3.35,2.11,3.54,3.54,2.1,3.4,3.5
11127,4.28,3.67,1.87,4.76,3.97,1.73,4.75,3.8,1.7
10954,2.29,3.32,3.34,2.52,3.32,2.94,2.45,3.3,2.87
11110,2.69,3.31,2.73,2.7,3.28,2.75,2.62,3.25,2.6
11010,3.09,3.05,2.54,2.48,3.04,3.25,2.37,3.1,3.25
10865,3.05,3.22,2.5,3.24,3.29,2.35,3.2,3.25,2.3
11055,2.27,3.28,3.41,2.23,3.26,3.53,2.15,3.4,3.4
10975,1.95,3.45,4.15,1.95,3.41,4.3,1.9,3.4,4.33
11041,1.67,3.74,5.75,1.63,3.8,6.21,1.65,3.6,6.0
11006,4.81,3.72,1.77,5.62,3.77,1.67,5.25,3.6,1.66
10998,2.1,3.28,3.91,2.04,3.37,3.96,2.05,3.3,3.8
10826,2.35,3.25,3.27,2.31,3.23,3.36,2.25,3.25,3.3
10926,2.11,3.41,3.67,2.19,3.31,3.54,2.15,3.3,3.4
10852,2.75,3.23,2.73,2.52,3.22,3.02,2.45,3.2,3.0
11077,6.2,4.47,1.53,6.8,4.64,1.48,7.0,4.5,1.45
10886,7.71,4.77,1.42,8.1,4.84,1.41,8.5,4.75,1.36
11148,2.8,3.44,2.56,3.02,3.34,2.46,2.87,3.4,2.45
10907,1.62,3.99,5.76,1.59,4.13,5.84,1.53,4.2,6.0
11093,1.5,4.12,7.51,1.49,4.26,7.44,1.5,4.2,7.0
11131,2.17,3.32,3.59,2.08,3.37,3.83,2.1,3.3,3.75
11087,3.28,3.34,2.3,3.67,3.4,2.13,3.5,3.4,2.1
10816,1.74,3.52,5.53,1.74,3.58,5.41,1.7,3.6,5.25
11177,2.4,3.57,2.91,2.66,3.47,2.68,2.6,3.4,2.62
10966,2.32,3.05,3.51,2.07,3.18,4.19,2.0,3.1,4.5
10847,3.82,3.5,2.03,3.76,3.63,2.01,3.75,3.6,1.95
11149,3.0,3.33,2.46,3.09,3.17,2.49,3.0,3.2,2.5
10895,2.66,3.24,2.78,2.64,3.15,2.88,2.6,3.1,2.87
10806,3.19,3.09,2.49,3.19,3.1,2.48,3.1,3.1,2.45
11063,7.44,4.15,1.5,7.39,4.08,1.52,7.0,3.8,1.5
10916,2.77,3.23,2.7,2.85,3.18,2.68,2.8,3.2,2.62
11103,2.57,3.16,2.98,2.55,3.1,3.08,2.45,3.1,3.1
10832,3.07,3.51,2.33,3.27,3.54,2.22,3.2,3.5,2.2
11061,2.94,3.34,2.52,2.91,3.29,2.56,2.9,3.25,2.5
11034,10.72,5.75,1.29,12.85,6.77,1.23,12.0,6.5,1.2
11094,13.75,6.54,1.23,16.6,6.99,1.2,19.0,7.0,1.16
11020,5.82,4.07,1.61,6.21,4.22,1.56,6.0,4.2,1.55
11178,2.24,3.48,3.25,2.48,3.28,3.03,2.45,3.3,2.9
10866,1.88,3.61,4.33,1.96,3.54,4.01,1.9,3.6,4.0
11125,2.76,3.41,2.61,2.65,3.34,2.75,2.6,3.3,2.75
11049,4.72,3.73,1.79,4.65,3.61,1.84,4.5,3.6,1.83
11019,2.21,3.27,3.51,2.19,3.27,3.6,2.15,3.25,3.6
10960,3.61,3.64,2.05,3.44,3.47,2.17,3.4,3.5,2.1
11132,2.71,3.11,2.86,2.57,3.11,3.06,2.45,3.1,3.1
11121,1.87,3.64,4.34,1.92,3.5,4.35,1.9,3.5,4.2
10837,1.3,5.46,11.28,1.34,5.29,9.78,1.33,5.0,9.0
11095,1.35,4.99,10.04,1.4,4.7,9.11,1.4,4.5,8.5
10986,1.43,4.5,8.18,1.35,5.04,10.37,1.33,5.0,9.5
10908,1.26,5.94,12.51,1.27,5.67,12.59,1.28,5.25,12.0
10807,1.26,5.92,12.8,1.33,5.17,10.58,1.3,5.25,11.0
10968,1.24,6.17,13.27,1.21,6.99,16.25,1.18,6.5,19.0
10956,1.28,5.95,11.46,1.24,6.6,12.72,1.2,6.5,13.0
11173,1.38,4.91,8.66,1.42,4.94,7.48,1.4,4.75,8.0
10992,3.06,3.54,2.31,2.61,3.48,2.72,2.5,3.5,2.7
10856,2.66,3.26,2.79,2.89,3.18,2.64,2.9,3.2,2.5
10931,1.61,4.12,5.67,1.56,4.21,6.21,1.53,4.0,6.5
11080,1.33,5.3,10.16,1.41,4.83,8.35,1.4,4.75,7.5
10887,1.19,7.07,17.21,1.22,6.51,14.53,1.22,6.0,15.0
10867,1.38,4.9,8.92,1.42,4.73,7.94,1.4,4.75,8.0
11016,1.69,3.99,4.96,1.74,3.78,5.02,1.7,3.75,5.0
11179,1.17,7.89,17.63,1.19,7.51,16.11,1.2,7.0,13.0
11133,1.53,4.37,6.4,1.43,4.79,7.9,1.4,4.75,8.0
11150,1.36,4.95,9.62,1.37,4.9,9.29,1.4,4.75,8.0
11102,4.05,3.41,1.99,4.05,3.38,2.02,4.0,3.4,1.95
10927,2.24,3.37,3.36,2.32,3.23,3.32,2.25,3.3,3.3
10817,2.61,3.18,2.9,2.65,3.16,2.9,2.6,3.2,2.8
10864,3.04,3.15,2.54,2.9,3.09,2.69,2.8,3.1,2.7
11056,1.97,3.42,4.19,1.91,3.33,4.68,1.9,3.3,4.5
11042,5.59,3.9,1.65,5.62,3.73,1.69,5.5,3.75,1.65
10961,2.29,3.21,3.42,2.25,3.19,3.56,2.1,3.2,3.75
11135,2.08,3.59,3.53,2.42,3.44,3.0,2.37,3.5,2.9
10871,3.11,3.41,2.36,2.82,3.25,2.64,2.8,3.25,2.62
11017,5.73,4.21,1.58,5.98,4.18,1.58,5.75,4.2,1.55
11085,9.82,5.5,1.32,9.89,5.42,1.33,9.0,5.25,1.33
11180,3.1,3.66,2.25,2.81,3.49,2.53,2.7,3.5,2.5
10888,1.97,3.61,3.88,1.91,3.54,4.24,1.85,3.6,4.2
10981,1.68,3.74,5.68,1.74,3.59,5.35,1.72,3.5,5.25
10967,2.14,3.38,3.59,2.09,3.41,3.77,1.95,3.4,4.0
10838,4.25,3.44,1.95,3.95,3.32,2.07,3.8,3.4,2.05
11151,1.69,3.89,5.2,1.69,3.84,5.33,1.66,3.8,5.25
10989,3.09,3.46,2.33,3.45,3.32,2.23,3.4,3.4,2.15
10909,2.5,3.15,3.08,2.34,3.1,3.42,2.3,3.1,3.4
10953,3.38,3.52,2.16,3.47,3.44,2.18,3.6,3.5,2.05
11011,2.75,3.29,2.66,2.75,3.41,2.62,2.7,3.4,2.62
11164,2.1,3.55,3.53,1.91,3.61,4.21,1.85,3.5,4.2
10993,2.78,3.16,2.72,2.88,3.11,2.71,3.0,3.1,2.5
10844,1.75,3.71,5.01,1.78,3.52,5.23,1.75,3.5,5.25
11143,4.83,3.71,1.77,5.11,3.86,1.72,5.0,3.75,1.7
11174,1.95,3.47,4.16,1.86,3.51,4.62,1.85,3.5,4.33
11030,2.32,3.64,2.99,2.52,3.55,2.79,2.55,3.6,2.6
11122,2.32,3.45,3.15,2.59,3.3,2.87,2.6,3.3,2.7
10937,7.52,5.05,1.41,8.49,5.18,1.37,8.0,5.0,1.36
11057,10.95,6.04,1.28,12.54,6.34,1.25,12.0,6.0,1.25
11107,4.48,3.84,1.8,4.02,3.8,1.9,4.0,3.75,1.9
11088,2.37,3.38,3.11,2.43,3.21,3.19,2.4,3.25,3.1
10857,1.63,3.86,5.96,1.69,3.76,5.53,1.7,3.75,5.25
10808,1.97,3.53,4.04,2.04,3.39,3.95,2.0,3.4,3.9
10912,3.06,3.28,2.42,3.39,3.28,2.26,3.4,3.3,2.2
10889,1.67,3.86,5.49,1.79,3.62,4.84,1.75,3.6,4.75
10882,2.52,3.35,2.89,2.84,3.27,2.61,2.8,3.2,2.6
11081,2.31,3.24,3.35,2.29,3.12,3.57,2.25,3.0,3.6
10970,3.89,3.78,1.91,5.8,4.35,1.57,5.25,4.33,1.57
11072,2.72,3.59,2.54,2.85,3.58,2.46,2.8,3.5,2.4
10950,1.94,3.62,3.99,1.84,3.52,4.75,1.83,3.5,4.5
11165,2.67,3.52,2.61,2.67,3.45,2.68,2.62,3.4,2.62
10994,2.03,3.57,3.65,2.05,3.59,3.67,2.0,3.5,3.6
11158,4.98,4.17,1.67,4.86,4.12,1.69,4.75,4.0,1.7
10934,2.42,3.33,3.06,2.25,3.34,3.35,2.2,3.4,3.25
10818,2.37,3.47,3.03,2.13,3.49,3.53,2.05,3.5,3.6
10913,2.76,3.56,2.5,2.64,3.44,2.68,2.6,3.5,2.62
10843,4.34,4.05,1.78,4.86,4.31,1.67,4.5,4.33,1.66
11138,9.69,5.85,1.31,9.49,5.74,1.32,8.5,5.75,1.33
11047,3.91,3.86,1.9,4.77,4.17,1.7,4.75,4.2,1.66
11012,2.01,3.72,3.63,1.9,3.88,3.96,1.9,3.9,3.75
11082,1.6,4.31,5.51,1.63,4.21,5.43,1.65,4.0,5.0
11096,2.42,3.61,2.86,2.45,3.59,2.83,2.4,3.6,2.8
11058,4.03,3.96,1.86,3.73,3.81,1.97,3.75,3.6,1.95
10868,1.76,3.9,4.63,1.76,3.95,4.6,1.72,3.8,4.75
10858,3.04,3.67,2.29,2.95,3.6,2.36,2.9,3.6,2.3
10890,2.57,3.37,2.79,2.44,3.4,2.96,2.37,3.4,3.0
10896,2.47,3.47,2.87,2.5,3.49,2.8,2.45,3.5,2.8
11128,2.85,3.39,2.54,2.98,3.35,2.47,2.9,3.3,2.45
11091,2.19,3.45,3.41,2.14,3.4,3.59,2.1,3.4,3.6
11018,2.55,3.37,2.8,2.6,3.43,2.76,2.5,3.4,2.8
10859,1.59,4.05,6.12,1.68,3.86,5.32,1.65,3.8,5.25
10917,4.74,3.72,1.78,4.91,3.71,1.76,5.0,3.75,1.7
11111,2.41,3.44,2.98,2.52,3.28,2.97,2.4,3.2,3.0
11154,2.61,3.34,2.8,2.68,3.26,2.78,2.6,3.25,2.7
11064,1.8,4.12,4.14,2.04,3.79,3.54,2.05,3.6,3.6
10982,7.72,5.72,1.36,8.66,6.13,1.31,9.0,6.0,1.28
10839,5.7,4.22,1.6,5.58,4.04,1.63,5.25,4.0,1.61
10877,3.49,3.59,2.1,3.66,3.75,2.0,3.6,3.75,1.95
10962,1.75,4.01,4.56,1.74,4.01,4.64,1.7,4.0,4.75
11159,1.44,4.9,7.02,1.34,5.57,9.13,1.33,5.5,8.5
11181,1.88,4.03,3.86,1.71,4.29,4.52,1.65,4.33,4.5
11008,3.04,3.42,2.36,3.23,3.44,2.28,3.1,3.5,2.25
10932,1.63,4.15,5.26,1.7,3.9,5.1,1.65,3.8,5.25
11035,2.88,3.58,2.4,2.88,3.5,2.47,2.9,3.4,2.4
10809,1.71,3.75,5.32,1.74,3.72,5.06,1.7,3.75,5.0
10918,1.48,4.77,6.38,1.52,4.7,5.93,1.5,4.75,5.75
10957,1.23,6.85,11.92,1.24,6.71,11.84,1.22,6.5,12.0
11004,1.3,5.68,10.64,1.28,6.13,11.02,1.22,6.5,12.0
10897,1.24,6.49,12.11,1.28,6.06,10.42,1.25,6.0,11.0
10819,1.21,6.97,14.41,1.24,6.57,12.29,1.25,6.0,11.0
10827,2.5,3.33,2.95,2.43,3.32,3.07,2.45,3.3,2.9
10848,1.22,6.84,14.04,1.27,6.16,11.26,1.28,5.75,10.0
11134,1.19,7.35,15.64,1.2,7.29,15.26,1.18,7.0,15.0
11050,1.16,8.73,16.66,1.18,8.24,15.04,1.18,7.5,13.0
11027,1.26,6.56,10.5,1.21,7.35,12.97,1.18,7.0,13.0
10872,2.9,3.53,2.43,3.02,3.56,2.35,2.9,3.6,2.3
11120,1.41,5.21,7.44,1.35,5.61,8.56,1.3,5.75,9.0
10969,1.12,9.52,21.43,1.11,10.85,24.82,1.11,9.5,21.0
11043,1.12,9.63,24.83,1.13,9.38,22.62,1.12,9.5,17.0
10928,1.29,5.99,9.78,1.25,6.5,11.34,1.25,6.0,11.0
11152,1.46,4.89,6.68,1.43,5.12,7.05,1.4,5.25,6.5
11097,1.13,9.36,21.82,1.16,8.32,17.96,1.14,8.5,15.0
11065,1.3,5.86,9.95,1.26,6.67,11.24,1.22,7.0,12.0
11182,1.16,8.12,18.95,1.14,9.22,19.12,1.12,9.0,17.0
10828,1.26,6.16,11.99,1.34,5.24,9.86,1.33,5.25,9.0
11183,1.16,8.18,18.24,1.17,8.27,15.87,1.18,7.5,13.0
11024,1.11,9.98,23.47,1.09,11.02,30.43,1.07,11.0,26.0
11123,1.2,6.85,17.12,1.23,6.48,14.46,1.22,6.5,13.0
10878,1.12,9.47,22.12,1.14,8.96,19.09,1.12,9.0,19.0
11000,1.72,3.87,5.0,1.63,4.2,5.3,1.6,4.2,5.25
10898,1.16,8.13,18.61,1.14,8.64,19.87,1.12,9.0,19.0
10923,1.18,7.56,15.95,1.21,7.11,14.63,1.2,6.5,15.0
10963,1.15,8.7,18.17,1.15,9.07,17.53,1.14,8.5,15.0
10976,1.18,7.85,14.75,1.13,10.01,18.83,1.12,10.0,17.0
11112,2.06,3.71,3.5,1.99,3.74,3.74,1.95,3.75,3.8
11069,1.41,4.91,7.86,1.42,5.03,7.75,1.4,4.5,7.0
11155,1.18,7.63,17.16,1.18,7.9,16.78,1.16,7.5,15.0
10820,1.11,10.58,25.64,1.12,9.88,23.15,1.1,9.5,23.0
10849,1.15,8.46,18.55,1.17,8.1,16.62,1.14,8.0,17.0
11044,1.29,5.87,10.84,1.28,6.12,11.03,1.28,5.75,10.0
11129,1.11,9.78,25.83,1.11,10.03,24.75,1.1,10.0,23.0
10933,1.3,5.82,10.01,1.27,6.21,10.75,1.25,6.0,11.0
10958,1.16,8.11,20.35,1.17,7.8,18.64,1.14,8.0,19.0
10942,2.02,3.66,3.66,2.07,3.66,3.52,2.1,3.5,3.4
10860,1.4,5.08,7.84,1.4,4.99,7.82,1.36,5.0,8.0
11146,1.76,3.95,4.51,1.76,3.98,4.56,1.72,3.8,4.5
11038,1.78,3.78,4.74,1.84,3.61,4.61,1.75,3.6,4.75
10987,1.38,4.99,8.54,1.37,5.01,8.98,1.36,5.0,8.0
11136,3.17,3.57,2.25,3.54,3.61,2.09,3.5,3.6,2.05
10951,1.57,4.19,6.09,1.52,4.46,6.42,1.5,4.33,6.5
10869,1.5,4.38,7.08,1.54,4.24,6.48,1.55,4.0,6.5
10810,1.55,4.48,5.87,1.64,4.19,5.22,1.61,4.2,5.25
11098,1.52,4.6,6.1,1.57,4.43,5.65,1.53,4.33,5.75
10893,3.06,3.66,2.27,2.97,3.59,2.35,2.9,3.6,2.3
10910,4.69,4.09,1.72,4.65,4.14,1.71,4.75,4.2,1.66
10840,1.2,7.27,14.77,1.19,7.42,15.77,1.18,7.0,15.0
11114,1.24,6.45,12.84,1.28,6.27,10.17,1.28,6.0,10.0
11031,1.61,4.22,5.43,1.56,4.51,5.76,1.53,4.33,5.75
11078,2.18,3.56,3.33,2.33,3.51,3.09,2.25,3.5,3.1
11059,1.34,5.44,9.04,1.38,5.0,8.66,1.36,5.0,7.5
11013,1.91,3.8,3.88,2.1,3.62,3.52,2.05,3.6,3.5
10995,1.56,4.17,6.08,1.69,3.75,5.58,1.65,3.75,5.75
11170,4.14,3.68,1.88,4.29,3.82,1.84,4.2,3.75,1.83
11036,2.72,3.44,2.6,2.78,3.39,2.6,2.75,3.3,2.55
10919,2.64,3.37,2.72,2.48,3.39,2.92,2.4,3.4,2.9
11066,2.77,3.19,2.74,2.66,3.11,2.92,2.7,3.2,2.7
10944,2.33,3.35,3.19,2.36,3.44,3.07,2.3,3.4,3.0
10899,8.63,4.91,1.38,7.84,4.54,1.44,7.5,4.5,1.44
11124,2.34,3.26,3.25,2.3,3.2,3.44,2.2,3.3,3.3
11021,2.52,3.38,2.88,2.53,3.34,2.92,2.5,3.3,2.8
10845,3.01,3.62,2.33,3.09,3.67,2.26,3.1,3.6,2.2
11118,2.25,3.38,3.32,2.05,3.52,3.76,2.0,3.5,3.6
11139,7.81,4.87,1.41,6.44,4.34,1.54,6.0,4.33,1.53
10971,16.25,7.72,1.18,20.93,9.45,1.13,21.0,9.0,1.11
10980,6.66,4.58,1.48,6.38,4.7,1.5,6.5,4.75,1.45
10935,1.99,3.63,3.82,2.11,3.51,3.56,2.0,3.5,3.75
10829,2.52,3.47,2.82,2.44,3.54,2.86,2.4,3.5,2.9
10883,3.51,3.58,2.09,3.56,3.61,2.07,3.5,3.6,2.05
11001,2.06,3.62,3.55,1.84,3.75,4.35,1.8,3.8,4.33
10813,3.2,3.51,2.26,3.36,3.5,2.19,3.3,3.4,2.2
11104,2.31,3.11,3.51,2.01,3.28,4.23,1.95,3.2,4.33
10977,7.73,4.77,1.42,6.42,4.48,1.52,6.5,4.5,1.5
10964,3.37,3.26,2.29,3.71,3.36,2.12,3.5,3.4,2.1
11067,2.95,3.15,2.6,3.12,3.18,2.47,3.1,3.1,2.4
10879,3.67,3.34,2.13,4.03,3.49,1.97,3.9,3.5,1.95
11113,2.97,3.19,2.56,3.13,3.37,2.36,3.0,3.5,2.3
11073,11.9,5.59,1.29,9.67,4.94,1.36,8.5,4.75,1.36
11025,3.5,3.36,2.18,3.55,3.27,2.22,3.6,3.3,2.15
11002,3.74,3.48,2.05,3.42,3.33,2.24,3.5,3.3,2.15
10903,3.44,3.6,2.11,3.59,3.66,2.03,3.6,3.75,1.95
10830,4.34,3.55,1.9,4.21,3.63,1.9,4.2,3.6,1.85
10811,8.78,5.71,1.33,6.8,4.85,1.46,6.5,4.75,1.44
11032,18.09,7.86,1.17,16.51,7.29,1.19,15.0,7.5,1.18
10959,7.25,4.73,1.45,7.35,4.91,1.43,7.0,4.5,1.44
11130,3.55,3.33,2.18,3.47,3.3,2.23,3.3,3.4,2.2
10920,3.63,3.46,2.1,3.54,3.45,2.14,3.5,3.5,2.05
11184,11.19,6.45,1.26,9.99,5.59,1.31,8.5,5.25,1.33
10850,2.18,3.39,3.47,2.3,3.3,3.34,2.25,3.3,3.3
11156,4.51,3.81,1.8,4.88,4.03,1.7,4.5,3.8,1.72
10929,3.54,3.35,2.17,3.57,3.29,2.19,3.5,3.3,2.15
11115,3.9,3.68,1.95,4.0,3.7,1.93,3.8,3.75,1.9
10905,2.02,3.66,3.68,2.06,3.64,3.56,2.0,3.6,3.6
10996,2.11,3.37,3.73,2.18,3.31,3.57,2.1,3.25,3.6
10945,2.45,3.21,3.1,2.57,3.16,2.99,2.6,3.1,2.87
10891,2.0,3.54,3.87,1.97,3.61,3.9,1.9,3.6,4.0
11108,3.98,3.69,1.93,3.85,3.58,2.0,3.6,3.6,2.0
11140,2.41,3.37,3.05,2.46,3.17,3.15,2.45,3.1,3.0
11045,2.08,3.56,3.58,2.08,3.55,3.64,2.0,3.6,3.6
10880,2.4,3.52,2.93,2.16,3.58,3.34,2.1,3.6,3.3
10938,2.43,3.47,2.91,2.36,3.46,3.07,2.25,3.5,3.1
11171,8.02,5.49,1.37,6.64,4.91,1.47,6.5,5.0,1.44
11014,10.18,6.08,1.28,10.89,5.92,1.29,11.0,6.0,1.25
10822,5.36,4.26,1.61,5.39,4.28,1.62,5.25,4.33,1.6
11074,2.0,3.7,3.71,1.96,3.55,4.07,1.9,3.6,4.0
11053,1.54,4.37,6.22,1.51,4.48,6.63,1.45,4.5,7.0
10983,3.74,3.51,2.05,3.7,3.41,2.11,3.75,3.5,2.0
11083,1.61,4.17,5.59,1.66,4.08,5.29,1.66,4.2,4.75
10841,2.89,3.46,2.47,3.06,3.53,2.33,3.0,3.5,2.3
10863,2.65,3.24,2.83,2.21,3.3,3.52,2.1,3.3,3.6
11162,2.12,3.6,3.42,2.28,3.47,3.22,2.2,3.5,3.2
10873,2.12,3.53,3.5,2.11,3.44,3.65,2.05,3.4,3.7
10943,1.64,4.07,5.25,1.66,3.93,5.46,1.61,3.9,5.5
11116,1.54,4.25,6.35,1.52,4.46,6.48,1.5,4.33,5.75
11166,1.34,5.36,9.11,1.32,5.56,10.15,1.3,5.5,9.5
10853,4.89,3.83,1.74,4.2,3.41,1.97,4.33,3.4,1.85
10978,1.72,3.87,4.97,1.72,3.81,5.07,1.7,3.8,5.0
11071,1.61,4.13,5.61,1.73,3.92,4.96,1.7,3.8,4.75
10924,1.73,4.07,4.56,1.61,4.06,5.73,1.57,4.0,6.0
11144,1.46,4.8,6.88,1.36,5.27,8.81,1.33,5.25,9.0
10972,5.18,4.5,1.59,4.82,4.17,1.69,4.75,4.1,1.66
10814,5.49,4.1,1.64,5.88,4.12,1.6,6.0,4.1,1.55
10900,2.93,3.57,2.37,3.12,3.58,2.26,3.0,3.6,2.25
11100,1.52,4.36,6.58,1.56,4.23,6.22,1.53,4.2,6.0
10952,1.41,4.75,8.11,1.46,4.49,7.52,1.44,4.5,7.0
11026,1.61,4.13,5.57,1.59,4.19,5.84,1.61,4.0,5.25
10833,1.44,4.48,8.42,1.47,4.45,7.65,1.4,4.5,8.5
11092,1.75,3.94,4.7,1.73,3.82,5.12,1.7,3.75,5.25
11037,1.68,3.76,5.57,1.7,3.72,5.57,1.66,3.75,5.5
11070,6.14,4.02,1.59,6.65,4.26,1.54,6.5,4.2,1.5
10812,3.14,3.26,2.41,3.49,3.3,2.22,3.4,3.3,2.2
11117,2.86,3.28,2.59,2.98,3.32,2.49,2.87,3.3,2.45
11033,3.7,3.27,2.14,3.82,3.3,2.11,4.0,3.4,1.95
11141,2.68,3.31,2.75,2.63,3.22,2.88,2.6,3.2,2.87
10939,10.3,5.43,1.31,9.78,5.33,1.33,9.0,5.25,1.33
11051,3.2,3.24,2.4,2.97,3.12,2.64,2.87,3.1,2.6
11160,4.26,3.68,1.87,5.69,3.77,1.67,5.5,3.75,1.65
11109,2.69,3.54,2.58,2.8,3.43,2.57,2.8,3.3,2.55
11167,3.65,3.68,2.02,5.12,3.95,1.7,5.5,4.0,1.65
10881,8.67,5.33,1.36,8.61,5.48,1.35,9.0,5.75,1.3
10946,14.65,7.19,1.2,13.55,7.1,1.21,12.0,7.0,1.2
10921,6.22,4.65,1.5,6.42,4.62,1.5,6.5,4.5,1.45
10861,2.27,3.37,3.32,2.13,3.48,3.52,2.05,3.5,3.5
11009,2.07,3.52,3.63,2.04,3.52,3.78,2.0,3.5,3.75
10901,3.12,3.37,2.35,3.23,3.44,2.26,3.3,3.5,2.15
10990,5.32,4.17,1.62,5.67,4.1,1.62,5.5,4.0,1.6
10984,3.28,3.58,2.2,3.52,3.7,2.06,3.6,3.75,1.95
10842,3.36,3.19,2.33,3.57,3.17,2.25,3.6,3.1,2.15
11145,4.54,3.84,1.79,4.4,3.89,1.81,4.2,4.0,1.8
11084,2.33,3.31,3.24,2.53,3.28,2.96,2.4,3.3,2.9
10874,1.82,3.62,4.67,1.78,3.72,4.81,1.72,3.75,4.75
10940,2.01,3.53,3.79,1.98,3.45,4.14,1.95,3.4,4.0
11119,1.72,3.84,5.02,1.81,3.72,4.64,1.75,3.75,4.5
10947,4.7,3.6,1.82,4.84,3.64,1.8,4.75,3.75,1.75
10831,1.58,4.02,6.29,1.57,4.12,6.39,1.53,4.0,6.5
11101,1.79,3.75,4.6,1.79,3.77,4.68,1.75,3.75,4.75
11005,1.65,4.21,4.98,1.68,4.2,4.88,1.61,4.2,5.0
10824,2.58,3.44,2.75,2.46,3.47,2.9,2.4,3.4,2.9
10914,4.59,4.11,1.72,4.45,4.21,1.73,4.2,4.1,1.75
11168,8.01,5.2,1.38,7.97,5.2,1.39,7.5,5.0,1.4
10854,4.51,3.9,1.78,4.38,3.77,1.83,4.2,3.8,1.8
11046,1.7,3.91,5.11,1.65,4.03,5.39,1.61,4.0,5.5
10997,1.31,5.52,10.28,1.4,4.96,7.99,1.36,5.0,8.0
10979,1.85,3.8,4.18,1.96,3.64,3.94,1.9,3.75,3.8
10894,2.35,3.49,3.01,2.29,3.5,3.13,2.2,3.5,3.2
11022,1.55,4.3,6.28,1.54,4.27,6.5,1.53,4.2,6.0
11060,2.11,3.24,3.89,1.94,3.35,4.51,1.95,3.3,4.33
11028,3.57,3.25,2.2,3.69,3.18,2.22,4.0,3.2,2.05
11099,3.01,3.1,2.59,3.07,3.07,2.59,3.0,3.1,2.5
10851,1.9,3.27,4.83,1.83,3.35,5.1,1.8,3.25,5.0
11142,2.75,3.09,2.83,2.76,2.99,2.93,2.7,3.0,3.0
10941,1.95,3.41,4.23,1.94,3.37,4.4,1.9,3.4,4.2
10973,6.42,3.93,1.58,5.4,3.42,1.79,5.5,3.4,1.72
11068,2.37,3.1,3.4,2.38,3.03,3.47,2.3,3.1,3.4
10904,2.24,3.28,3.39,2.24,3.17,3.56,2.15,3.2,3.6
11089,2.14,3.49,3.56,2.23,3.36,3.44,2.15,3.5,3.25
11048,2.29,3.28,3.33,2.22,3.23,3.63,2.2,3.2,3.6
10948,7.73,4.75,1.43,8.46,5.02,1.39,8.5,5.0,1.36
11161,12.83,5.88,1.26,12.0,6.22,1.26,10.0,5.75,1.28
10834,4.91,3.48,1.82,4.88,3.71,1.77,4.75,3.75,1.75
10870,1.69,4.0,5.02,1.78,3.71,4.75,1.7,3.75,5.0
11169,1.46,4.58,7.25,1.54,4.44,6.04,1.55,4.5,5.75
11003,2.32,3.16,3.4,2.42,3.1,3.3,2.37,3.0,3.3
10823,3.2,3.15,2.43,2.93,3.06,2.7,2.8,3.1,2.62
11075,1.82,3.5,4.84,1.93,3.43,4.38,1.9,3.4,4.2
10922,3.02,3.27,2.47,3.14,3.27,2.41,3.1,3.25,2.37
11229,1.47,4.63,7.0,1.54,4.46,6.08,1.5,4.5,6.0
11426,1.22,6.82,13.83,1.22,6.78,13.69,1.2,6.5,12.0
11395,1.45,4.72,7.52,1.54,4.27,6.59,1.5,4.33,6.5
11538,1.77,4.19,4.21,1.73,4.28,4.36,1.75,4.2,4.0
11518,1.59,4.22,5.75,1.61,4.23,5.54,1.57,4.33,5.5
11454,1.26,5.93,12.83,1.26,5.86,12.05,1.25,5.5,11.0
11424,1.36,5.04,9.33,1.32,5.2,11.22,1.3,5.0,11.0
11215,1.32,5.77,9.44,1.39,5.32,7.66,1.4,5.5,6.5
11455,1.29,5.84,10.48,1.27,6.3,10.67,1.25,6.5,9.5
11195,1.55,4.37,6.04,1.57,4.4,5.89,1.55,4.33,5.5
11267,2.58,3.72,2.62,2.53,3.75,2.67,2.5,3.75,2.6
11405,2.93,3.51,2.42,3.23,3.43,2.29,3.2,3.4,2.25
11380,1.86,3.86,4.08,1.87,3.79,4.19,1.83,3.75,4.2
11352,1.82,3.83,4.39,1.77,3.88,4.73,1.73,3.8,4.75
11309,1.2,6.96,14.82,1.22,6.73,13.37,1.22,6.5,13.0
11491,1.2,7.18,14.72,1.21,7.08,13.9,1.2,7.0,12.0
11252,2.08,3.7,3.48,1.99,3.71,3.75,1.95,3.8,3.8
11331,1.51,4.39,6.52,1.55,4.29,6.27,1.53,4.2,6.0
11555,1.37,5.33,7.87,1.29,6.18,9.86,1.29,6.0,10.0
11406,4.43,3.71,1.84,4.36,3.66,1.87,4.2,3.6,1.91
11449,1.72,3.85,4.99,1.72,3.85,5.0,1.73,3.8,4.75
11295,2.14,3.5,3.49,2.07,3.5,3.68,2.05,3.5,3.5
11556,2.04,3.88,3.37,1.88,4.04,3.83,1.85,4.0,3.8
11277,4.54,3.69,1.82,3.98,3.48,2.0,3.75,3.5,2.0
11427,2.07,3.32,3.88,2.15,3.31,3.67,2.15,3.25,3.5
11196,1.82,3.56,4.87,1.78,3.62,4.95,1.75,3.5,5.0
11499,1.8,3.87,4.43,1.75,3.83,4.88,1.73,3.8,4.75
11362,1.94,3.63,4.02,2.03,3.6,3.75,2.0,3.5,3.8
11385,1.99,3.64,3.83,2.11,3.5,3.59,2.1,3.5,3.4
11332,4.51,4.04,1.75,4.79,4.05,1.72,4.75,3.8,1.7
11235,8.75,5.63,1.34,9.02,5.8,1.33,8.0,5.75,1.33
11316,3.39,3.54,2.15,3.18,3.5,2.28,3.1,3.5,2.25
11481,3.61,3.42,2.13,3.64,3.45,2.11,3.4,3.4,2.15
11471,1.62,4.09,5.55,1.58,4.16,5.98,1.57,4.2,5.5
11245,2.1,3.55,3.53,2.08,3.55,3.63,2.1,3.5,3.5
11532,2.3,3.6,3.03,2.29,3.64,3.04,2.2,3.6,3.0
11222,2.3,3.43,3.18,2.12,3.45,3.66,2.1,3.5,3.75
11356,1.99,3.57,3.86,1.96,3.49,4.17,1.95,3.5,4.0
11205,7.65,4.7,1.43,7.54,4.72,1.44,7.5,4.75,1.4
11186,3.8,3.5,2.04,3.99,3.49,2.0,4.0,3.5,1.95
11253,3.36,3.44,2.21,3.18,3.49,2.27,3.2,3.4,2.25
11465,5.94,4.29,1.57,5.83,4.34,1.57,5.75,4.2,1.53
11522,3.42,3.47,2.17,3.55,3.62,2.08,3.5,3.6,2.05
11343,2.91,3.27,2.55,2.93,3.16,2.61,2.88,3.2,2.55
11321,2.86,3.25,2.6,2.82,3.21,2.66,2.75,3.25,2.7
11456,2.56,3.34,2.84,2.56,3.28,2.9,2.5,3.25,2.9
11512,2.61,3.5,2.68,2.47,3.4,2.94,2.45,3.4,2.9
11262,3.53,3.63,2.09,3.29,3.53,2.21,3.2,3.5,2.2
11436,7.07,4.95,1.43,7.17,5.05,1.41,7.5,5.0,1.4
11417,10.21,5.81,1.3,10.02,5.21,1.34,8.5,5.0,1.36
11543,6.06,4.77,1.51,7.26,5.24,1.41,7.0,5.25,1.4
11396,6.39,4.06,1.57,5.81,4.0,1.62,5.75,3.8,1.62
11374,2.76,3.18,2.76,2.86,3.18,2.66,2.75,3.1,2.63
11284,2.72,3.33,2.69,2.68,3.24,2.79,2.55,3.2,2.75
11301,5.1,3.91,1.69,5.03,3.75,1.75,5.0,3.8,1.7
11497,2.83,3.25,2.61,2.97,3.3,2.51,3.0,3.25,2.45
11230,3.53,3.38,2.16,3.3,3.26,2.34,3.2,3.25,2.3
11250,4.3,3.91,1.81,4.48,3.89,1.8,4.5,3.8,1.75
11492,2.53,3.38,2.84,2.64,3.28,2.82,2.63,3.25,2.75
11363,1.66,4.09,5.2,1.63,4.01,5.74,1.6,4.0,5.75
11272,3.21,3.44,2.3,3.23,3.46,2.27,3.1,3.4,2.3
11285,4.79,3.92,1.74,4.39,3.71,1.84,4.0,3.75,1.85
11407,1.86,3.54,4.59,1.81,3.55,4.76,1.8,3.5,4.75
11216,2.06,3.47,3.77,2.1,3.44,3.72,2.05,3.3,3.8
11435,2.0,3.65,3.71,2.04,3.54,3.74,1.95,3.6,3.75
11236,2.17,3.59,3.33,2.15,3.57,3.42,2.1,3.6,3.3
11450,1.95,3.7,3.85,1.87,3.85,4.06,1.83,3.75,4.0
11351,5.65,4.52,1.56,6.1,4.55,1.53,6.0,4.5,1.5
11557,3.88,4.01,1.87,3.37,3.57,2.15,3.2,3.5,2.15
11197,3.77,3.56,2.02,4.35,3.86,1.83,4.5,3.75,1.75
11472,3.57,3.46,2.1,4.1,3.5,1.96,4.0,3.6,1.91
11509,1.66,3.88,5.5,1.74,3.77,5.04,1.73,3.6,5.0
11386,1.89,3.64,4.21,1.76,3.72,5.03,1.75,3.75,4.75
11333,3.85,3.74,1.95,3.46,3.66,2.1,3.3,3.6,2.1
11539,2.05,3.56,3.66,1.83,3.64,4.6,1.8,3.6,4.5
11302,2.2,3.46,3.33,2.17,3.46,3.41,2.1,3.5,3.5
11344,3.46,3.56,2.12,4.29,3.67,1.88,4.2,3.75,1.85
11329,1.86,3.71,4.21,1.75,3.75,4.94,1.72,3.8,4.75
11387,1.35,5.22,9.18,1.38,5.17,8.17,1.36,5.0,7.5
11457,1.67,4.08,5.05,1.62,4.14,5.56,1.57,4.2,5.75
11303,3.03,3.34,2.41,3.09,3.37,2.39,3.0,3.4,2.37
11446,1.46,4.44,7.58,1.37,4.98,9.06,1.33,5.0,9.0
11529,1.35,5.3,8.47,1.35,5.54,8.45,1.33,5.5,8.0
11408,1.67,4.06,5.15,1.54,4.36,6.2,1.5,4.2,6.0
11217,1.91,3.73,4.04,1.75,3.9,4.8,1.66,4.0,5.25
11243,1.87,3.6,4.43,1.91,3.58,4.26,1.9,3.5,4.2
11364,3.31,3.76,2.12,2.92,3.73,2.34,2.8,3.75,2.3
11553,3.97,4.22,1.81,3.86,4.13,1.85,3.8,4.2,1.85
11521,2.03,3.82,3.5,2.17,3.83,3.16,2.15,3.8,3.1
11198,2.44,3.25,3.1,2.44,3.28,3.1,2.37,3.3,3.0
11282,1.4,4.91,8.19,1.39,4.99,8.28,1.36,5.0,7.5
11549,1.23,6.91,12.43,1.21,7.38,13.35,1.18,8.0,13.0
11263,2.76,3.47,2.58,2.58,3.32,2.86,2.5,3.3,2.8
11428,1.79,3.8,4.61,1.68,3.94,5.22,1.67,4.0,5.0
11510,1.51,4.37,6.69,1.57,4.28,5.97,1.6,4.2,5.5
11317,2.64,3.42,2.7,2.74,3.39,2.64,2.62,3.4,2.6
11458,1.68,3.83,5.4,1.62,3.95,5.93,1.6,3.8,6.0
11338,1.32,5.46,9.72,1.35,5.32,8.99,1.33,5.25,9.0
11502,1.71,3.89,5.02,1.79,3.67,4.84,1.83,3.6,4.33
11482,2.67,3.42,2.68,2.94,3.37,2.48,3.0,3.4,2.38
11369,1.66,3.93,5.47,1.88,3.44,4.63,1.85,3.5,4.5
11451,1.49,4.18,7.62,1.49,4.14,7.95,1.45,4.2,8.0
11384,1.64,4.05,5.55,1.6,4.12,5.86,1.57,4.0,6.0
11429,1.64,4.02,5.52,1.58,4.14,6.03,1.6,4.0,6.0
11218,1.42,4.93,7.52,1.41,5.06,7.7,1.4,5.0,7.5
11466,2.25,3.46,3.28,2.16,3.53,3.43,2.2,3.5,3.3
11360,5.17,4.03,1.66,5.23,4.12,1.66,5.0,4.0,1.62
11291,2.14,3.51,3.5,2.14,3.57,3.45,2.1,3.6,3.3
11558,2.87,3.64,2.38,2.79,3.76,2.38,2.63,3.75,2.5
11533,1.51,4.4,6.68,1.56,4.3,6.06,1.57,4.2,5.25
11409,1.38,4.76,9.42,1.43,4.64,7.91,1.4,4.5,8.0
11202,2.29,3.44,3.21,2.16,3.49,3.48,2.1,3.5,3.5
11237,1.55,4.38,6.03,1.67,4.02,5.33,1.65,4.0,5.0
11264,1.4,4.82,8.5,1.51,4.32,6.88,1.5,4.2,7.0
11185,4.39,3.59,1.88,4.56,3.57,1.85,4.5,3.6,1.8
11206,2.52,3.2,3.0,2.5,3.22,3.06,2.45,3.2,3.0
11534,1.88,3.7,4.18,1.77,3.78,4.81,1.75,3.6,4.5
11225,2.1,3.42,3.72,2.09,3.47,3.69,2.05,3.4,3.6
11397,3.81,3.51,2.04,4.78,3.7,1.79,4.75,3.75,1.75
11254,4.29,3.57,1.9,4.82,3.74,1.77,4.75,3.75,1.75
11493,2.11,3.25,3.83,1.97,3.36,4.27,1.91,3.25,4.33
11334,2.07,3.55,3.58,2.22,3.51,3.31,2.2,3.6,3.1
11268,2.07,3.62,3.57,2.07,3.58,3.61,2.05,3.5,3.5
11459,2.54,3.24,2.94,2.38,3.31,3.16,2.38,3.3,3.1
11418,4.7,3.93,1.74,4.94,4.04,1.7,4.75,4.0,1.67
11437,9.05,5.12,1.36,9.92,5.05,1.34,10.0,5.0,1.33
11372,4.56,3.78,1.8,5.28,3.95,1.68,5.5,4.0,1.65
11375,4.4,3.58,1.88,4.55,3.61,1.84,4.5,3.6,1.8
11559,1.69,4.15,4.77,1.6,4.09,5.61,1.6,4.0,5.75
11304,1.95,3.57,4.03,2.09,3.42,3.76,2.05,3.4,3.8
11357,3.34,3.48,2.19,3.33,3.42,2.24,3.3,3.4,2.2
11511,2.7,3.18,2.81,2.57,3.17,2.97,2.4,3.2,2.9
11283,2.29,3.19,3.46,2.11,3.3,3.81,2.05,3.25,3.75
11388,8.22,4.75,1.41,7.82,4.31,1.47,8.5,4.2,1.44
11419,2.54,3.21,2.98,2.61,3.14,2.98,2.5,3.2,3.0
11560,1.49,4.61,6.58,1.62,4.22,5.41,1.62,4.0,5.25
11438,2.71,3.2,2.76,2.68,3.07,2.91,2.63,3.1,2.9
11353,3.56,3.46,2.13,3.19,3.34,2.36,3.2,3.3,2.38
11187,5.74,3.96,1.63,6.44,4.04,1.57,6.5,4.2,1.55
11292,2.58,3.18,2.96,2.52,3.15,3.05,2.45,3.2,3.0
11483,2.07,3.39,3.78,2.22,3.29,3.49,2.2,3.3,3.3
11410,2.48,3.31,2.99,2.74,3.2,2.77,2.7,3.2,2.7
11311,2.43,3.33,3.03,2.52,3.34,2.91,2.45,3.4,2.9
11238,7.77,5.06,1.4,7.63,5.19,1.4,7.5,4.75,1.36
11540,8.86,5.21,1.36,8.25,5.15,1.37,8.0,5.25,1.33
11269,3.56,3.58,2.09,3.59,3.59,2.08,3.6,3.5,2.0
11506,4.84,3.7,1.77,4.51,3.66,1.82,4.5,3.6,1.8
11207,1.97,3.48,4.05,1.91,3.52,4.33,1.85,3.6,4.2
11365,2.25,3.39,3.32,2.38,3.23,3.24,2.38,3.2,3.1
11464,3.41,3.36,2.21,3.81,3.34,2.08,3.75,3.3,2.05
11251,2.95,3.31,2.5,2.92,3.3,2.54,2.9,3.25,2.5
11335,2.35,3.25,3.24,2.52,3.21,3.01,2.4,3.25,3.0
11442,5.74,4.17,1.59,7.64,4.69,1.43,7.5,4.75,1.4
11289,2.88,3.42,2.51,2.97,3.42,2.44,2.9,3.3,2.4
11273,1.89,3.72,4.13,1.96,3.6,3.94,1.9,3.6,4.0
11208,2.46,3.42,2.92,2.67,3.38,2.73,2.62,3.4,2.7
11226,3.21,3.35,2.33,3.34,3.26,2.32,3.3,3.2,2.3
11361,3.36,3.54,2.18,4.0,3.41,2.02,3.8,3.5,1.95
11544,2.45,3.4,2.97,2.36,3.26,3.23,2.38,3.2,3.2
11305,2.36,3.43,3.07,2.29,3.44,3.22,2.25,3.4,3.2
11494,2.38,3.44,3.01,2.38,3.44,3.03,2.3,3.5,3.0
11530,2.67,3.53,2.6,2.68,3.35,2.71,2.63,3.3,2.7
11188,10.99,6.05,1.28,10.33,6.2,1.28,11.0,5.75,1.28
11513,11.95,6.23,1.25,11.21,6.12,1.27,9.0,6.0,1.29
11330,3.91,3.88,1.89,4.13,3.78,1.88,4.0,3.8,1.85
11255,3.04,3.46,2.37,2.91,3.42,2.48,2.9,3.4,2.45
11398,1.93,3.56,4.22,1.94,3.51,4.24,1.91,3.5,4.33
11345,2.02,3.57,3.77,1.83,3.8,4.36,1.8,3.8,4.2
11383,3.25,3.75,2.13,3.28,3.79,2.12,3.25,3.75,2.1
11473,2.79,3.24,2.66,2.95,3.24,2.55,2.9,3.2,2.5
11416,2.54,3.22,3.0,2.62,3.18,2.92,2.63,3.2,2.8
11278,5.83,4.41,1.56,5.11,4.27,1.64,5.0,4.0,1.66
11259,2.36,3.46,3.03,2.41,3.42,3.02,2.37,3.25,3.0
11312,1.74,3.93,4.73,1.64,4.13,5.32,1.61,4.0,5.25
11381,2.38,3.67,2.89,2.38,3.55,2.96,2.3,3.6,3.0
11439,3.84,3.67,1.97,4.29,3.75,1.84,4.2,3.6,1.85
11211,5.93,4.43,1.55,6.03,4.58,1.53,5.75,4.75,1.5
11479,2.11,3.41,3.59,2.07,3.45,3.73,2.0,3.5,3.6
11227,2.14,3.57,3.46,2.12,3.6,3.47,2.05,3.6,3.4
11296,2.06,3.62,3.59,2.09,3.74,3.43,2.05,3.6,3.5
11500,2.37,3.54,2.98,2.37,3.57,2.96,2.25,3.6,3.0
11490,4.35,4.22,1.73,4.57,4.32,1.7,4.5,4.2,1.67
11340,9.46,5.99,1.3,10.09,6.29,1.28,9.5,6.0,1.29
11402,3.86,3.85,1.92,3.73,3.79,1.97,3.6,3.8,1.95
11535,4.62,4.2,1.71,5.04,4.39,1.63,4.75,4.33,1.6
11467,1.73,3.83,5.05,1.7,3.88,5.17,1.62,4.0,5.5
11420,1.99,3.57,3.89,1.95,3.66,3.95,1.95,3.6,3.8
11561,2.77,3.84,2.37,2.78,3.84,2.38,2.75,4.0,2.38
11358,2.62,3.52,2.65,2.87,3.39,2.53,2.88,3.4,2.45
11189,2.34,3.34,3.18,2.43,3.36,3.02,2.37,3.3,3.0
11421,4.73,4.09,1.71,5.84,4.29,1.58,6.0,4.2,1.55
11468,2.58,3.41,2.79,2.71,3.4,2.67,2.7,3.4,2.63
11474,1.88,3.72,4.11,2.09,3.48,3.64,2.05,3.4,3.75
11192,2.03,3.66,3.64,1.92,3.66,4.08,1.85,3.8,4.0
11376,3.51,3.65,2.08,4.14,3.88,1.85,4.0,3.8,1.85
11440,3.83,3.56,2.0,4.02,3.63,1.93,3.8,3.6,1.91
11274,2.31,3.49,3.12,2.4,3.47,2.99,2.3,3.5,3.0
11517,2.04,3.45,3.79,2.02,3.44,3.92,1.95,3.5,3.9
11354,2.23,3.63,3.16,2.37,3.59,2.97,2.3,3.5,2.9
11290,2.32,3.58,3.03,2.3,3.56,3.08,2.25,3.5,3.1
11541,5.11,4.59,1.59,4.68,4.29,1.69,4.5,4.2,1.7
11306,9.66,6.09,1.29,7.54,5.09,1.41,7.0,5.0,1.4
11234,3.41,3.81,2.07,3.24,3.75,2.16,3.1,3.75,2.15
11336,3.24,3.54,2.21,3.44,3.49,2.16,3.3,3.5,2.15
11261,1.76,4.05,4.41,1.72,4.07,4.74,1.7,4.0,4.5
11209,1.85,3.97,4.01,1.77,4.1,4.38,1.72,4.0,4.33
11399,3.39,3.64,2.13,3.51,3.71,2.07,3.5,3.75,2.0
11562,1.94,3.92,3.65,2.08,3.94,3.26,1.95,4.0,3.4
11495,2.45,3.27,3.05,2.43,3.3,3.09,2.38,3.3,3.0
11480,2.79,3.69,2.41,2.72,3.6,2.55,2.7,3.5,2.5
11545,1.49,4.86,6.16,1.49,4.85,6.18,1.5,4.75,6.0
11219,1.11,10.17,25.51,1.15,8.99,18.65,1.14,8.0,17.0
11523,1.48,4.91,6.16,1.43,5.16,6.91,1.4,5.0,6.5
11256,1.37,5.33,8.25,1.47,4.77,6.72,1.45,4.75,6.0
11377,1.89,3.82,4.08,2.05,3.59,3.71,2.0,3.6,3.6
11204,1.2,6.85,16.33,1.27,6.1,11.72,1.28,5.75,11.0
11404,1.53,4.38,6.23,1.6,4.2,5.75,1.62,4.0,5.5
11519,1.26,6.39,10.73,1.29,6.13,9.73,1.3,5.75,9.0
11307,1.3,6.07,9.16,1.23,7.06,11.72,1.22,6.5,12.0
11341,1.3,6.03,9.64,1.25,6.45,11.81,1.25,6.0,11.0
11279,3.74,4.06,1.91,3.8,4.11,1.88,3.75,4.0,1.85
11433,2.4,3.68,2.85,2.46,3.58,2.85,2.4,3.6,2.8
11231,1.31,5.81,9.58,1.29,6.22,10.29,1.28,6.0,10.0
11496,1.18,7.64,16.06,1.17,8.07,16.57,1.18,8.0,15.0
11322,1.25,6.52,11.38,1.27,6.48,10.39,1.28,6.0,9.0
11514,1.54,4.69,5.68,1.55,4.84,5.38,1.53,4.75,5.5
11286,1.44,5.01,6.96,1.43,5.02,7.22,1.4,5.0,7.0
11425,1.49,4.59,6.6,1.52,4.41,6.47,1.5,4.33,6.5
11503,1.56,4.49,5.7,1.66,4.16,5.16,1.62,4.0,5.25
11403,1.25,6.59,11.89,1.32,5.56,9.78,1.33,5.25,9.0
11199,1.07,12.72,37.57,1.08,12.66,32.0,1.08,12.0,21.0
11323,1.14,8.92,19.14,1.15,8.6,18.54,1.14,7.5,17.0
11293,1.21,6.94,14.36,1.23,6.72,13.0,1.22,6.5,13.0
11550,1.26,6.41,11.48,1.62,4.19,5.85,1.57,4.33,5.75
11220,1.19,7.56,15.25,1.2,7.51,15.24,1.2,7.0,15.0
11346,1.14,8.61,21.51,1.15,8.52,18.7,1.14,8.0,19.0
11313,1.13,9.74,19.8,1.18,8.14,15.13,1.16,7.5,15.0
11524,1.17,8.41,15.94,1.16,8.48,16.93,1.17,8.5,15.0
11484,1.16,8.49,17.32,1.14,9.4,19.22,1.14,8.5,15.0
11460,1.64,4.2,5.19,1.68,4.15,4.97,1.65,4.2,5.0
11260,1.35,5.7,8.0,1.44,5.31,6.61,1.44,5.5,6.5
11430,1.48,4.59,6.76,1.5,4.44,6.67,1.5,4.33,6.5
11232,1.08,12.84,30.99,1.09,11.93,27.15,1.08,11.0,23.0
11265,1.12,10.3,21.15,1.12,10.26,20.84,1.11,10.0,21.0
11373,1.37,5.41,8.06,1.5,4.74,6.35,1.5,4.5,6.0
11520,1.2,7.21,13.79,1.18,7.87,15.92,1.17,8.0,13.0
11382,1.2,7.38,14.81,1.25,6.36,11.77,1.25,6.5,9.0
11244,2.61,3.55,2.67,2.66,3.49,2.67,2.6,3.5,2.6
11515,1.78,3.94,4.35,1.75,4.11,4.47,1.73,4.0,4.33
11355,1.29,5.94,10.56,1.27,6.14,11.57,1.25,6.0,11.0
11469,1.65,4.17,5.07,1.62,4.24,5.32,1.57,4.2,5.25
11193,1.62,4.01,5.68,1.78,3.77,4.73,1.8,3.75,4.33
11554,1.63,4.35,5.12,1.56,4.39,5.84,1.53,4.5,5.75
11389,1.4,4.83,8.33,1.37,5.03,8.92,1.36,5.0,8.0
11475,1.5,4.37,6.75,1.57,4.22,5.98,1.57,4.0,6.0
11563,1.53,4.59,5.76,1.48,4.97,6.04,1.45,4.75,6.0
11394,1.47,4.83,6.54,1.52,4.53,6.31,1.53,4.5,5.75
11414,1.62,4.32,5.22,1.56,4.49,5.7,1.55,4.5,5.75
11214,5.22,4.38,1.6,4.59,4.37,1.7,4.75,4.2,1.66
11366,4.21,3.9,1.84,3.98,3.92,1.89,4.0,3.9,1.83
11280,2.0,3.78,3.65,2.08,3.68,3.52,2.05,3.75,3.5
11339,1.31,5.51,10.4,1.34,5.49,8.91,1.33,5.5,8.5
11443,1.34,5.26,9.22,1.27,6.12,10.83,1.29,5.5,11.0
11287,2.45,3.57,2.86,2.37,3.5,3.02,2.3,3.5,2.9
11310,1.7,4.02,4.85,1.72,3.91,5.0,1.7,3.9,4.75
11536,1.38,5.1,8.37,1.38,5.24,8.06,1.36,5.0,7.0
11527,2.49,3.73,2.71,2.31,3.74,2.97,2.25,3.8,2.9
11308,1.83,3.73,4.41,1.77,3.83,4.67,1.75,3.8,4.75
11247,1.47,4.47,7.39,1.42,4.82,7.89,1.4,4.5,7.5
11266,1.8,3.92,4.38,1.68,4.0,5.11,1.65,4.0,5.25
11542,2.02,3.86,3.49,1.8,4.06,4.13,1.8,4.0,4.0
11324,2.33,3.44,3.11,2.18,3.38,3.52,2.15,3.4,3.5
11239,2.05,3.48,3.8,2.09,3.42,3.75,2.1,3.5,3.6
11288,1.64,4.05,5.46,1.67,3.93,5.37,1.65,3.8,5.25
11370,1.52,4.42,6.32,1.49,4.6,6.78,1.5,4.33,6.5
11347,1.47,4.73,6.73,1.46,4.74,6.98,1.45,4.75,6.5
11552,1.38,5.39,7.66,1.31,5.96,9.36,1.3,5.75,9.0
11411,2.57,3.51,2.75,2.53,3.48,2.82,2.45,3.4,2.8
11212,8.67,5.11,1.37,6.94,4.92,1.45,6.5,4.75,1.44
11462,2.41,3.45,2.96,2.33,3.49,3.08,2.25,3.5,3.1
11190,1.67,3.8,5.57,1.59,4.07,6.15,1.53,4.0,6.0
11516,1.32,5.46,9.9,1.26,6.22,12.09,1.25,6.0,11.0
11498,1.85,3.81,4.22,1.92,3.72,4.03,1.91,3.75,4.0
11390,1.62,3.92,6.03,1.67,3.87,5.52,1.65,3.8,5.5
11444,1.67,3.81,5.47,1.64,3.83,5.88,1.62,3.8,5.5
11546,5.37,4.45,1.59,5.26,4.18,1.64,5.0,4.2,1.62
11271,3.35,3.49,2.19,3.77,3.6,2.02,3.6,3.6,2.0
11240,2.02,3.47,3.89,2.2,3.35,3.53,2.15,3.3,3.5
11314,2.78,3.39,2.59,2.64,3.21,2.87,2.62,3.2,2.8
11504,6.08,4.36,1.54,5.51,4.26,1.6,5.25,4.33,1.57
11349,5.21,3.88,1.69,5.77,4.08,1.61,5.5,4.0,1.62
11325,3.12,3.24,2.43,3.34,3.18,2.34,3.3,3.1,2.3
11434,2.68,3.08,2.92,3.04,3.03,2.62,3.1,3.0,2.55
11246,2.81,3.4,2.57,2.8,3.39,2.58,2.75,3.3,2.6
11392,2.64,3.43,2.71,2.79,3.4,2.59,2.75,3.3,2.6
11367,2.72,3.4,2.65,2.72,3.15,2.8,2.63,3.2,2.8
11294,11.31,6.19,1.26,8.89,5.44,1.35,7.5,5.75,1.33
11412,10.01,5.62,1.31,10.83,5.46,1.31,10.0,5.5,1.29
11488,5.0,3.96,1.69,4.96,4.01,1.7,4.75,4.0,1.7
11448,5.58,3.83,1.67,5.45,3.75,1.69,5.25,3.6,1.7
11531,2.13,3.52,3.46,2.01,3.49,3.9,1.95,3.5,3.8
11223,6.98,4.59,1.47,6.89,4.77,1.46,7.0,4.75,1.45
11203,4.21,3.64,1.9,4.01,3.62,1.95,3.8,3.5,1.95
11461,2.96,3.13,2.61,3.32,3.12,2.39,3.3,3.1,2.38
11297,5.78,4.27,1.58,6.83,4.65,1.48,6.5,4.33,1.45
11378,2.88,3.38,2.53,2.69,3.21,2.82,2.6,3.2,2.9
11507,2.3,3.43,3.15,2.53,3.29,2.95,2.5,3.25,2.8
11447,2.97,3.31,2.46,3.24,3.22,2.38,3.3,3.2,2.3
11337,3.4,3.51,2.15,3.6,3.48,2.11,3.5,3.5,2.05
11228,5.22,4.16,1.65,5.18,4.1,1.67,5.0,4.0,1.65
11485,2.82,3.2,2.68,2.93,3.12,2.65,2.88,3.1,2.7
11257,2.19,3.41,3.44,2.33,3.3,3.24,2.3,3.3,3.1
11537,2.82,3.44,2.51,2.73,3.44,2.6,2.63,3.5,2.55
11200,2.32,3.51,3.1,2.44,3.57,2.87,2.4,3.5,2.8
11431,2.77,3.31,2.64,2.79,3.32,2.62,2.75,3.3,2.55
11564,6.74,5.2,1.42,5.95,4.97,1.49,5.5,4.5,1.5
11476,12.48,6.19,1.25,12.15,6.27,1.25,13.0,6.5,1.22
11221,4.27,4.06,1.8,3.68,3.93,1.96,3.4,3.8,1.95
11318,4.02,3.66,1.92,4.38,3.73,1.84,4.33,3.75,1.83
11359,2.03,3.46,3.82,2.36,3.29,3.17,2.3,3.3,3.2
11452,4.56,3.68,1.82,4.54,3.64,1.83,4.5,3.6,1.8
11281,2.96,3.42,2.44,2.97,3.36,2.47,2.9,3.4,2.45
11400,3.03,3.18,2.54,3.13,3.16,2.47,3.0,3.2,2.5
11371,3.24,3.63,2.18,3.38,3.49,2.2,3.25,3.5,2.2
11350,1.68,4.06,4.94,1.66,4.16,5.09,1.65,4.2,5.25
11486,1.47,4.6,6.83,1.51,4.47,6.49,1.45,4.5,6.5
11547,1.85,3.88,4.13,1.95,3.77,3.85,1.91,3.75,3.75
11477,2.56,3.56,2.69,2.76,3.44,2.59,2.7,3.5,2.5
11423,2.54,3.33,2.91,2.93,3.29,2.53,3.0,3.3,2.45
11525,1.82,3.92,4.21,1.84,3.83,4.31,1.8,3.75,4.5
11275,1.49,4.56,6.81,1.47,4.68,6.9,1.45,4.5,7.5
11241,1.49,4.62,6.54,1.52,4.57,6.2,1.5,4.33,6.5
11326,1.64,4.26,5.04,1.63,4.29,5.21,1.6,4.33,5.25
11248,1.49,4.59,6.7,1.52,4.57,6.26,1.55,4.5,6.0
11319,3.28,3.67,2.16,3.52,3.77,2.04,3.6,3.75,1.95
11393,4.43,4.16,1.75,3.98,3.84,1.9,3.8,3.8,1.91
11508,2.79,3.65,2.44,2.86,3.75,2.36,2.9,3.75,2.25
11298,2.09,3.58,3.53,2.23,3.46,3.32,2.2,3.4,3.2
11441,1.44,4.62,7.52,1.44,4.55,7.62,1.44,4.75,7.0
11191,1.36,5.27,8.64,1.37,5.24,8.59,1.36,5.0,8.5
11415,1.83,3.76,4.39,1.87,3.51,4.5,1.83,3.4,4.5
11210,1.41,4.88,7.96,1.45,4.8,7.17,1.4,4.75,7.5
11489,5.92,4.22,1.57,5.58,4.2,1.61,5.25,4.2,1.62
11445,2.23,3.37,3.36,2.32,3.25,3.26,2.3,3.25,3.2
11300,1.55,4.16,6.2,1.61,4.02,5.89,1.61,4.0,5.25
11342,2.06,3.59,3.64,2.06,3.6,3.58,2.0,3.6,3.5
11213,2.32,3.41,3.14,2.52,3.37,2.91,2.5,3.4,2.8
11401,3.4,3.29,2.27,3.46,3.32,2.23,3.4,3.3,2.2
11320,1.94,3.49,4.18,1.88,3.54,4.41,1.85,3.5,4.33
11379,1.8,3.68,4.76,1.84,3.57,4.62,1.83,3.5,4.5
11270,1.78,3.9,4.56,1.64,4.03,5.54,1.6,3.8,5.5
11551,2.45,3.56,2.84,2.6,3.51,2.72,2.6,3.5,2.63
11327,2.09,3.51,3.6,2.08,3.51,3.65,1.95,3.4,4.0
11505,3.96,3.86,1.88,3.6,3.8,1.99,3.5,3.75,2.0
11194,8.32,5.25,1.37,7.9,5.27,1.39,7.5,5.25,1.36
11528,3.43,3.74,2.08,3.57,3.68,2.05,3.5,3.6,2.05
11470,3.53,3.41,2.15,3.46,3.24,2.26,3.5,3.1,2.25
11422,1.78,3.61,4.97,1.7,3.76,5.42,1.67,3.8,5.5
11463,1.76,3.74,4.87,1.76,3.71,4.96,1.73,3.6,5.0
11233,3.63,3.74,2.01,3.31,3.56,2.2,3.2,3.6,2.2
11258,1.96,3.48,4.12,2.05,3.37,3.95,2.0,3.4,4.0
11328,6.15,4.26,1.55,6.34,4.15,1.55,6.5,4.0,1.53
11526,2.98,3.26,2.51,3.12,3.33,2.39,3.1,3.3,2.3
11413,1.68,3.81,5.53,1.82,3.6,4.71,1.75,3.6,4.75
11487,2.52,3.23,3.0,2.81,3.17,2.71,2.8,3.1,2.63
11315,3.39,3.33,2.24,3.6,3.3,2.18,3.4,3.3,2.15
11478,4.14,3.47,1.95,5.01,3.62,1.78,4.75,3.6,1.75
11501,2.52,3.14,3.09,2.32,3.03,3.56,2.25,3.0,3.6
11548,2.77,3.35,2.63,3.13,3.45,2.33,3.1,3.5,2.25
11201,2.4,3.28,3.15,2.22,3.41,3.41,2.2,3.4,3.3
11453,2.28,3.23,3.41,2.34,3.23,3.25,2.25,3.2,3.3
11299,2.3,3.38,3.24,2.36,3.35,3.15,2.3,3.4,3.1
11391,4.02,3.85,1.88,3.97,3.76,1.92,3.75,3.8,1.91
11249,9.25,5.47,1.34,9.09,5.53,1.34,8.0,5.75,1.33
11348,4.09,3.64,1.92,4.07,3.63,1.93,4.0,3.6,1.91
11224,2.75,3.26,2.7,2.56,3.3,2.92,2.45,3.25,2.9
11276,1.72,3.81,5.13,1.73,3.81,5.02,1.7,3.75,5.0
11242,2.24,3.4,3.33,2.16,3.46,3.49,2.2,3.4,3.25
11432,3.31,3.36,2.27,3.26,3.25,2.35,3.2,3.3,2.3
11368,2.7,3.27,2.75,2.51,3.18,3.05,2.4,3.2,3.0
11884,1.28,6.1,9.89,1.27,6.47,10.91,1.25,6.0,10.0
11913,1.2,7.59,12.74,1.22,7.12,12.18,1.2,7.0,13.0
11833,1.23,6.84,12.02,1.21,7.14,13.36,1.2,7.0,13.0
11730,1.48,4.73,6.5,1.48,4.76,6.66,1.45,5.0,6.0
11675,1.19,7.34,15.07,1.2,7.07,16.18,1.2,6.5,15.0
11895,1.45,4.93,6.78,1.39,5.21,7.66,1.4,5.0,7.0
11768,1.29,5.74,11.19,1.26,5.91,12.35,1.25,6.0,12.0
11935,1.17,8.04,15.37,1.22,7.25,12.71,1.22,7.5,10.0
11585,1.23,6.49,13.35,1.27,5.98,10.95,1.3,5.75,10.0
11788,2.25,3.67,3.07,2.21,3.65,3.2,2.1,3.6,3.25
11863,1.1,11.25,22.73,1.13,9.75,19.39,1.14,9.5,15.0
11641,2.92,3.49,2.44,3.0,3.3,2.5,2.9,3.3,2.45
11601,1.77,4.04,4.38,1.77,4.14,4.29,1.75,4.1,4.2
11815,1.38,5.34,7.53,1.35,5.63,8.17,1.36,5.5,7.5
11566,1.18,7.64,15.67,1.19,7.43,15.98,1.18,7.0,15.0
11656,1.13,9.61,21.6,1.13,9.57,21.8,1.13,8.5,19.0
11619,1.7,4.36,4.5,1.64,4.37,5.0,1.62,4.33,4.75
11751,1.35,5.39,8.64,1.3,5.97,10.13,1.29,6.0,9.5
11695,1.27,5.95,11.58,1.24,6.36,13.17,1.22,6.5,12.0
11715,3.41,3.66,2.11,3.62,3.72,2.03,3.6,3.75,2.0
11891,1.87,4.11,3.76,1.86,4.06,3.92,1.83,4.0,3.8
11868,1.7,4.2,4.68,1.65,4.18,5.22,1.62,4.0,5.5
11624,2.56,3.92,2.55,2.5,3.7,2.7,2.45,3.6,2.7
11753,1.37,5.27,8.15,1.4,5.17,7.55,1.36,5.25,7.0
11901,2.17,3.9,3.06,2.06,3.98,3.28,2.05,3.8,3.4
11604,1.9,3.7,4.07,1.94,3.64,4.01,1.95,3.6,4.0
11581,1.7,3.91,5.0,1.84,3.82,4.24,1.8,3.8,4.2
11680,1.59,4.28,5.66,1.65,4.13,5.21,1.62,4.0,5.25
11931,4.15,4.55,1.71,3.83,4.53,1.79,3.7,4.75,1.75
11660,1.28,6.19,10.79,1.34,5.71,8.49,1.36,5.5,7.5
11707,4.45,4.26,1.73,5.19,4.25,1.65,5.0,4.2,1.62
11800,2.17,3.83,3.11,2.16,3.89,3.13,2.15,3.8,3.1
11773,1.86,4.07,3.92,1.88,4.02,3.89,1.85,4.0,3.8
11816,1.55,4.54,5.63,1.58,4.51,5.39,1.57,4.5,5.25
11735,1.24,6.67,11.7,1.22,7.15,12.8,1.2,7.0,13.0
11838,2.42,4.08,2.62,2.48,3.9,2.62,2.4,4.0,2.6
11653,1.9,3.86,3.88,1.81,3.94,4.31,1.73,3.8,4.5
11848,1.64,4.38,4.86,1.54,4.41,6.24,1.53,4.5,5.75
11625,5.77,4.68,1.53,6.03,4.55,1.53,5.5,4.5,1.53
11700,3.45,4.0,2.01,3.18,3.93,2.13,3.0,4.0,2.1
11922,1.98,3.99,3.5,2.11,3.9,3.22,2.15,3.6,3.2
11908,2.26,3.8,2.94,1.96,4.07,3.49,1.91,4.2,3.5
11657,2.13,3.66,3.38,2.17,3.58,3.35,2.15,3.5,3.25
11611,4.34,3.96,1.79,4.06,3.88,1.87,4.2,3.75,1.83
11858,1.99,3.76,3.69,1.89,3.78,4.04,1.85,3.8,3.8
11849,2.2,3.61,3.23,2.2,3.69,3.19,2.2,3.75,3.2
11743,2.22,3.62,3.2,1.95,3.85,3.74,1.91,3.8,3.75
11770,4.38,4.37,1.71,4.38,4.4,1.7,4.33,4.5,1.67
11843,1.5,4.77,6.0,1.52,4.87,5.65,1.53,4.75,5.5
11817,6.96,5.16,1.42,6.53,4.89,1.46,7.0,4.5,1.44
11878,2.42,3.91,2.68,2.39,3.97,2.71,2.3,4.0,2.63
11676,4.67,4.03,1.73,3.97,3.71,1.93,4.0,3.6,1.91
11789,1.7,4.15,4.65,1.66,4.34,4.93,1.65,4.5,4.75
11834,1.34,5.51,8.58,1.35,5.64,8.41,1.33,5.5,7.5
11586,3.67,3.94,1.95,3.47,3.86,2.03,3.5,3.8,2.0
11567,2.69,3.44,2.64,2.7,3.53,2.59,2.63,3.5,2.6
11645,2.41,3.48,2.95,2.35,3.42,3.11,2.25,3.4,3.1
11685,4.64,3.84,1.77,5.73,4.06,1.61,5.5,3.8,1.6
11731,3.26,3.71,2.16,3.18,3.46,2.29,3.0,3.4,2.25
11595,1.72,4.06,4.67,1.73,3.98,4.75,1.73,4.0,4.5
11864,2.39,3.79,2.78,2.49,3.74,2.7,2.45,3.8,2.63
11646,1.83,3.74,4.4,1.75,3.81,4.9,1.7,3.8,4.75
11823,3.07,3.86,2.19,3.23,3.72,2.18,3.25,3.6,2.15
11587,2.14,3.41,3.57,2.15,3.33,3.67,2.15,3.4,3.5
11614,1.8,3.78,4.49,1.93,3.56,4.16,1.91,3.5,4.33
11914,2.12,3.8,3.25,2.07,3.82,3.36,2.05,3.8,3.25
11803,5.24,4.52,1.59,4.82,4.4,1.65,4.75,4.2,1.67
11696,1.48,4.63,6.88,1.53,4.39,6.34,1.53,4.2,6.0
11792,7.17,4.99,1.42,7.9,5.41,1.37,7.5,5.25,1.4
11850,3.06,3.83,2.2,3.31,3.98,2.06,3.25,4.0,2.05
11936,2.94,3.96,2.22,2.94,4.01,2.2,2.9,3.9,2.15
11769,1.9,3.72,4.06,1.78,3.8,4.66,1.75,3.75,4.75
11879,1.43,5.09,6.86,1.49,4.84,6.15,1.5,4.75,6.0
11572,2.73,3.63,2.5,2.6,3.52,2.7,2.5,3.6,2.63
11665,2.08,3.67,3.46,2.15,3.66,3.33,2.15,3.5,3.3
11748,1.96,3.59,3.97,2.22,3.41,3.39,2.2,3.4,3.3
11869,5.15,4.25,1.64,6.32,4.56,1.51,6.0,4.5,1.5
11918,2.72,3.77,2.43,2.45,3.81,2.7,2.3,3.6,2.8
11620,1.38,5.31,7.58,1.5,4.91,5.97,1.5,4.75,5.5
11708,1.93,3.91,3.77,1.77,4.05,4.45,1.7,4.2,4.5
11716,1.5,4.69,6.18,1.53,4.5,6.2,1.55,4.2,5.75
11933,3.37,3.99,2.02,3.25,4.08,2.06,3.2,4.0,2.0
11783,1.7,4.07,4.82,1.72,3.81,5.17,1.7,3.8,5.0
11818,1.84,3.93,4.1,1.87,3.93,4.0,1.83,3.8,4.0
11661,1.56,4.6,5.42,1.61,4.3,5.3,1.62,4.0,5.5
11642,3.05,4.01,2.17,3.25,4.19,2.04,3.2,4.2,2.05
11568,1.33,5.52,9.61,1.28,5.99,10.91,1.25,6.5,11.0
11900,6.65,4.95,1.44,7.99,5.65,1.36,8.0,5.5,1.33
11937,2.17,4.11,2.95,2.62,4.02,2.44,2.6,4.0,2.38
11596,2.55,3.87,2.55,2.55,3.81,2.58,2.5,3.8,2.5
11839,1.78,4.04,4.25,1.64,4.3,5.08,1.62,4.2,4.75
11681,1.24,6.73,11.71,1.27,6.18,10.88,1.25,6.0,10.0
11752,2.52,3.9,2.57,2.5,3.82,2.65,2.5,3.75,2.63
11588,1.53,4.67,5.73,1.51,4.78,5.91,1.5,4.75,5.5
11772,1.65,4.29,4.95,1.66,4.16,5.0,1.62,4.0,5.0
11804,9.94,5.73,1.31,10.38,5.94,1.29,10.0,5.75,1.29
11591,3.36,3.55,2.16,3.21,3.54,2.24,3.2,3.4,2.25
11830,3.72,3.78,1.96,3.66,3.74,2.01,3.6,3.6,2.0
11844,3.27,3.66,2.16,3.12,3.64,2.26,3.1,3.75,2.2
11880,3.5,3.8,2.02,3.84,3.96,1.89,3.75,4.0,1.85
11635,4.63,3.92,1.76,5.16,3.99,1.68,5.25,4.0,1.67
11666,2.85,3.23,2.63,3.35,3.17,2.35,3.25,3.2,2.3
11726,3.55,3.45,2.14,3.3,3.48,2.22,3.2,3.5,2.25
11784,2.94,3.45,2.43,2.91,3.31,2.54,2.9,3.3,2.4
11744,7.67,5.3,1.39,7.69,5.28,1.38,8.0,5.25,1.36
11763,2.03,3.58,3.74,2.15,3.46,3.5,2.15,3.4,3.4
11565,9.02,5.35,1.35,9.27,5.45,1.33,9.0,5.25,1.33
11615,4.31,4.16,1.75,4.15,3.91,1.84,4.0,3.8,1.83
11915,3.38,3.98,2.02,3.35,4.08,2.01,3.4,4.0,1.95
11938,2.9,3.74,2.32,2.9,3.79,2.32,2.8,3.8,2.3
11697,1.83,3.68,4.55,1.75,3.73,5.07,1.7,3.6,5.25
11597,3.83,3.99,1.88,3.64,3.79,1.99,3.5,3.8,1.95
11686,3.47,3.62,2.1,3.43,3.43,2.18,3.4,3.4,2.15
11859,2.53,3.49,2.8,2.35,3.52,3.03,2.3,3.6,2.9
11647,3.24,3.47,2.26,3.3,3.33,2.32,3.3,3.25,2.25
11621,1.91,3.85,3.87,1.86,3.9,4.09,1.85,3.75,4.0
11939,1.45,5.32,5.99,1.4,5.56,6.88,1.38,5.25,7.0
11658,1.65,4.1,5.31,1.65,4.07,5.39,1.62,4.0,5.25
11701,1.75,4.24,4.37,1.64,4.33,5.16,1.57,4.33,5.25
11851,1.3,5.96,9.44,1.27,6.53,10.45,1.29,6.5,9.0
11749,1.7,3.91,5.02,1.78,3.75,4.7,1.75,3.75,4.75
11887,1.71,4.2,4.53,1.69,4.14,4.89,1.65,4.0,5.0
11764,1.64,4.24,5.19,1.64,4.16,5.26,1.62,4.2,5.25
11573,2.87,3.64,2.39,3.04,3.75,2.26,3.1,3.6,2.15
11584,1.29,5.86,10.78,1.26,6.12,12.06,1.25,6.0,11.0
11682,4.93,3.83,1.74,4.65,3.92,1.77,4.75,3.75,1.73
11866,2.02,4.05,3.31,1.82,4.27,3.92,1.8,4.2,4.0
11842,1.94,4.08,3.54,1.85,4.17,3.84,1.8,4.0,3.75
11598,1.38,5.03,8.27,1.4,4.84,8.03,1.4,4.75,7.5
11727,1.24,6.49,12.28,1.2,7.63,14.35,1.18,7.5,13.0
11911,2.2,4.05,2.91,2.46,4.0,2.6,2.4,4.0,2.6
11919,1.65,4.55,4.58,1.5,5.05,5.71,1.5,5.0,5.5
11790,1.63,4.22,5.24,1.54,4.48,5.92,1.55,4.2,5.75
11583,5.79,4.06,1.6,4.42,3.55,1.89,4.2,3.4,1.91
11940,1.87,4.28,3.67,1.66,4.49,4.68,1.57,4.5,4.75
11709,2.27,3.45,3.25,2.29,3.41,3.22,2.3,3.5,3.0
11754,2.23,3.33,3.43,2.12,3.29,3.78,2.05,3.3,3.75
11734,3.35,3.5,2.18,3.24,3.33,2.3,3.4,3.25,2.25
11819,2.01,3.46,3.92,2.0,3.44,4.0,1.95,3.5,4.0
11802,4.2,3.8,1.84,4.91,3.97,1.71,4.75,4.0,1.7
11677,2.44,3.21,3.11,2.61,3.12,2.95,2.6,3.0,2.9
11616,1.95,3.51,4.09,2.08,3.34,3.87,2.05,3.25,3.8
11717,6.12,4.54,1.52,6.59,4.62,1.49,6.5,4.75,1.44
11835,1.78,3.89,4.49,1.89,3.76,4.11,1.91,3.75,3.8
11870,10.3,5.59,1.31,8.9,5.22,1.36,10.0,5.0,1.33
11921,2.38,3.76,2.79,2.03,3.93,3.43,1.95,3.8,3.6
11896,2.76,3.68,2.43,3.08,3.64,2.26,3.1,3.6,2.2
11636,2.24,3.25,3.49,2.31,3.17,3.46,2.25,3.1,3.4
11774,1.64,3.87,5.92,1.61,3.95,6.02,1.62,3.75,6.0
11655,4.64,3.83,1.79,4.54,3.84,1.79,4.5,3.8,1.75
11892,2.15,3.59,3.34,2.23,3.5,3.25,2.2,3.5,3.25
11602,1.95,3.45,4.15,1.9,3.54,4.32,1.85,3.4,4.5
11612,6.07,4.55,1.52,5.74,4.37,1.57,5.5,4.33,1.55
11766,2.79,3.62,2.45,2.55,3.54,2.75,2.55,3.5,2.7
11637,1.97,3.7,3.81,1.92,3.72,4.03,1.85,3.75,4.0
11902,2.36,3.5,2.97,2.84,3.42,2.49,2.8,3.5,2.4
11667,3.09,3.81,2.2,2.83,3.6,2.46,2.8,3.4,2.45
11871,1.67,4.07,5.04,1.76,3.89,4.68,1.73,3.8,4.75
11721,3.02,3.59,2.31,2.54,3.47,2.78,2.4,3.5,2.8
11812,1.73,3.68,5.12,1.81,3.49,4.98,1.8,3.4,5.0
11569,2.24,3.43,3.3,2.32,3.28,3.27,2.3,3.2,3.2
11897,7.11,4.98,1.42,7.43,5.14,1.39,7.0,5.0,1.4
11626,1.61,3.94,6.06,1.65,3.87,5.72,1.67,3.75,5.25
11750,5.84,4.17,1.59,5.65,4.02,1.62,5.0,4.0,1.65
11692,2.74,3.52,2.56,2.69,3.41,2.66,2.63,3.3,2.7
11713,3.13,3.44,2.33,3.17,3.45,2.31,3.1,3.4,2.25
11893,2.07,3.52,3.63,2.27,3.29,3.38,2.25,3.2,3.4
11923,1.4,5.13,7.46,1.43,5.05,7.08,1.4,5.0,7.0
11785,2.94,3.69,2.34,3.1,3.73,2.22,3.0,3.75,2.2
11824,2.09,3.57,3.52,2.13,3.53,3.45,2.15,3.6,3.3
11589,2.32,3.31,3.24,2.43,3.36,3.02,2.4,3.3,2.9
11759,5.74,4.29,1.57,5.92,4.22,1.58,6.0,4.0,1.57
11805,2.94,3.77,2.29,2.95,3.72,2.3,2.9,3.75,2.25
11793,2.4,3.58,2.88,2.56,3.53,2.75,2.55,3.5,2.63
11576,2.72,3.4,2.63,2.82,3.19,2.69,2.8,3.2,2.63
11825,2.59,3.64,2.62,2.56,3.49,2.76,2.55,3.4,2.8
11736,1.7,3.94,5.01,1.71,3.86,5.06,1.67,3.75,5.25
11633,3.73,3.49,2.06,3.46,3.43,2.19,3.4,3.4,2.15
11903,2.11,3.6,3.42,2.1,3.48,3.56,2.05,3.5,3.5
11775,2.45,3.33,3.01,2.25,3.27,3.46,2.25,3.2,3.5
11894,5.19,4.67,1.57,4.59,4.4,1.68,4.33,4.5,1.67
11605,1.68,3.96,5.18,1.66,3.79,5.67,1.65,3.6,6.0
11924,12.3,7.05,1.22,11.13,7.21,1.23,12.0,7.0,1.2
11668,3.24,3.61,2.2,3.0,3.56,2.36,2.9,3.6,2.3
11872,2.37,3.82,2.81,2.44,3.66,2.78,2.38,3.6,2.88
11710,2.05,3.49,3.78,2.01,3.43,3.94,2.0,3.4,3.75
11638,1.64,3.96,5.69,1.52,4.41,6.6,1.45,4.2,7.5
11845,3.4,3.93,2.01,3.34,3.94,2.05,3.25,4.0,2.0
11722,2.39,3.49,2.95,2.22,3.54,3.26,2.2,3.5,3.25
11694,2.43,3.34,3.02,2.4,3.29,3.11,2.38,3.3,3.0
11737,2.43,3.63,2.83,2.47,3.63,2.79,2.45,3.75,2.63
11603,1.66,4.49,4.57,1.61,4.62,4.94,1.6,4.75,4.75
11577,1.23,6.86,11.82,1.2,7.69,12.7,1.2,7.5,12.0
11683,1.42,5.16,7.05,1.38,5.42,7.57,1.36,5.5,7.5
11856,1.37,5.63,7.37,1.3,6.29,8.95,1.3,6.0,8.5
11794,1.16,8.4,15.8,1.16,8.52,16.31,1.18,8.0,17.0
11778,1.58,4.61,5.15,1.65,4.4,4.84,1.62,4.2,4.75
11885,1.21,7.37,13.35,1.19,7.77,13.5,1.2,7.5,11.0
11648,1.36,5.66,8.01,1.39,5.43,7.38,1.4,5.25,7.0
11702,1.26,6.62,10.56,1.24,6.82,11.43,1.25,7.0,10.0
11814,1.2,7.72,13.14,1.27,6.68,10.07,1.29,6.0,8.0
11840,2.95,3.83,2.25,3.4,3.88,2.05,3.4,3.8,2.05
11732,1.32,6.09,8.5,1.35,5.88,7.97,1.33,5.75,7.0
11761,1.46,4.88,6.56,1.38,5.47,7.49,1.36,5.25,7.5
11662,1.27,6.38,10.39,1.23,6.96,12.16,1.22,7.0,11.0
11867,1.08,12.59,25.43,1.07,14.54,27.64,1.07,15.0,21.0
11920,1.48,5.26,5.61,1.43,5.69,6.13,1.44,5.75,5.5
11622,1.39,5.38,7.19,1.37,5.58,7.78,1.36,5.25,7.5
11941,1.16,8.71,14.55,1.13,10.0,17.17,1.13,9.5,17.0
11705,14.98,6.73,1.21,16.38,7.06,1.2,17.0,8.0,1.17
11826,4.29,4.3,1.74,4.5,4.41,1.7,4.33,4.33,1.7
11873,3.68,4.04,1.91,3.75,3.93,1.93,3.8,3.8,1.91
11888,3.18,3.75,2.17,2.87,3.59,2.41,2.8,3.6,2.38
11776,4.34,4.09,1.78,4.22,4.03,1.8,4.0,4.0,1.8
11634,2.92,3.18,2.63,2.94,3.16,2.62,2.88,3.1,2.6
11755,6.04,4.53,1.53,5.5,4.46,1.58,5.25,4.33,1.57
11687,3.63,3.38,2.13,3.98,3.34,2.03,4.0,3.25,2.0
11912,2.66,3.58,2.62,2.77,3.62,2.48,2.7,3.6,2.45
11942,2.92,3.95,2.23,3.05,3.93,2.18,3.0,3.9,2.15
11672,11.46,6.8,1.24,13.28,7.63,1.2,11.0,7.5,1.2
11723,18.02,8.94,1.15,15.25,7.38,1.19,13.0,7.5,1.18
11810,4.07,4.09,1.81,4.14,4.12,1.8,4.2,4.2,1.75
11738,5.0,4.23,1.65,5.3,4.15,1.63,5.25,4.2,1.62
11846,2.81,3.63,2.42,2.63,3.58,2.64,2.63,3.4,2.63
11795,1.77,3.88,4.59,1.71,3.98,4.87,1.7,3.9,4.75
11639,6.46,4.79,1.48,6.8,5.05,1.44,7.0,5.0,1.4
11594,4.7,3.94,1.74,4.67,4.02,1.73,4.5,4.0,1.73
11617,3.3,3.43,2.23,3.18,3.32,2.37,3.1,3.3,2.38
11857,1.92,3.8,3.86,2.06,3.62,3.61,2.0,3.75,3.5
11865,1.3,6.08,9.06,1.23,6.93,12.59,1.22,6.5,11.0
11669,1.1,11.39,26.19,1.1,11.54,26.43,1.09,11.0,21.0
11813,1.18,8.12,15.16,1.19,7.81,14.24,1.18,7.5,13.0
11649,1.41,5.36,6.83,1.36,5.74,7.8,1.36,6.0,6.5
11779,1.1,11.19,24.13,1.11,10.59,22.43,1.1,11.0,19.0
11806,1.35,5.64,8.22,1.33,6.01,8.28,1.33,6.0,7.5
11728,1.18,7.77,16.06,1.18,7.38,18.26,1.17,7.5,15.0
11796,1.2,7.36,13.47,1.24,6.82,12.04,1.2,7.0,13.0
11599,1.15,8.46,17.91,1.18,7.68,15.7,1.18,8.0,13.0
11688,1.75,4.31,4.29,1.71,4.31,4.54,1.7,4.2,4.33
11881,1.1,11.66,23.86,1.09,12.33,24.13,1.08,13.0,17.0
11831,1.27,6.33,10.06,1.26,6.76,10.21,1.25,6.5,9.5
11578,1.7,4.07,4.83,1.84,3.78,4.32,1.83,3.75,4.33
11618,1.15,8.55,18.11,1.16,8.11,18.46,1.17,8.0,15.0
11756,1.08,12.85,29.4,1.08,12.46,30.83,1.08,13.0,19.0
11703,1.3,6.18,9.27,1.25,6.97,10.56,1.25,6.5,10.0
11943,1.1,11.72,21.81,1.07,14.3,28.36,1.07,15.0,19.0
11916,1.09,11.51,25.33,1.1,12.16,23.44,1.08,13.0,19.0
11930,7.08,5.5,1.39,9.06,6.14,1.3,9.5,6.0,1.29
11745,2.63,3.63,2.61,2.34,3.75,2.91,2.25,3.75,2.9
11718,1.55,4.65,5.54,1.66,4.41,4.74,1.65,4.33,4.5
11640,1.69,4.2,4.78,1.66,4.19,5.12,1.6,4.33,5.0
11606,2.21,3.98,2.96,2.0,3.99,3.44,2.0,4.0,3.25
11904,1.52,4.9,5.44,1.5,5.09,5.59,1.5,5.0,5.5
11711,2.82,3.65,2.43,2.79,3.6,2.5,2.75,3.5,2.45
11627,1.57,4.3,5.89,1.57,4.26,6.05,1.55,4.2,6.0
11836,1.85,3.89,4.09,1.91,3.77,3.99,1.91,3.75,3.8
11820,1.58,4.47,5.33,1.65,4.27,5.0,1.65,4.33,5.0
11875,4.69,4.65,1.63,4.9,4.8,1.6,4.75,4.5,1.57
11678,1.33,5.6,9.17,1.29,5.95,9.95,1.29,6.0,9.5
11663,4.99,4.04,1.69,5.48,4.25,1.62,5.5,4.2,1.57
11934,2.73,4.04,2.34,2.7,3.95,2.4,2.7,3.9,2.35
11590,1.31,5.79,9.23,1.36,5.26,8.13,1.36,5.0,8.0
11898,1.31,6.11,8.44,1.31,6.15,8.4,1.3,6.0,8.5
11767,2.2,3.93,3.0,2.04,3.97,3.34,2.05,4.0,3.25
11791,1.66,4.23,4.93,1.55,4.49,5.82,1.55,4.33,5.5
11574,1.31,5.65,9.85,1.27,6.12,10.96,1.25,6.0,10.0
11670,2.82,3.39,2.56,2.8,3.23,2.68,2.8,3.0,2.7
11570,1.76,3.88,4.61,1.65,4.14,5.17,1.62,4.0,5.25
11807,1.85,4.16,3.83,1.99,3.93,3.5,1.95,4.0,3.4
11607,1.53,4.37,6.12,1.64,4.08,5.4,1.6,4.0,5.5
11925,1.59,4.81,4.84,1.59,4.75,4.99,1.57,4.75,5.0
11628,1.33,5.62,9.22,1.38,5.13,8.43,1.36,5.0,7.5
11689,2.62,3.5,2.68,2.68,3.54,2.59,2.63,3.6,2.5
11650,1.46,4.53,7.44,1.46,4.45,7.75,1.45,4.5,7.0
11860,2.01,3.82,3.55,2.02,3.75,3.61,1.95,3.75,3.6
11729,1.87,3.91,4.03,1.89,3.78,4.08,1.91,3.8,4.0
11592,2.2,3.9,3.03,2.22,3.84,3.02,2.2,3.75,3.1
11786,1.43,4.97,7.02,1.53,4.61,5.91,1.53,4.5,5.5
11765,5.5,4.47,1.57,4.89,4.13,1.68,4.5,4.0,1.7
11698,1.94,3.84,3.84,2.0,3.76,3.68,1.95,3.75,3.6
11746,1.51,4.41,6.57,1.41,4.95,7.64,1.4,5.0,6.5
11905,1.23,7.04,11.1,1.22,7.35,11.45,1.2,7.5,11.0
11882,2.75,4.02,2.34,2.64,3.97,2.45,2.55,4.0,2.45
11852,1.84,4.16,3.87,1.86,4.13,3.86,1.83,4.2,3.75
11827,1.9,3.95,3.8,1.74,4.19,4.47,1.73,4.2,4.33
11777,8.12,5.09,1.39,8.78,5.04,1.38,8.5,5.0,1.4
11673,4.09,3.77,1.89,3.91,3.75,1.94,3.75,3.75,1.91
11739,2.76,3.49,2.54,2.86,3.45,2.49,2.9,3.4,2.45
11632,2.81,3.27,2.65,2.65,3.21,2.85,2.63,3.0,2.88
11690,3.22,3.64,2.2,3.62,3.6,2.07,3.6,3.6,2.0
11613,2.24,3.51,3.22,2.11,3.45,3.59,2.05,3.5,3.5
11926,3.39,3.94,2.03,4.11,3.99,1.84,4.0,4.0,1.85
11853,2.26,3.36,3.31,2.26,3.35,3.34,2.2,3.3,3.4
11699,2.8,3.35,2.62,2.84,3.16,2.71,2.8,3.1,2.7
11861,2.71,3.49,2.62,2.71,3.44,2.63,2.7,3.4,2.6
11828,5.63,4.67,1.54,5.23,4.44,1.6,5.25,4.33,1.6
11651,1.69,3.82,5.33,1.73,3.67,5.27,1.73,3.75,5.25
11909,9.5,5.72,1.31,10.37,5.96,1.28,12.0,6.0,1.25
11757,3.27,3.68,2.16,3.25,3.64,2.18,3.2,3.6,2.15
11797,3.3,3.71,2.13,3.24,3.77,2.15,3.2,3.75,2.1
11575,1.95,3.43,4.25,1.93,3.44,4.33,1.91,3.4,4.2
11725,4.52,4.13,1.74,5.06,4.17,1.66,4.75,4.2,1.67
11808,2.43,3.51,2.9,2.27,3.52,3.17,2.25,3.6,3.2
11883,2.16,3.55,3.37,2.07,3.51,3.69,2.0,3.4,3.75
11832,16.28,7.82,1.17,16.8,7.57,1.18,13.0,7.5,1.18
11787,5.1,4.29,1.63,5.17,4.27,1.64,5.0,4.2,1.62
11691,3.29,3.53,2.21,3.41,3.49,2.19,3.4,3.5,2.15
11719,4.48,3.82,1.8,4.61,3.86,1.78,4.5,3.8,1.73
11811,4.92,4.3,1.65,4.81,4.25,1.68,4.5,4.33,1.67
11889,2.76,3.63,2.47,2.64,3.52,2.65,2.6,3.4,2.63
11876,6.88,5.28,1.41,6.6,5.2,1.44,6.5,5.0,1.44
11571,3.12,3.24,2.41,3.81,3.16,2.16,3.6,3.2,2.15
11600,3.01,3.23,2.5,3.12,3.36,2.35,3.1,3.4,2.38
11854,4.64,4.03,1.73,4.8,4.06,1.71,4.75,4.0,1.7
11712,13.54,7.67,1.2,14.76,7.96,1.19,15.0,7.5,1.18
11747,2.41,3.32,3.07,2.46,3.25,3.07,2.38,3.25,3.1
11593,16.67,7.51,1.18,14.68,6.99,1.2,12.0,7.0,1.2
11652,7.27,5.07,1.42,7.91,5.54,1.37,7.5,5.75,1.36
11623,7.01,4.78,1.45,6.26,4.37,1.53,6.0,4.2,1.53
11917,4.68,4.25,1.69,4.83,4.2,1.68,4.75,4.2,1.67
11944,7.32,6.04,1.35,7.72,5.98,1.35,7.5,5.75,1.33
11771,3.43,3.43,2.18,2.83,3.34,2.56,2.75,3.3,2.6
11671,3.83,3.64,1.98,4.12,3.68,1.91,4.2,3.6,1.85
11910,4.12,4.07,1.8,4.42,4.17,1.74,4.33,4.0,1.73
11693,2.35,3.89,2.8,2.63,3.76,2.56,2.55,3.75,2.5
11760,1.78,4.33,4.04,1.76,4.49,3.98,1.75,4.5,3.8
11780,1.67,4.34,4.75,1.63,4.46,4.97,1.6,4.33,5.0
11798,1.82,4.31,3.84,1.74,4.51,4.09,1.73,4.33,4.0
11927,1.35,6.01,7.33,1.32,6.25,8.08,1.29,6.5,8.0
11674,2.13,3.73,3.29,2.32,3.63,3.04,2.3,3.6,2.9
11829,1.49,4.66,6.26,1.53,4.58,5.93,1.53,4.5,5.75
11740,1.8,4.16,4.08,1.71,4.25,4.57,1.7,4.2,4.33
11654,1.51,4.7,5.99,1.5,4.74,6.22,1.5,4.6,6.0
11629,2.96,4.03,2.21,2.96,3.94,2.25,3.0,3.8,2.2
11855,1.22,7.47,11.31,1.21,7.95,11.35,1.22,8.0,9.0
11932,6.94,5.91,1.38,6.73,6.02,1.38,6.5,6.0,1.36
11579,2.84,3.75,2.37,3.01,3.78,2.25,3.0,3.75,2.2
11724,2.2,3.84,3.05,2.08,3.88,3.34,2.0,3.75,3.4
11877,1.4,5.3,7.23,1.43,5.25,6.55,1.45,5.25,5.75
11608,1.28,6.1,10.52,1.29,6.17,9.68,1.29,5.75,10.0
11714,1.79,4.22,4.08,1.68,4.29,4.79,1.7,4.2,4.75
11809,1.55,4.75,5.37,1.52,4.89,5.57,1.5,5.0,5.25
11801,5.81,4.38,1.55,6.31,4.34,1.53,6.0,4.2,1.53
11847,2.65,3.73,2.51,2.45,3.63,2.77,2.38,3.75,2.8
11781,2.43,3.73,2.75,2.42,3.58,2.85,2.38,3.6,2.8
11822,2.5,3.6,2.73,2.36,3.53,3.01,2.3,3.6,3.0
11762,2.47,3.7,2.73,3.03,3.63,2.3,3.1,3.5,2.2
11841,1.67,4.08,4.97,1.65,4.08,5.31,1.65,4.0,5.0
11582,3.66,3.57,2.04,3.27,3.59,2.18,3.1,3.6,2.15
11704,2.02,3.53,3.84,1.95,3.55,4.13,1.91,3.6,4.0
11664,2.15,3.64,3.32,2.07,3.69,3.5,2.1,3.6,3.4
11886,2.38,3.65,2.88,2.43,3.59,2.85,2.38,3.6,2.8
11906,5.63,4.89,1.51,5.26,4.81,1.55,5.0,4.75,1.55
11928,1.82,4.33,3.83,1.86,4.23,3.76,1.85,4.0,3.8
11609,6.57,4.67,1.48,5.6,4.22,1.61,5.25,4.2,1.6
11741,2.61,3.65,2.6,2.19,3.77,3.16,2.1,3.8,3.25
11643,3.32,3.72,2.13,3.39,3.67,2.13,3.4,3.75,2.0
11684,1.89,3.77,4.09,1.8,3.77,4.58,1.8,3.75,4.5
11630,1.45,4.79,7.1,1.44,4.79,7.35,1.44,4.5,7.0
11862,3.3,4.16,2.01,3.39,4.16,1.99,3.4,4.2,1.95
11733,2.16,3.55,3.4,1.96,3.6,4.0,1.91,3.6,4.0
11890,8.05,5.05,1.39,11.3,6.11,1.27,11.0,6.0,1.22
11644,3.4,3.59,2.14,3.63,3.61,2.06,3.75,3.4,2.0
11899,2.72,3.6,2.52,2.77,3.61,2.48,2.7,3.75,2.4
11799,2.12,3.66,3.38,2.2,3.58,3.27,2.2,3.5,3.2
11580,4.0,3.81,1.89,4.17,4.06,1.81,4.2,4.0,1.8
11706,1.89,3.62,4.31,1.93,3.61,4.12,1.91,3.6,4.0
11742,3.73,3.73,1.98,3.26,3.65,2.17,3.1,3.6,2.15
11929,2.86,3.51,2.47,3.2,3.55,2.24,3.2,3.5,2.2
11758,2.64,3.38,2.74,2.88,3.26,2.6,2.9,3.25,2.5
11837,2.54,3.45,2.79,2.49,3.44,2.88,2.4,3.4,2.88
11610,6.64,4.95,1.45,4.77,4.35,1.67,4.33,4.33,1.7
11907,1.98,3.83,3.58,1.9,3.84,3.87,1.91,3.75,3.75
11631,9.2,5.65,1.33,8.34,5.12,1.39,7.5,5.0,1.4
11782,2.7,3.58,2.54,2.92,3.5,2.43,2.8,3.5,2.4
11659,4.26,3.94,1.82,4.22,3.84,1.85,3.8,3.8,1.91
11720,1.87,3.64,4.34,1.92,3.37,4.53,1.91,3.25,4.33
11821,1.46,4.69,6.86,1.48,4.53,6.85,1.45,4.5,7.0
11679,3.13,3.73,2.21,3.14,3.53,2.3,3.1,3.5,2.3
11874,2.51,3.58,2.75,2.82,3.45,2.5,2.7,3.6,2.5
12154,1.51,4.35,6.45,1.57,4.14,6.06,1.53,4.1,6.25
12286,2.08,3.6,3.47,1.68,4.04,4.93,1.67,4.0,4.75
12254,1.61,4.16,5.35,1.63,4.15,5.21,1.6,4.33,5.0
11965,1.35,5.66,8.11,1.37,5.37,8.0,1.36,5.25,7.5
12231,1.81,3.74,4.44,1.73,3.68,5.24,1.7,3.6,5.25
12276,1.41,4.66,8.13,1.4,4.77,8.6,1.4,4.5,8.0
12094,1.23,6.33,13.36,1.23,6.39,12.72,1.22,6.5,13.0
12234,1.48,4.2,7.73,1.49,4.16,7.46,1.5,4.1,7.0
12122,1.16,8.37,17.31,1.14,8.78,18.59,1.14,8.5,17.0
11995,1.18,7.82,15.12,1.2,7.13,15.65,1.2,7.5,13.0
12031,2.49,3.37,2.89,2.26,3.38,3.32,2.2,3.3,3.3
12180,1.97,3.58,3.83,1.91,3.93,3.81,1.9,3.8,3.8
12077,1.46,4.73,6.92,1.45,4.84,6.86,1.45,4.33,6.25
12307,2.01,3.59,3.7,1.9,3.76,3.99,1.91,3.7,3.8
12055,1.37,4.97,8.9,1.41,4.75,8.43,1.4,4.75,7.5
12005,1.14,9.2,18.63,1.18,7.99,15.31,1.18,7.5,13.0
12148,1.4,5.29,6.86,1.38,5.31,7.55,1.36,5.5,7.5
12197,1.25,6.2,11.63,1.29,5.63,11.79,1.27,5.75,11.0
11946,1.18,7.86,15.87,1.15,8.62,18.11,1.14,8.5,15.0
11955,4.41,3.92,1.78,4.66,4.02,1.74,4.5,4.0,1.73
12026,1.86,3.97,3.97,1.81,3.93,4.32,1.75,3.9,4.33
12078,1.8,4.01,4.24,1.69,4.11,4.89,1.67,4.0,5.0
12130,1.94,3.86,3.61,1.89,3.73,4.06,1.85,3.7,4.1
12198,2.62,3.7,2.56,2.62,3.53,2.65,2.6,3.3,2.63
12056,1.63,4.11,5.45,1.73,3.83,4.95,1.73,3.7,5.0
11975,1.51,4.48,6.34,1.68,3.94,5.24,1.67,3.75,5.25
12287,1.79,3.88,4.32,1.86,3.75,4.18,1.85,3.75,4.0
12186,1.41,4.96,7.45,1.43,4.94,7.18,1.42,4.75,7.0
12134,1.32,5.51,9.16,1.33,5.63,8.49,1.33,5.25,8.5
12195,3.93,4.0,1.85,3.83,3.98,1.9,3.75,4.0,1.85
12104,3.29,3.71,2.12,3.2,3.63,2.19,3.1,3.6,2.2
12012,2.21,3.82,3.06,2.2,3.86,3.06,2.1,3.9,3.1
12265,2.36,3.63,2.85,2.54,3.6,2.69,2.55,3.7,2.6
12244,1.99,3.63,3.72,2.14,3.39,3.57,2.1,3.3,3.4
12085,1.37,5.41,7.78,1.32,5.67,9.15,1.3,5.5,9.0
12305,1.32,5.95,8.45,1.26,6.66,10.21,1.25,6.5,9.5
12170,1.55,4.39,5.81,1.47,4.75,6.52,1.45,4.75,6.25
11985,1.59,4.39,5.35,1.62,4.27,5.28,1.65,4.0,4.75
12015,4.94,4.09,1.68,4.85,3.73,1.77,4.75,3.7,1.75
12295,2.45,3.68,2.71,2.58,3.53,2.68,2.55,3.5,2.63
12226,1.76,4.16,4.25,1.76,4.2,4.29,1.73,4.2,4.1
12057,2.41,3.62,2.86,2.46,3.56,2.84,2.35,3.6,2.88
11976,3.33,3.96,2.05,3.11,3.8,2.19,3.1,3.6,2.2
12114,1.9,3.77,3.87,2.08,3.64,3.47,2.1,3.6,3.4
12135,1.75,3.82,4.71,1.69,3.86,5.1,1.67,3.8,5.0
12263,2.15,3.58,3.3,2.24,3.41,3.3,2.2,3.3,3.4
12237,1.38,5.23,7.72,1.39,5.13,7.75,1.4,5.0,7.5
12315,1.33,5.61,8.35,1.34,5.6,8.53,1.33,5.5,8.0
12174,4.56,4.32,1.68,4.51,4.22,1.71,4.33,4.2,1.7
12035,5.32,4.44,1.59,5.83,4.45,1.55,5.75,4.2,1.55
12282,1.67,4.13,4.77,1.95,3.83,3.69,1.91,3.8,3.7
11962,2.99,3.8,2.25,2.57,3.65,2.64,2.55,3.6,2.6
12164,2.09,3.64,3.42,1.99,3.64,3.77,1.91,3.7,3.8
12004,1.65,4.29,4.91,1.52,4.52,6.1,1.48,4.33,6.5
12083,2.65,3.92,2.42,2.18,3.91,3.05,2.1,4.0,3.0
12103,1.71,4.19,4.43,1.74,4.18,4.41,1.73,4.1,4.2
12199,1.56,4.45,5.5,1.64,4.18,5.22,1.62,4.1,5.0
12133,6.67,4.8,1.44,5.87,4.46,1.54,5.5,4.33,1.55
12216,2.26,3.8,2.95,2.16,3.88,3.15,2.15,3.8,3.1
12045,2.53,3.59,2.72,2.6,3.58,2.66,2.6,3.5,2.63
12266,2.5,3.61,2.7,2.64,3.58,2.59,2.6,3.5,2.55
12249,3.2,3.73,2.15,2.89,3.57,2.41,2.9,3.5,2.35
11952,2.46,3.44,2.9,2.85,3.28,2.62,2.88,3.2,2.55
12210,2.02,3.68,3.59,2.08,3.6,3.54,1.95,3.6,3.5
12308,1.93,3.9,3.64,2.04,3.75,3.5,2.0,3.8,3.4
12027,1.67,4.27,4.86,1.66,4.16,5.07,1.67,4.2,4.75
12066,1.66,4.24,4.87,1.61,4.33,5.27,1.6,4.33,5.0
12155,6.43,5.15,1.43,6.04,4.97,1.48,5.75,5.0,1.48
12144,4.76,4.47,1.64,5.16,4.47,1.6,5.25,4.2,1.6
12290,1.67,4.14,4.74,1.65,4.36,4.79,1.62,4.33,4.75
12086,2.86,3.74,2.36,2.95,3.68,2.33,2.88,3.75,2.3
12105,2.35,3.52,2.99,2.49,3.58,2.75,2.5,3.6,2.7
11966,1.77,3.97,4.46,1.8,3.86,4.42,1.8,3.9,4.33
12181,2.11,3.97,3.1,2.0,4.12,3.34,1.91,4.0,3.5
11996,2.23,3.62,3.16,2.23,3.57,3.2,2.2,3.5,3.1
12006,2.09,3.64,3.47,2.05,3.6,3.57,2.1,3.5,3.4
12136,4.36,3.83,1.8,4.74,3.59,1.81,5.0,3.6,1.75
12238,2.09,3.81,3.27,2.35,3.49,3.03,2.3,3.4,3.0
12206,2.06,3.81,3.43,1.98,3.87,3.64,1.95,3.8,3.6
12123,1.64,4.44,4.89,1.62,4.5,4.89,1.6,4.5,4.75
12185,2.85,3.6,2.43,2.93,3.66,2.36,2.9,3.7,2.3
12099,1.89,3.82,3.9,1.9,3.69,4.05,1.91,3.6,3.9
12165,1.67,3.86,5.39,1.7,3.74,5.37,1.73,3.6,5.25
12217,1.99,3.62,3.77,2.01,3.55,3.85,1.95,3.6,3.75
11977,1.38,5.16,7.89,1.48,4.7,6.48,1.45,4.75,6.5
12255,1.27,5.89,10.98,1.29,5.98,10.04,1.29,6.0,9.0
12312,2.63,3.82,2.46,2.22,3.89,2.97,2.15,3.8,3.0
12046,4.34,4.17,1.75,4.11,4.13,1.8,4.0,4.0,1.8
11956,2.5,3.72,2.69,2.41,3.72,2.81,2.3,3.8,2.88
12291,2.86,3.77,2.31,3.12,3.71,2.21,3.1,3.7,2.15
11993,1.86,3.83,4.21,1.84,3.75,4.33,1.8,3.7,4.33
12065,1.39,5.29,7.57,1.39,5.45,7.29,1.38,5.25,7.5
12013,2.9,4.01,2.23,2.89,3.93,2.27,2.9,3.9,2.15
12277,1.67,4.14,4.76,1.78,3.96,4.36,1.75,4.0,4.2
12028,1.64,4.32,4.94,1.57,4.37,5.67,1.55,4.33,5.5
12051,2.75,3.49,2.53,3.01,3.41,2.41,2.8,3.4,2.5
12071,1.71,4.21,4.51,1.72,4.08,4.66,1.7,4.0,4.5
12145,1.5,4.81,5.92,1.52,4.75,5.54,1.5,4.75,5.25
12100,1.33,5.89,8.08,1.35,5.84,7.68,1.33,6.0,7.5
11997,1.74,4.23,4.35,1.77,4.18,4.26,1.75,4.2,4.0
11972,1.63,4.4,5.01,1.65,4.3,4.97,1.65,4.33,4.75
12278,1.58,4.08,5.91,1.44,4.79,7.31,1.42,4.75,7.0
12115,1.47,4.88,6.15,1.46,4.92,6.28,1.45,5.25,5.75
12259,1.25,6.57,9.7,1.2,7.33,13.53,1.17,7.5,12.0
12222,1.2,7.67,12.34,1.23,6.96,12.22,1.22,7.0,10.0
12292,2.18,3.71,3.14,2.35,3.71,2.86,2.3,3.6,2.8
11953,4.05,4.0,1.83,3.64,3.83,1.98,3.6,3.9,1.95
12306,1.46,4.9,6.51,1.57,4.53,5.46,1.55,4.5,5.25
12032,1.76,4.26,4.15,1.79,4.11,4.16,1.75,4.2,4.0
12014,1.48,4.73,6.32,1.5,4.6,6.34,1.48,4.5,6.5
12207,1.17,8.55,14.69,1.17,8.31,16.08,1.17,8.0,15.0
12243,1.64,4.5,4.57,1.68,4.36,4.58,1.67,4.33,4.33
12183,1.36,5.54,7.58,1.29,6.25,9.4,1.27,6.0,9.5
12163,1.37,5.51,7.3,1.43,5.16,6.64,1.45,5.0,6.25
12106,6.08,4.11,1.57,7.14,4.42,1.48,7.0,4.33,1.48
12208,2.55,3.38,2.83,2.26,3.52,3.19,2.2,3.5,3.1
12267,2.54,3.54,2.69,2.57,3.49,2.72,2.5,3.5,2.7
12171,2.06,3.68,3.47,1.97,3.76,3.7,1.95,3.75,3.6
12245,2.43,3.46,2.87,2.53,3.39,2.81,2.5,3.5,2.7
12137,3.65,3.88,1.95,3.58,3.84,1.98,3.6,3.9,1.91
12187,1.81,3.45,4.94,2.02,3.18,4.36,1.95,3.1,4.5
12047,2.7,3.48,2.61,3.35,3.34,2.26,3.3,3.25,2.25
12218,1.48,4.55,6.74,1.55,4.2,6.26,1.53,4.1,6.25
11978,1.63,4.14,5.38,1.67,3.98,5.27,1.65,3.9,5.25
12007,6.36,4.65,1.49,5.03,4.1,1.67,5.0,4.0,1.67
12087,5.39,4.33,1.6,4.67,4.0,1.74,4.5,4.0,1.73
11986,2.85,3.72,2.36,2.85,3.58,2.44,2.75,3.5,2.45
12067,3.04,3.56,2.3,3.25,3.48,2.24,3.2,3.4,2.2
12294,2.29,3.38,3.15,2.2,3.43,3.39,2.15,3.4,3.4
12124,1.61,4.11,5.42,1.53,4.34,6.2,1.5,4.33,6.25
12033,3.97,3.97,1.85,3.73,3.97,1.93,3.6,4.0,1.91
11957,2.17,3.63,3.25,1.98,3.78,3.72,1.95,3.9,3.7
12313,2.27,3.32,3.26,2.37,3.31,3.12,2.35,3.3,3.1
12246,5.15,3.44,1.78,4.1,3.17,2.07,3.9,3.2,2.1
12149,3.2,3.24,2.35,3.48,3.11,2.29,3.4,3.1,2.25
11967,2.78,3.4,2.59,2.96,3.45,2.43,3.0,3.4,2.35
12058,2.46,3.41,2.94,2.36,3.38,3.13,2.3,3.4,3.1
11947,2.67,3.41,2.68,3.06,3.4,2.38,3.1,3.4,2.3
12109,5.18,4.13,1.63,4.84,4.12,1.68,4.5,4.1,1.67
11998,2.73,3.39,2.63,2.75,3.34,2.65,2.7,3.25,2.6
12029,2.76,3.37,2.6,2.76,3.38,2.63,2.6,3.4,2.63
12288,1.47,4.4,7.07,1.56,4.28,5.91,1.55,4.33,5.75
12175,1.79,3.67,4.67,1.95,3.35,4.33,1.95,3.4,4.1
12184,7.36,4.71,1.44,7.49,4.55,1.46,7.0,4.33,1.45
12268,3.8,3.65,1.96,4.06,3.64,1.91,4.0,3.6,1.9
12200,2.55,3.2,2.96,2.65,3.13,2.92,2.63,3.0,2.88
12008,3.15,3.62,2.23,3.67,3.74,1.98,3.7,3.7,1.95
12125,2.64,3.16,2.83,2.69,3.08,2.89,2.63,3.1,2.88
12309,1.4,4.79,7.93,1.43,4.76,7.54,1.4,4.75,7.0
12159,2.91,3.51,2.41,2.57,3.39,2.79,2.5,3.3,2.8
12227,2.11,3.27,3.81,2.14,3.22,3.82,2.05,3.2,3.9
12079,2.14,3.46,3.51,2.11,3.35,3.74,2.1,3.3,3.6
12089,5.4,4.24,1.61,5.34,4.24,1.62,5.0,4.33,1.62
12016,2.44,3.5,2.89,2.48,3.44,2.89,2.45,3.4,2.8
12126,2.35,3.58,2.91,2.3,3.43,3.18,2.25,3.4,3.2
12044,2.03,3.73,3.52,2.02,3.74,3.62,1.95,3.8,3.6
12084,2.33,3.65,2.92,2.6,3.58,2.66,2.55,3.6,2.6
12270,2.82,3.52,2.43,3.07,3.57,2.3,3.1,3.6,2.25
12201,2.05,3.48,3.74,2.08,3.46,3.72,2.1,3.4,3.6
12296,1.87,3.55,4.32,1.76,3.68,4.89,1.75,3.6,5.0
12141,1.56,4.34,5.68,1.56,4.16,6.02,1.53,4.2,6.0
11958,1.83,3.73,4.38,1.88,3.71,4.21,1.85,3.75,4.1
12250,4.24,3.7,1.86,4.19,3.52,1.92,4.2,3.4,1.91
12316,5.15,4.28,1.61,6.06,4.53,1.52,5.75,4.5,1.5
12172,2.31,3.44,3.1,2.39,3.44,2.99,2.35,3.4,3.1
11987,2.86,3.51,2.45,2.89,3.51,2.45,2.9,3.4,2.4
12188,2.22,3.35,3.39,2.16,3.44,3.5,2.1,3.4,3.5
12110,1.42,4.96,7.21,1.62,4.18,5.45,1.57,4.2,5.75
12232,2.01,3.84,3.48,1.85,3.94,4.04,1.8,3.9,4.1
11979,2.42,3.48,2.92,2.33,3.39,3.15,2.25,3.3,3.2
12059,1.65,4.09,5.23,1.55,4.44,5.85,1.53,4.33,5.75
12271,7.83,4.81,1.4,9.07,5.12,1.35,9.5,5.0,1.36
12002,4.15,3.77,1.87,3.65,3.58,2.06,3.5,3.5,2.1
12090,3.57,3.73,2.02,3.81,3.83,1.93,3.7,3.8,1.91
12297,4.94,4.2,1.65,5.66,4.68,1.53,5.75,4.5,1.5
12152,3.8,3.73,1.94,3.81,3.66,1.97,3.7,3.6,1.95
12131,6.87,5.02,1.41,7.45,5.18,1.39,7.0,5.0,1.4
12075,3.09,3.37,2.38,3.27,3.36,2.29,3.2,3.4,2.25
12017,2.4,3.42,3.01,2.38,3.43,3.05,2.38,3.4,2.9
11968,3.1,3.5,2.31,3.03,3.41,2.4,3.0,3.4,2.38
12036,2.27,3.61,3.09,2.36,3.59,2.97,2.3,3.7,2.9
11948,8.28,5.76,1.34,7.87,5.81,1.35,8.0,5.75,1.33
12160,7.72,5.36,1.36,7.72,5.21,1.39,7.0,5.0,1.4
12062,5.06,4.22,1.63,5.06,4.09,1.67,5.0,4.1,1.65
12107,4.61,3.95,1.74,4.69,4.04,1.72,4.75,3.9,1.73
12228,3.8,3.59,1.99,3.99,3.56,1.96,3.9,3.5,1.95
12176,1.98,3.67,3.74,1.92,3.64,4.01,1.9,3.6,3.9
12202,3.87,3.89,1.89,3.38,3.8,2.07,3.3,3.75,2.05
12317,2.99,3.85,2.21,3.2,3.59,2.22,3.2,3.5,2.2
12247,2.74,3.28,2.65,2.84,3.2,2.63,2.75,3.2,2.63
12189,9.45,5.29,1.34,10.1,5.41,1.32,9.5,5.25,1.33
11969,4.62,4.02,1.74,4.0,3.76,1.91,4.0,3.7,1.85
12009,3.24,3.66,2.17,3.5,3.79,2.04,3.5,3.9,2.0
12196,3.7,3.86,1.96,3.66,3.84,1.98,3.5,3.8,1.95
12091,4.48,4.02,1.75,4.92,4.22,1.67,5.0,4.2,1.65
12060,6.75,4.81,1.46,6.91,4.84,1.45,7.0,4.75,1.44
12150,3.88,3.73,1.92,3.93,3.61,1.95,3.8,3.7,1.91
11988,2.52,3.44,2.82,2.11,3.5,3.57,2.1,3.5,3.5
12156,4.17,3.81,1.84,4.5,3.74,1.8,4.5,3.7,1.8
12310,2.33,3.59,2.94,2.27,3.67,3.04,2.2,3.7,3.0
12272,11.76,6.63,1.23,11.84,6.92,1.22,10.0,6.5,1.22
12127,7.92,5.62,1.34,9.62,6.36,1.27,9.5,6.25,1.27
12233,4.21,3.76,1.84,4.5,3.74,1.81,4.5,3.7,1.8
12253,6.4,4.44,1.5,7.18,4.63,1.45,6.5,4.5,1.45
12025,3.09,3.32,2.41,2.96,3.35,2.45,2.88,3.4,2.45
12289,2.33,3.62,2.93,2.42,3.55,2.87,2.35,3.6,2.88
11954,5.01,4.37,1.63,4.57,4.23,1.71,4.5,4.2,1.7
12076,2.9,3.44,2.47,2.99,3.47,2.38,3.0,3.5,2.3
12111,2.55,3.56,2.69,2.92,3.43,2.44,2.9,3.4,2.38
12300,2.06,3.54,3.57,2.24,3.56,3.16,2.2,3.6,3.1
12048,1.42,5.26,6.7,1.48,4.74,6.41,1.45,4.75,6.25
11989,1.29,6.31,9.35,1.26,6.7,10.38,1.25,6.5,10.0
11963,1.25,6.78,10.37,1.22,7.19,11.82,1.2,7.0,13.0
12037,1.39,5.4,7.12,1.38,5.57,7.49,1.36,5.25,7.5
12022,1.63,4.39,4.89,1.67,4.45,4.63,1.67,4.33,4.2
12318,1.4,5.65,6.27,1.37,5.95,6.99,1.36,6.0,6.0
12239,1.36,5.02,8.78,1.48,4.38,7.07,1.48,4.33,6.5
12095,1.32,5.75,8.89,1.29,6.13,9.58,1.29,6.0,9.0
12166,1.1,11.04,20.87,1.11,11.32,21.57,1.11,11.0,15.0
12116,1.08,12.4,25.35,1.08,12.79,27.21,1.07,12.0,23.0
12072,2.09,3.7,3.37,2.04,3.76,3.5,2.0,3.8,3.5
12142,1.29,6.05,9.49,1.36,5.42,7.9,1.36,5.5,7.5
12211,1.52,4.77,5.64,1.37,5.47,7.71,1.36,5.25,7.5
11980,1.22,7.03,12.4,1.23,6.75,11.99,1.25,6.25,11.0
12219,1.12,9.97,19.5,1.11,10.91,23.99,1.1,10.0,21.0
12283,1.25,6.57,9.98,1.2,7.4,12.79,1.2,7.0,13.0
12260,1.3,5.89,9.45,1.28,5.9,10.63,1.25,5.5,11.0
12193,1.19,7.85,12.84,1.23,6.99,11.94,1.22,7.0,11.0
11994,1.83,3.62,4.52,1.78,3.58,4.98,1.75,3.5,5.0
12275,1.85,4.06,3.93,1.91,3.92,3.84,1.85,3.9,3.75
12314,1.55,4.51,5.49,1.34,5.59,8.53,1.33,5.5,8.0
11981,1.17,8.2,14.79,1.19,7.64,13.85,1.17,8.0,15.0
12229,1.66,4.45,4.63,1.81,4.03,4.15,1.8,4.1,3.9
12167,2.03,4.03,3.29,2.34,3.8,2.84,2.38,3.7,2.7
12256,1.5,4.7,5.95,1.63,4.25,5.16,1.62,4.2,5.0
12117,1.34,5.46,8.59,1.34,5.41,8.72,1.33,5.5,8.5
12010,1.24,6.85,11.11,1.26,6.4,10.93,1.25,6.5,10.0
11959,1.09,12.17,26.97,1.09,11.44,27.5,1.1,10.0,23.0
12240,1.2,7.61,12.4,1.2,7.6,13.22,1.2,7.5,12.0
12204,2.9,3.86,2.26,3.14,3.82,2.19,3.0,3.8,2.2
12101,1.58,4.59,5.04,1.54,4.79,5.5,1.5,4.75,5.75
12190,1.97,4.07,3.44,2.07,4.02,3.26,2.05,3.9,3.2
12080,1.37,5.21,8.25,1.32,5.64,9.34,1.3,5.25,9.5
12030,1.11,10.94,21.04,1.12,10.03,20.56,1.13,9.5,15.0
12061,1.49,5.01,5.92,1.41,5.35,6.94,1.4,5.0,7.0
12138,1.31,6.09,8.3,1.24,6.97,10.25,1.22,7.0,9.5
12285,1.4,5.14,7.49,1.34,5.42,9.09,1.33,5.25,9.0
12223,5.41,3.58,1.72,5.1,3.55,1.78,5.0,3.6,1.75
12319,4.37,4.16,1.73,4.74,4.29,1.67,4.5,4.33,1.67
12112,1.85,3.88,4.07,1.86,3.75,4.2,1.8,3.7,4.33
12018,1.71,4.28,4.48,1.69,4.27,4.72,1.62,4.2,5.0
12161,2.09,3.71,3.36,2.31,3.4,3.18,2.25,3.4,3.1
12042,2.58,3.78,2.56,2.65,3.6,2.58,2.63,3.5,2.6
12182,2.04,3.48,3.71,1.79,3.63,4.74,1.75,3.6,4.75
12073,1.54,4.33,6.08,1.62,4.05,5.68,1.57,4.0,5.75
11945,1.62,4.36,5.15,1.66,4.2,5.02,1.67,4.1,5.0
12212,1.52,4.55,5.83,1.51,4.5,6.35,1.48,4.5,6.25
12052,1.39,5.35,7.46,1.33,5.66,8.87,1.33,5.75,8.0
11973,3.82,4.2,1.85,3.56,4.04,1.95,3.5,4.1,1.91
12251,3.33,3.61,2.13,3.39,3.67,2.11,3.4,3.6,2.05
12132,2.7,3.61,2.49,2.74,3.53,2.52,2.7,3.5,2.55
12088,1.67,4.05,5.12,1.68,3.93,5.09,1.67,3.9,5.0
12153,1.3,5.79,9.4,1.28,5.94,10.77,1.27,6.0,10.0
12003,2.36,3.89,2.77,2.11,3.86,3.24,2.05,3.9,3.2
12301,1.92,3.72,3.83,2.01,3.67,3.66,2.0,3.7,3.5
12273,2.0,3.58,3.72,2.56,3.44,2.76,2.55,3.5,2.7
12038,3.77,3.69,1.98,3.99,3.61,1.95,4.0,3.6,1.95
12118,1.93,3.91,3.66,1.94,3.79,3.8,1.9,3.8,3.8
12157,1.64,4.3,4.93,1.64,4.23,5.05,1.65,4.2,5.0
12241,1.73,4.31,4.21,1.67,4.32,4.68,1.65,4.2,4.75
12019,2.01,3.88,3.51,1.73,4.08,4.6,1.73,4.0,4.5
12302,2.13,3.76,3.18,2.24,3.75,3.03,2.2,3.75,3.0
12264,1.71,3.96,4.75,1.67,3.99,5.1,1.65,3.9,5.0
12320,1.32,5.6,8.77,1.27,6.18,10.88,1.29,6.0,9.5
12177,1.71,4.07,4.66,1.73,3.88,4.83,1.7,3.9,4.75
12279,1.18,7.72,14.89,1.17,8.08,15.61,1.2,7.0,13.0
12096,1.31,5.83,9.08,1.29,6.18,9.42,1.29,6.25,9.0
12081,4.27,4.04,1.78,3.63,3.76,1.99,3.5,3.75,2.0
11999,5.09,4.47,1.61,4.95,4.2,1.67,4.75,4.1,1.67
12261,1.65,4.21,4.73,1.61,4.29,5.26,1.6,4.33,5.25
12205,1.81,3.96,4.11,1.91,3.84,3.89,1.9,3.8,3.75
11949,1.35,5.62,8.1,1.39,5.27,7.33,1.4,5.0,7.0
11974,2.51,3.97,2.56,2.46,3.89,2.64,2.45,3.9,2.55
12064,1.5,4.57,6.21,1.47,4.8,6.5,1.45,4.75,6.25
12151,1.35,5.54,8.08,1.37,5.26,7.88,1.36,5.0,7.5
12213,3.94,3.48,1.98,4.23,3.45,1.94,4.2,3.4,1.91
12097,2.64,3.39,2.68,2.71,3.19,2.76,2.7,3.2,2.75
11950,2.45,3.49,2.89,2.25,3.44,3.23,2.2,3.4,3.25
12284,2.17,3.55,3.27,2.31,3.54,3.07,2.3,3.5,3.0
12178,2.44,3.46,2.89,2.63,3.39,2.72,2.63,3.3,2.7
12321,3.09,3.72,2.2,3.44,3.78,2.06,3.4,3.75,2.0
12024,2.36,3.31,3.11,2.36,3.26,3.23,2.3,3.3,3.1
12257,2.11,3.33,3.67,1.97,3.34,4.21,1.91,3.3,4.1
12000,2.4,3.34,3.07,2.54,3.17,3.03,2.55,3.1,2.9
12068,1.75,3.82,4.79,1.72,3.95,4.86,1.7,4.0,4.75
12303,1.33,5.34,8.83,1.39,5.03,7.8,1.4,5.0,7.0
12146,5.14,4.16,1.64,5.37,4.2,1.61,5.25,4.1,1.62
12220,3.88,3.89,1.89,3.8,3.79,1.95,3.8,3.8,1.91
12235,2.32,3.42,3.13,2.36,3.39,3.11,2.3,3.3,3.2
12053,2.69,3.31,2.72,2.76,3.3,2.67,2.7,3.3,2.6
12162,1.39,4.86,8.03,1.4,4.88,8.13,1.38,4.75,8.0
12119,2.35,3.74,2.82,2.16,3.91,3.07,2.1,3.9,3.0
12039,2.15,3.52,3.43,2.05,3.48,3.78,2.0,3.5,3.75
11970,2.03,3.66,3.65,2.0,3.61,3.73,1.95,3.6,3.7
12322,9.45,5.83,1.29,11.73,6.4,1.25,12.0,6.0,1.25
12258,5.65,4.42,1.55,6.1,4.55,1.52,6.25,4.33,1.5
12191,5.83,4.64,1.52,6.02,4.73,1.51,6.25,4.5,1.48
12139,2.78,3.54,2.48,3.33,3.58,2.15,3.25,3.6,2.1
12203,5.52,4.38,1.57,5.7,4.5,1.56,5.25,4.33,1.53
12082,8.39,5.64,1.34,8.74,5.8,1.32,8.5,5.5,1.3
12242,5.5,4.01,1.62,5.68,4.04,1.61,5.5,4.0,1.6
12040,2.65,3.48,2.66,2.7,3.32,2.71,2.63,3.25,2.63
12280,5.17,4.11,1.64,5.15,4.08,1.65,5.0,4.0,1.65
11990,2.25,3.52,3.17,2.44,3.44,2.95,2.45,3.4,2.88
12020,2.33,3.54,3.03,2.2,3.54,3.32,2.15,3.6,3.25
12063,10.4,5.96,1.28,9.12,5.7,1.32,8.5,5.25,1.33
12298,13.37,7.58,1.19,13.84,7.49,1.19,13.0,7.0,1.2
11982,4.56,4.04,1.74,4.19,4.05,1.8,4.0,4.1,1.8
12168,6.82,5.09,1.42,6.48,4.91,1.46,6.5,4.75,1.44
11960,2.57,3.32,2.84,2.36,3.48,3.04,2.3,3.5,3.0
12102,4.29,4.47,1.69,3.98,4.42,1.77,3.9,4.5,1.75
12120,3.24,3.56,2.18,3.08,3.52,2.29,3.1,3.5,2.25
12230,3.63,3.51,2.06,3.9,3.38,2.04,3.9,3.25,2.0
11983,2.99,3.59,2.33,2.77,3.51,2.53,2.7,3.4,2.6
12043,1.93,4.07,3.55,1.94,4.02,3.61,1.91,4.0,3.5
12224,2.71,3.88,2.4,2.8,3.75,2.4,2.8,3.75,2.35
11991,1.55,4.72,5.41,1.47,4.99,6.19,1.48,5.0,6.0
12323,4.23,4.43,1.71,3.71,4.02,1.91,3.7,4.0,1.85
12092,3.21,4.04,2.07,2.9,3.98,2.24,2.88,4.0,2.2
12304,2.65,3.68,2.5,3.05,3.64,2.27,3.1,3.6,2.2
11961,1.44,4.95,6.75,1.37,5.39,7.91,1.36,5.25,7.5
12074,1.72,4.35,4.24,1.95,4.07,3.56,1.95,4.2,3.3
12054,1.26,6.76,9.98,1.25,6.71,10.56,1.25,6.5,9.5
12173,1.46,5.21,5.89,1.51,4.92,5.58,1.5,4.75,5.5
12113,4.29,4.33,1.72,4.69,4.57,1.64,4.75,4.5,1.6
12214,3.22,4.09,2.04,3.88,4.29,1.82,3.8,4.2,1.8
12194,2.45,3.73,2.69,2.2,3.85,3.08,2.15,3.8,3.1
12140,2.88,3.94,2.24,3.81,4.5,1.79,3.9,4.5,1.73
12274,2.47,3.71,2.66,2.4,3.49,2.96,2.3,3.5,3.0
12252,1.39,5.32,7.12,1.37,5.41,7.68,1.36,5.5,7.0
12021,1.5,4.91,5.73,1.45,5.23,6.17,1.45,5.25,5.75
12128,1.61,4.77,4.56,1.66,4.53,4.58,1.65,4.33,4.5
12069,7.09,4.68,1.46,7.37,4.78,1.44,7.0,4.5,1.42
11951,2.44,3.69,2.79,2.47,3.51,2.83,2.4,3.5,2.8
12248,3.04,3.47,2.34,2.98,3.49,2.38,2.9,3.5,2.38
12192,2.41,3.64,2.82,2.38,3.65,2.88,2.35,3.6,2.88
12108,2.8,3.75,2.38,2.77,3.63,2.46,2.75,3.6,2.45
11992,3.49,3.89,2.01,3.53,3.91,2.0,3.5,3.9,1.95
12158,2.62,3.41,2.69,2.78,3.26,2.64,2.75,3.3,2.55
12049,2.18,3.47,3.38,2.16,3.44,3.49,2.15,3.3,3.5
12147,2.97,3.43,2.41,3.07,3.3,2.42,3.0,3.3,2.35
12011,1.8,3.96,4.25,1.91,3.79,3.98,1.9,3.8,3.8
12215,1.63,4.15,5.17,1.77,3.77,4.77,1.75,3.7,4.5
12129,7.04,5.21,1.4,7.44,5.35,1.38,7.0,5.25,1.38
11971,7.57,5.49,1.38,7.32,5.14,1.4,7.5,5.0,1.4
12034,2.89,3.71,2.33,3.3,3.69,2.15,3.3,3.75,2.1
12225,3.21,3.57,2.19,3.35,3.49,2.2,3.3,3.4,2.2
12311,2.8,3.4,2.53,3.0,3.39,2.41,2.9,3.4,2.4
12269,1.49,4.49,6.44,1.6,4.3,5.37,1.62,4.2,5.0
12293,2.1,3.73,3.31,1.86,3.93,3.97,1.83,3.9,4.0
12093,1.91,3.85,3.81,1.82,3.88,4.24,1.8,3.9,4.2
12169,6.85,4.65,1.46,5.87,4.07,1.6,5.75,4.0,1.6
12179,3.36,3.58,2.14,3.17,3.43,2.3,3.2,3.4,2.2
12070,2.81,3.61,2.44,2.71,3.47,2.62,2.63,3.5,2.6
12324,2.71,3.76,2.43,2.91,3.74,2.32,2.9,3.7,2.25
12299,2.73,3.47,2.54,2.98,3.34,2.45,2.9,3.4,2.35
11964,4.37,4.0,1.77,3.89,3.89,1.91,3.75,3.8,1.9
12041,2.53,3.4,2.85,2.43,3.34,3.03,2.35,3.4,3.0
12221,2.63,3.14,2.87,2.84,2.98,2.84,2.8,3.0,2.8
12209,2.71,3.34,2.69,2.42,3.28,3.1,2.35,3.3,2.9
12098,1.9,3.83,3.85,1.98,3.64,3.77,1.91,3.7,3.75
12281,1.51,4.38,6.24,1.53,4.39,6.11,1.53,4.2,6.0
12001,8.05,5.55,1.35,8.71,5.91,1.32,8.0,5.75,1.33
12023,8.88,5.85,1.31,8.3,5.48,1.35,8.5,5.5,1.33
12121,3.8,3.7,1.94,4.35,3.81,1.82,4.33,3.8,1.8
11984,3.36,3.69,2.11,3.59,3.69,2.04,3.6,3.5,2.05
12143,3.22,3.22,2.33,3.86,3.46,2.01,3.9,3.5,1.95
12050,1.96,3.84,3.67,1.92,3.79,3.93,1.91,3.75,3.8
12262,2.23,3.55,3.14,2.28,3.56,3.1,2.2,3.6,3.1
12236,2.57,3.2,2.92,2.37,3.25,3.21,2.3,3.2,3.25
12505,1.43,4.68,7.02,1.37,5.03,7.76,1.36,5.25,7.5
12635,1.43,4.55,7.06,1.47,4.47,6.4,1.44,4.33,7.0
12458,1.35,4.97,8.94,1.43,4.53,7.43,1.42,4.5,7.5
12496,1.41,4.73,7.34,1.32,5.45,8.87,1.33,5.5,8.0
12692,1.08,10.12,22.13,1.09,10.11,22.69,1.09,10.0,26.0
12602,1.6,3.98,5.28,1.5,4.36,6.05,1.53,4.2,6.0
12410,1.41,4.6,7.76,1.38,4.91,8.08,1.38,5.0,8.0
12616,1.37,4.56,8.83,1.37,4.65,8.58,1.36,4.5,9.0
12665,1.44,4.39,7.0,1.45,4.42,7.02,1.45,4.5,7.0
12336,1.27,5.93,10.61,1.33,5.36,8.94,1.33,5.5,8.5
12534,1.6,4.11,5.25,1.57,4.16,5.65,1.57,4.1,5.75
12372,1.9,3.7,3.85,2.05,3.56,3.54,2.0,3.6,3.6
12550,1.55,4.08,5.89,1.54,4.32,5.69,1.53,4.5,5.75
12658,1.45,4.66,6.22,1.38,4.87,7.59,1.38,5.0,7.5
12355,1.38,4.85,8.16,1.41,4.78,7.48,1.4,4.75,7.5
12566,1.21,6.23,14.08,1.26,5.65,12.04,1.25,6.0,11.0
12442,1.39,4.66,8.03,1.47,4.29,7.15,1.48,4.33,7.0
12386,1.19,6.83,15.25,1.18,7.28,14.63,1.17,8.0,15.0
12475,1.12,8.62,22.31,1.12,8.9,22.31,1.11,9.0,21.0
12465,4.13,3.45,1.91,4.18,3.47,1.9,4.2,3.5,1.9
12430,2.19,3.45,3.25,2.3,3.37,3.1,2.3,3.3,3.1
12560,2.08,3.47,3.46,2.3,3.32,3.13,2.38,3.4,3.0
12579,1.92,3.67,3.79,2.06,3.69,3.34,2.1,3.75,3.25
12390,1.59,4.0,5.76,1.55,4.05,6.13,1.55,4.1,6.0
12610,2.67,3.57,2.46,2.64,3.48,2.54,2.63,3.4,2.55
12351,1.88,3.56,4.07,2.09,3.51,3.44,2.15,3.6,3.2
12542,1.66,3.87,5.09,1.6,3.94,5.77,1.62,3.9,5.75
12382,2.29,3.19,3.3,2.25,3.24,3.34,2.2,3.3,3.4
12586,1.84,3.62,4.24,1.82,3.68,4.18,1.83,3.6,4.33
12685,2.76,3.44,2.43,2.68,3.42,2.5,2.7,3.4,2.55
12411,4.08,3.8,1.83,4.16,3.77,1.82,4.2,3.75,1.83
12493,2.1,3.64,3.26,2.01,3.67,3.53,2.0,3.7,3.6
12326,2.3,3.56,2.94,2.38,3.41,2.93,2.45,3.4,2.8
12515,1.76,3.74,4.54,1.9,3.51,4.1,1.91,3.5,4.0
12649,1.65,3.78,5.25,1.73,3.66,4.8,1.75,3.6,5.0
12669,2.1,3.59,3.21,2.24,3.54,2.99,2.25,3.6,3.0
12631,1.95,3.56,3.7,1.73,3.79,4.55,1.75,3.8,4.5
12450,1.48,4.39,6.57,1.46,4.46,6.83,1.5,4.5,6.25
12516,6.13,4.57,1.48,5.95,4.43,1.51,6.0,4.5,1.5
12567,2.68,3.6,2.46,2.84,3.58,2.35,2.8,3.6,2.4
12606,2.48,3.59,2.65,2.5,3.56,2.65,2.5,3.6,2.7
12356,2.38,3.5,2.87,2.42,3.51,2.82,2.35,3.5,2.9
12485,1.47,4.44,6.59,1.47,4.62,6.47,1.48,4.5,6.25
12466,3.14,3.67,2.16,3.33,3.75,2.05,3.3,3.75,2.05
12670,1.58,4.16,5.2,1.56,4.23,5.36,1.55,4.33,5.25
12455,2.2,3.29,3.38,2.17,3.4,3.34,2.15,3.5,3.3
12385,1.97,3.5,3.85,1.95,3.43,4.01,1.95,3.4,4.1
12655,2.02,3.51,3.57,1.83,3.78,4.02,1.8,3.9,4.1
12545,3.73,3.87,1.89,4.21,3.98,1.77,4.2,4.0,1.75
12693,4.42,4.27,1.66,4.62,4.24,1.63,4.75,4.5,1.62
12626,3.22,3.76,2.07,3.07,3.72,2.15,3.1,3.75,2.15
12373,2.44,3.45,2.78,2.38,3.29,3.02,2.5,3.2,2.9
12412,1.79,3.79,4.29,1.95,3.59,3.82,2.0,3.75,3.6
12597,1.77,3.8,4.34,1.8,3.68,4.27,1.83,3.6,4.33
12526,2.11,3.62,3.27,2.17,3.51,3.21,2.2,3.6,3.1
12435,1.62,4.09,5.14,1.67,3.97,4.95,1.65,4.1,4.75
12337,1.79,3.88,4.24,1.8,3.74,4.32,1.8,3.7,4.33
12584,4.83,3.86,1.69,5.08,3.77,1.68,5.0,3.75,1.67
12338,3.11,3.53,2.21,3.25,3.45,2.18,3.4,3.5,2.1
12497,2.25,3.57,2.98,2.28,3.47,3.04,2.25,3.4,3.2
12587,2.01,3.7,3.45,2.25,3.39,3.13,2.3,3.4,3.1
12445,1.45,4.54,6.96,1.48,4.36,6.61,1.48,4.33,6.5
12357,4.54,3.92,1.73,4.21,3.72,1.83,4.2,3.75,1.83
12686,1.71,4.09,4.17,1.72,3.9,4.41,1.75,3.9,4.33
12636,2.13,3.31,3.45,2.15,3.34,3.37,2.1,3.4,3.5
12644,2.09,3.63,3.26,1.96,3.75,3.52,1.95,3.8,3.6
12479,1.94,3.54,3.85,2.14,3.25,3.56,2.15,3.3,3.6
12406,4.28,4.13,1.73,3.92,4.01,1.82,3.9,4.0,1.83
12391,4.73,4.27,1.64,5.03,4.18,1.62,4.75,4.2,1.62
12375,3.4,3.77,2.02,3.3,3.74,2.07,3.2,3.75,2.1
12431,2.84,3.4,2.45,2.83,3.38,2.47,2.8,3.4,2.5
12551,1.9,3.49,4.02,1.84,3.5,4.38,1.85,3.6,4.33
12527,1.83,3.56,4.36,2.01,3.22,4.07,2.05,3.3,3.75
12511,2.11,3.49,3.35,2.4,3.4,2.91,2.4,3.5,2.88
12666,1.91,3.77,3.62,1.86,3.86,3.8,1.85,3.8,3.8
12625,1.54,4.15,5.68,1.53,4.29,5.78,1.53,4.33,5.75
12611,5.03,3.92,1.64,5.03,3.84,1.67,5.0,3.8,1.67
12459,2.15,3.48,3.33,2.25,3.42,3.17,2.25,3.4,3.2
12544,1.85,3.92,3.75,1.96,3.79,3.55,1.95,3.75,3.7
12436,1.93,3.66,3.82,2.1,3.44,3.47,2.15,3.4,3.4
12517,1.49,4.35,6.56,1.45,4.51,7.0,1.44,4.5,7.0
12654,2.44,3.62,2.66,2.28,3.43,3.01,2.25,3.6,3.0
12573,1.96,3.57,3.68,2.19,3.27,3.39,2.2,3.3,3.4
12555,1.86,3.6,4.13,1.91,3.47,4.08,1.91,3.5,4.0
12327,1.92,3.62,3.91,1.83,3.64,4.26,1.8,3.7,4.33
12415,1.85,3.74,4.11,1.93,3.61,3.88,1.91,3.6,3.9
12627,3.02,3.55,2.22,3.05,3.62,2.19,3.1,3.6,2.2
12352,3.78,3.84,1.85,3.47,3.64,2.03,3.6,3.6,2.0
12695,1.86,3.98,3.58,1.87,4.08,3.49,1.85,4.33,3.5
12395,2.61,3.48,2.62,2.86,3.44,2.42,2.88,3.5,2.35
12603,2.05,3.54,3.42,2.09,3.39,3.48,2.1,3.5,3.5
12486,1.65,3.95,5.16,1.83,3.65,4.27,1.85,3.7,4.1
12365,2.25,3.61,3.0,2.17,3.63,3.14,2.1,3.6,3.3
12472,1.55,4.32,5.63,1.6,4.24,5.16,1.6,4.2,5.25
12674,1.27,5.88,9.98,1.27,5.95,9.93,1.29,6.0,9.0
12416,10.97,5.65,1.28,13.66,5.78,1.24,13.0,6.25,1.22
12679,5.34,4.09,1.58,6.34,4.42,1.48,6.25,4.5,1.48
12617,4.02,3.83,1.82,3.92,3.93,1.82,3.9,4.0,1.83
12598,4.58,3.81,1.73,4.34,3.79,1.77,4.33,3.9,1.75
12637,4.48,3.93,1.72,5.29,4.13,1.59,5.25,4.2,1.57
12437,6.56,4.45,1.48,5.46,4.14,1.58,5.0,4.2,1.6
12460,4.57,3.71,1.77,4.99,3.62,1.73,4.75,3.75,1.73
12498,4.03,3.33,1.96,3.66,3.1,2.18,3.6,3.1,2.2
12476,3.93,3.48,1.95,3.88,3.41,1.99,3.9,3.5,1.95
12396,3.3,3.25,2.26,3.48,3.22,2.19,3.4,3.25,2.15
12363,8.6,5.43,1.33,8.63,5.54,1.32,9.0,5.75,1.3
12656,16.53,8.3,1.14,15.78,8.1,1.15,15.0,8.5,1.14
12528,4.68,3.95,1.7,4.8,3.76,1.72,4.75,3.9,1.7
12506,5.5,4.11,1.59,5.71,4.12,1.56,5.5,4.2,1.57
12366,3.36,3.37,2.18,3.41,3.31,2.18,3.5,3.3,2.15
12339,2.25,3.16,3.42,2.38,3.11,3.22,2.35,3.2,3.2
12546,3.64,3.39,2.05,3.85,3.33,2.01,3.9,3.4,2.0
12568,3.28,3.5,2.14,3.11,3.58,2.19,3.2,3.7,2.15
12696,2.36,3.5,2.77,2.39,3.42,2.82,2.35,3.4,2.9
12451,3.33,3.35,2.18,3.01,3.14,2.46,2.88,3.2,2.55
12499,1.84,3.82,3.97,1.77,3.94,4.23,1.75,4.0,4.2
12507,1.51,4.56,5.81,1.56,4.45,5.25,1.62,4.5,5.0
12535,1.69,3.97,4.75,1.86,3.78,3.93,1.85,3.75,4.1
12376,1.86,3.86,3.86,1.98,3.75,3.57,2.0,3.75,3.5
12588,1.2,6.7,12.88,1.23,6.31,11.6,1.25,6.25,11.0
12331,1.61,4.21,5.08,1.82,3.72,4.26,1.8,3.75,4.33
12477,1.66,3.9,5.09,1.71,3.84,4.77,1.73,3.75,4.75
12345,1.55,4.35,5.6,1.67,3.93,5.03,1.67,3.9,4.75
12575,1.55,4.28,5.66,1.51,4.4,6.03,1.53,4.33,5.75
12387,2.87,3.7,2.28,2.87,3.64,2.31,2.9,3.6,2.3
12639,3.08,3.8,2.1,3.48,3.89,1.94,3.6,3.9,1.91
12645,2.21,3.54,3.07,2.1,3.69,3.21,2.05,3.8,3.2
12618,1.79,4.12,3.86,1.69,4.24,4.3,1.67,4.33,4.33
12672,1.68,3.93,4.65,1.41,4.78,7.11,1.42,4.75,7.0
12407,1.37,4.99,8.31,1.44,4.52,7.2,1.45,4.5,7.0
12694,1.9,3.64,3.76,2.19,3.28,3.25,2.25,3.25,3.3
12556,1.49,4.53,6.05,1.59,4.34,5.11,1.62,4.33,5.0
12425,1.36,5.06,8.27,1.36,5.1,8.12,1.36,5.0,8.0
12697,4.13,3.86,1.76,3.97,3.66,1.86,4.1,3.6,1.85
12529,3.08,3.36,2.31,2.99,3.33,2.38,2.9,3.4,2.4
12397,2.25,3.35,3.22,2.13,3.39,3.44,2.15,3.3,3.5
12417,1.92,3.65,3.85,2.06,3.43,3.6,2.05,3.4,3.5
12432,2.27,3.52,3.04,2.38,3.39,2.97,2.38,3.4,3.0
12580,1.55,3.98,6.18,1.46,4.45,6.9,1.45,4.5,7.0
12552,3.5,3.66,2.0,3.39,3.48,2.11,3.4,3.5,2.1
12680,2.71,3.26,2.56,2.78,3.25,2.54,2.75,3.3,2.55
12512,2.17,3.34,3.4,2.22,3.27,3.34,2.2,3.25,3.4
12621,2.49,3.24,2.85,2.66,3.23,2.69,2.7,3.25,2.75
12377,3.82,3.72,1.91,4.01,3.71,1.87,4.2,3.6,1.85
12480,3.98,3.81,1.83,4.01,3.73,1.85,4.0,3.8,1.85
12452,2.32,3.51,2.93,2.07,3.6,3.4,2.05,3.7,3.4
12640,3.07,3.5,2.22,2.91,3.3,2.42,3.0,3.3,2.4
12341,2.35,3.26,3.07,2.39,3.24,3.06,2.35,3.25,3.1
12358,1.66,3.76,5.42,1.68,3.65,5.41,1.67,3.6,5.5
12503,2.25,3.33,3.19,2.23,3.38,3.22,2.2,3.4,3.25
12653,2.31,3.21,3.11,2.53,3.33,2.76,2.63,3.25,2.7
12591,1.62,3.99,5.26,1.77,3.71,4.44,1.75,3.8,4.33
12487,6.03,3.89,1.57,6.26,4.02,1.54,6.25,4.1,1.53
12359,2.44,3.27,2.95,2.62,3.2,2.8,2.7,3.1,2.8
12576,2.41,3.35,2.91,2.32,3.41,3.0,2.3,3.5,3.0
12519,2.36,3.19,3.1,2.46,3.16,3.01,2.45,3.2,3.1
12342,3.08,3.3,2.32,2.9,3.34,2.43,2.88,3.3,2.45
12607,1.56,3.96,6.06,1.61,3.78,5.73,1.62,3.8,5.75
12628,3.38,3.5,2.08,3.15,3.43,2.22,3.2,3.4,2.25
12392,2.53,3.21,2.89,2.65,3.1,2.82,2.6,3.2,2.8
12426,2.2,3.28,3.4,2.31,3.21,3.23,2.3,3.3,3.2
12554,2.48,3.15,2.92,2.49,3.07,3.03,2.5,3.2,2.9
12650,3.11,3.36,2.25,3.2,3.33,2.24,3.2,3.4,2.25
12673,6.38,4.63,1.44,6.69,4.61,1.44,6.5,4.75,1.44
12595,3.57,3.73,1.94,3.52,3.62,1.99,3.3,3.4,1.91
12446,2.79,3.31,2.55,2.68,3.3,2.65,2.63,3.3,2.7
12467,2.17,3.25,3.52,2.08,3.28,3.72,2.05,3.25,3.9
12687,1.81,3.63,4.18,1.84,3.58,4.13,1.75,3.7,4.33
12413,2.35,3.38,2.99,2.2,3.34,3.32,2.2,3.5,3.25
12384,1.72,3.69,4.83,1.65,3.87,5.28,1.62,3.9,5.5
12530,1.76,3.55,4.85,1.84,3.46,4.51,1.85,3.5,4.33
12398,6.14,4.13,1.54,6.77,4.18,1.5,6.25,4.2,1.5
12659,2.67,3.5,2.47,2.43,3.55,2.7,2.45,3.6,2.75
12675,2.68,3.66,2.39,2.63,3.6,2.47,2.7,3.6,2.45
12367,2.02,3.48,3.69,2.12,3.29,3.58,2.1,3.25,3.6
12547,2.54,3.42,2.71,2.57,3.28,2.76,2.55,3.3,2.75
12629,1.53,4.09,6.22,1.52,4.29,5.92,1.55,4.33,5.75
12531,3.38,3.59,2.07,3.61,3.56,2.01,3.7,3.5,2.0
12473,2.57,3.27,2.77,2.49,3.32,2.85,2.4,3.4,2.9
12569,2.1,3.27,3.64,2.13,3.41,3.4,2.1,3.4,3.5
12360,1.96,3.51,3.89,2.04,3.37,3.76,2.0,3.4,3.75
12520,3.74,3.68,1.92,4.07,3.61,1.88,4.0,3.75,1.85
12456,4.66,4.04,1.69,5.14,4.08,1.63,5.0,4.2,1.62
12343,3.27,3.53,2.13,3.45,3.51,2.08,3.4,3.6,2.05
12698,2.82,3.66,2.27,2.54,3.63,2.53,2.5,3.7,2.6
12494,2.42,3.27,2.93,2.55,3.33,2.75,2.63,3.3,2.75
12438,2.1,3.24,3.74,2.02,3.33,3.81,2.0,3.4,4.0
12604,2.08,3.57,3.3,2.02,3.66,3.45,2.05,3.6,3.5
12612,2.03,3.56,3.52,2.2,3.51,3.13,2.2,3.5,3.1
12418,1.84,3.46,4.51,1.79,3.69,4.44,1.73,3.8,4.5
12557,6.16,4.1,1.54,5.87,3.99,1.57,5.5,4.2,1.57
12443,3.04,3.25,2.37,3.22,3.3,2.27,3.2,3.3,2.25
12378,2.98,3.29,2.41,2.96,3.23,2.46,3.0,3.2,2.45
12630,2.46,3.42,2.77,2.35,3.41,2.95,2.38,3.5,3.0
12688,3.09,3.57,2.14,3.43,3.48,2.04,3.5,3.5,2.05
12664,1.34,5.09,8.57,1.36,4.93,8.54,1.36,5.0,8.5
12461,4.31,3.87,1.78,3.94,3.45,1.95,3.9,3.5,1.95
12488,2.6,3.25,2.76,2.83,3.06,2.66,2.88,3.1,2.63
12334,2.39,3.29,2.96,2.34,3.21,3.16,2.35,3.25,3.1
12536,2.17,3.33,3.41,2.31,3.34,3.1,2.35,3.4,3.0
12468,3.95,3.9,1.84,4.4,3.88,1.76,4.2,4.0,1.75
12599,5.0,4.25,1.6,4.77,3.91,1.69,4.75,3.9,1.7
12521,2.68,3.44,2.56,2.73,3.3,2.59,2.8,3.2,2.6
12346,3.37,3.49,2.12,3.67,3.36,2.06,3.9,3.4,2.0
12565,2.21,3.26,3.37,2.14,3.37,3.4,2.1,3.4,3.5
12608,1.86,3.43,4.31,1.81,3.51,4.51,1.8,3.5,4.5
12388,2.75,3.46,2.49,2.75,3.35,2.55,2.8,3.4,2.5
12405,1.81,3.57,4.59,1.79,3.64,4.56,1.8,3.6,4.5
12646,1.6,3.93,5.5,1.53,4.11,6.26,1.5,4.2,6.5
12353,2.2,3.49,3.17,2.37,3.33,3.01,2.38,3.4,3.0
12419,1.63,4.32,4.81,1.65,4.28,4.67,1.67,4.33,4.33
12325,1.31,5.96,8.31,1.29,6.02,8.68,1.29,6.25,9.0
12699,1.8,4.09,3.73,1.77,4.06,3.96,1.8,4.0,4.0
12478,1.67,4.17,4.62,1.74,3.98,4.37,1.75,3.9,4.33
12537,1.22,6.4,12.44,1.23,6.38,11.91,1.22,6.5,12.0
12676,1.82,3.95,3.81,1.99,3.69,3.48,2.0,3.75,3.4
12660,1.44,4.76,6.31,1.56,4.37,5.21,1.6,4.5,5.0
12368,1.45,4.65,6.7,1.51,4.35,6.31,1.5,4.33,6.25
12638,1.62,4.18,4.83,1.71,4.06,4.38,1.75,4.1,4.2
12513,1.53,4.41,5.83,1.47,4.45,6.68,1.48,4.5,6.5
12574,2.34,3.68,2.76,2.15,3.84,3.01,2.1,3.9,3.0
12402,1.6,4.4,4.89,1.67,4.3,4.55,1.7,4.2,4.2
12558,1.77,3.99,4.12,1.64,4.22,4.78,1.62,4.33,4.75
12439,1.42,4.86,6.97,1.45,4.6,6.58,1.45,4.5,7.0
12462,1.35,5.29,8.05,1.35,5.25,7.98,1.36,5.5,7.0
12622,1.29,5.79,8.72,1.3,5.87,8.24,1.3,6.0,8.5
12600,1.41,5.02,6.68,1.41,4.98,6.69,1.4,5.0,7.0
12500,1.24,6.31,11.25,1.24,6.43,11.22,1.22,7.0,11.0
12651,1.82,3.6,4.25,1.84,3.59,4.22,1.85,3.7,4.1
12700,1.28,5.93,8.39,1.39,5.15,6.71,1.42,5.0,6.5
12422,1.49,4.64,5.9,1.41,5.08,6.86,1.42,5.0,7.0
12677,1.35,5.51,7.23,1.34,5.57,7.32,1.36,5.5,7.0
12532,1.37,5.23,7.27,1.5,4.62,5.79,1.5,4.5,5.75
12379,1.17,7.48,15.54,1.19,7.02,14.17,1.17,7.5,15.0
12522,1.63,4.39,4.66,1.47,4.9,5.88,1.5,5.0,5.5
12684,1.19,7.03,12.75,1.3,5.7,8.53,1.3,6.0,8.5
12399,1.38,4.92,7.91,1.44,4.46,7.29,1.42,4.33,8.5
12581,1.34,5.33,8.08,1.37,5.23,7.38,1.36,5.5,7.5
12447,1.23,6.42,11.78,1.22,6.58,11.56,1.2,7.5,11.0
12433,1.88,3.92,3.72,1.89,3.94,3.69,1.85,4.0,3.8
12364,1.76,3.99,4.19,1.65,4.14,4.83,1.62,4.2,4.75
12589,1.46,4.92,5.82,1.54,4.63,5.31,1.57,4.75,5.0
12613,1.37,4.95,7.65,1.39,4.83,7.62,1.38,5.0,8.0
12469,1.24,6.22,11.38,1.25,6.18,10.59,1.25,6.5,10.0
12340,1.48,4.7,6.08,1.54,4.53,5.46,1.55,4.33,5.25
12489,1.2,7.36,11.88,1.2,7.44,12.02,1.2,7.5,11.0
12548,1.21,6.68,12.0,1.3,5.63,9.5,1.3,5.75,9.0
12332,3.57,3.56,2.01,3.79,3.7,1.93,3.8,3.7,1.91
12623,1.71,4.02,4.38,1.69,4.0,4.56,1.7,4.1,4.5
12484,1.82,3.98,3.84,1.76,4.18,4.1,1.73,4.33,4.2
12663,1.84,3.82,3.84,1.96,3.73,3.53,1.95,3.75,3.6
12408,2.0,3.83,3.45,1.99,3.85,3.41,1.95,3.8,3.4
12347,1.35,5.15,8.28,1.38,5.06,7.6,1.4,5.25,7.0
12369,2.68,3.69,2.44,2.64,3.62,2.51,2.55,3.75,2.5
12605,1.53,4.31,5.61,1.51,4.35,5.95,1.53,4.33,5.75
12444,1.74,3.83,4.49,1.86,3.69,4.09,1.85,3.6,4.1
12561,1.58,4.32,5.2,1.52,4.63,5.47,1.53,4.75,5.25
12643,1.59,4.07,5.3,1.62,4.07,5.08,1.62,4.1,5.25
12671,2.29,3.73,2.76,2.35,3.71,2.74,2.35,3.75,2.8
12538,3.55,3.87,1.94,3.01,3.63,2.23,2.9,3.6,2.3
12495,2.47,3.58,2.67,2.47,3.64,2.66,2.5,3.7,2.6
12689,1.58,4.23,4.94,1.56,4.42,5.12,1.55,4.5,5.25
12389,1.5,4.55,5.98,1.61,4.22,5.1,1.62,4.33,5.0
12570,1.57,4.54,4.97,1.59,4.38,4.95,1.6,4.5,4.75
12464,1.43,4.81,6.59,1.4,5.03,7.21,1.4,5.25,6.5
12508,1.37,5.06,8.09,1.37,5.04,7.63,1.36,5.25,7.0
12383,3.51,3.32,2.12,3.4,3.26,2.21,3.4,3.3,2.15
12553,1.98,3.66,3.54,2.15,3.53,3.26,2.15,3.6,3.3
12647,1.96,3.81,3.48,2.18,3.67,3.04,2.2,3.7,3.0
12571,2.05,3.53,3.51,1.92,3.7,3.77,1.91,3.75,3.75
12667,2.5,3.6,2.6,2.66,3.6,2.46,2.7,3.6,2.45
12470,1.28,5.72,10.39,1.3,5.53,9.5,1.3,5.5,9.5
12490,2.73,3.51,2.47,2.79,3.53,2.41,2.8,3.6,2.3
12523,1.67,3.92,4.89,1.68,3.93,4.9,1.67,4.1,4.75
12601,1.69,3.92,4.67,1.78,3.73,4.34,1.75,3.8,4.33
12409,1.62,3.97,5.44,1.6,3.99,5.62,1.6,4.1,5.75
12533,1.67,3.87,5.02,1.61,3.94,5.56,1.6,3.9,6.0
12344,3.3,3.83,2.02,2.92,3.65,2.29,2.9,3.6,2.3
12440,3.54,3.75,1.98,3.67,3.7,1.95,3.8,3.75,1.91
12614,2.56,3.66,2.53,2.56,3.62,2.52,2.6,3.6,2.6
12393,1.58,4.21,5.46,1.51,4.42,6.06,1.5,4.5,6.0
12632,1.65,3.89,5.04,1.53,4.2,5.83,1.55,4.2,5.75
12457,1.8,3.78,4.24,1.83,3.78,4.07,1.85,3.75,4.0
12690,2.05,3.78,3.15,2.05,3.81,3.15,2.05,3.9,3.2
12361,1.43,4.62,7.45,1.36,5.0,8.48,1.36,5.0,8.5
12539,6.1,4.16,1.54,5.79,3.87,1.6,5.5,3.9,1.62
12641,2.61,3.33,2.65,2.35,3.32,2.99,2.3,3.4,3.0
12701,3.19,3.72,2.05,3.54,3.7,1.96,3.7,3.8,1.91
12333,2.15,3.36,3.43,1.91,3.44,4.16,1.9,3.5,4.2
12453,2.72,3.36,2.54,2.85,3.29,2.51,3.0,3.3,2.45
12652,1.49,4.25,6.32,1.46,4.39,6.84,1.45,4.5,7.0
12400,3.75,3.74,1.93,3.07,3.43,2.27,3.1,3.5,2.25
12562,1.95,3.48,3.88,2.09,3.22,3.73,2.1,3.3,3.6
12509,2.12,3.21,3.7,1.9,3.37,4.29,1.83,3.5,4.2
12624,2.19,3.4,3.24,2.29,3.31,3.13,2.3,3.3,3.2
12434,2.22,3.32,3.29,2.23,3.14,3.46,2.2,3.0,3.6
12592,4.08,3.88,1.8,3.83,3.78,1.87,3.6,3.9,1.91
12501,5.21,4.24,1.59,5.17,4.16,1.61,5.0,4.2,1.62
12420,3.41,3.67,2.05,3.27,3.63,2.12,3.1,3.8,2.1
12681,2.58,3.48,2.56,3.27,3.44,2.15,3.5,3.4,2.1
12380,1.77,3.67,4.64,1.75,3.69,4.73,1.75,3.8,4.75
12481,2.55,3.28,2.76,2.62,3.31,2.7,2.7,3.3,2.7
12354,1.69,3.74,5.03,1.65,4.01,4.98,1.62,4.0,5.0
12582,1.69,3.72,5.09,1.73,3.79,4.66,1.75,3.9,4.33
12427,8.39,4.67,1.39,7.33,4.23,1.46,7.5,4.33,1.44
12374,3.56,3.34,2.1,3.8,3.32,2.04,3.8,3.3,2.0
12448,3.04,3.3,2.35,3.14,3.3,2.3,3.2,3.3,2.3
12348,2.92,3.27,2.46,3.1,3.25,2.35,3.1,3.3,2.3
12619,3.26,3.27,2.23,3.64,3.46,2.01,3.6,3.6,2.0
12564,1.8,3.42,4.73,1.91,3.23,4.46,1.91,3.3,4.33
12702,3.47,3.59,1.99,3.39,3.65,2.03,3.3,3.8,2.05
12540,2.69,3.15,2.74,2.38,3.13,3.15,2.4,3.2,3.1
12424,2.74,3.12,2.67,3.24,3.09,2.37,3.3,3.0,2.3
12593,2.65,3.27,2.67,2.85,3.18,2.55,2.88,3.25,2.5
12504,2.56,3.18,2.8,2.84,3.1,2.63,2.9,3.2,2.55
12583,4.65,3.83,1.72,4.45,3.83,1.75,4.33,3.8,1.75
12514,7.81,4.82,1.39,7.23,4.7,1.42,7.0,5.0,1.42
12678,3.93,3.7,1.86,3.21,3.51,2.15,3.2,3.6,2.15
12482,3.26,3.33,2.22,3.41,3.35,2.16,3.4,3.4,2.2
12657,2.67,3.18,2.66,2.66,3.1,2.75,2.63,3.1,2.8
12642,2.62,3.34,2.63,2.75,3.31,2.53,2.9,3.2,2.55
12328,3.17,3.38,2.26,3.4,3.17,2.25,3.4,3.2,2.25
12401,2.46,3.07,3.13,2.49,3.03,3.08,2.5,3.0,3.1
12594,5.83,3.98,1.56,7.2,4.35,1.45,7.5,4.5,1.4
12403,2.06,3.56,3.42,2.24,3.36,3.21,2.2,3.4,3.1
12349,1.73,4.06,4.29,1.89,3.75,3.84,1.91,3.75,3.75
12471,2.31,3.44,3.03,2.42,3.35,2.9,2.5,3.3,2.88
12648,2.68,3.65,2.41,2.93,3.76,2.21,3.0,3.9,2.15
12329,1.37,4.8,8.3,1.55,4.01,6.16,1.55,3.9,6.25
12421,2.71,3.52,2.5,3.02,3.44,2.31,3.1,3.5,2.25
12615,2.34,3.32,2.97,2.44,3.37,2.83,2.45,3.3,2.88
12703,1.89,3.63,3.78,1.87,3.48,4.1,1.91,3.5,4.1
12449,2.18,3.39,3.33,2.34,3.35,3.04,2.38,3.4,3.0
12683,1.82,3.82,3.92,1.81,3.73,4.15,1.83,3.7,4.2
12491,3.36,3.71,2.02,3.54,3.59,2.02,3.6,3.6,2.0
12563,4.41,4.06,1.71,4.98,4.01,1.65,4.75,4.1,1.67
12428,2.65,3.58,2.52,2.9,3.47,2.38,2.9,3.4,2.35
12577,3.18,3.48,2.2,3.0,3.6,2.25,3.0,3.7,2.25
12633,2.24,3.39,3.11,2.37,3.29,3.0,2.35,3.4,3.0
12524,1.8,3.65,4.37,1.97,3.39,3.95,1.95,3.5,3.9
12541,1.71,3.91,4.63,1.84,3.72,4.13,1.85,3.75,3.9
12381,1.47,4.57,6.38,1.53,4.27,6.05,1.5,4.2,6.5
12682,5.29,4.09,1.58,5.83,4.14,1.54,6.0,4.2,1.55
12483,3.63,3.51,2.0,3.31,3.42,2.18,3.3,3.4,2.2
12590,2.41,3.65,2.71,2.66,3.62,2.46,2.75,3.6,2.45
12404,2.46,3.37,2.82,2.75,3.29,2.57,2.8,3.25,2.55
12510,3.41,3.67,2.04,3.32,3.59,2.1,3.4,3.7,2.1
12429,1.94,3.5,3.98,1.86,3.56,4.23,1.85,3.6,4.1
12335,4.68,3.88,1.71,4.75,3.82,1.72,4.5,3.8,1.75
12370,2.98,3.36,2.37,3.04,3.42,2.31,3.1,3.5,2.25
12661,2.38,3.34,2.9,2.42,3.38,2.82,2.4,3.4,2.8
12502,2.65,3.38,2.59,2.98,3.33,2.39,3.0,3.3,2.35
12704,1.82,3.9,3.75,1.7,4.11,4.35,1.7,4.1,4.5
12454,4.28,4.06,1.74,5.07,4.49,1.58,4.75,4.5,1.57
12620,4.43,4.15,1.69,4.81,4.16,1.63,4.75,4.33,1.65
12578,4.36,4.23,1.7,4.47,4.15,1.69,4.33,4.33,1.7
12423,4.99,4.08,1.64,4.99,4.08,1.64,4.75,4.2,1.65
12525,3.1,3.33,2.3,2.92,3.39,2.39,2.9,3.5,2.35
12549,2.51,3.24,2.85,2.21,3.32,3.28,2.2,3.3,3.25
12362,3.36,3.56,2.1,3.27,3.51,2.17,3.1,3.5,2.2
12634,1.78,3.74,4.34,1.77,3.74,4.38,1.75,3.8,4.5
12585,10.94,5.48,1.28,12.35,5.93,1.24,12.0,6.5,1.22
12596,4.17,3.64,1.84,4.6,3.74,1.74,4.75,3.7,1.75
12559,2.95,3.5,2.31,2.94,3.41,2.37,2.8,3.5,2.45
12492,3.59,3.48,2.05,3.42,3.37,2.15,3.4,3.4,2.1
12394,3.67,3.6,1.99,3.46,3.53,2.08,3.4,3.6,2.1
12414,1.97,3.3,4.06,1.92,3.3,4.34,1.91,3.3,4.33
12572,4.9,4.05,1.65,5.31,4.19,1.58,5.0,4.2,1.6
12441,3.86,3.5,1.97,4.43,3.65,1.81,4.5,3.9,1.75
12350,2.66,3.19,2.74,3.33,3.11,2.32,3.4,3.2,2.25
12691,3.68,3.78,1.87,4.03,3.63,1.84,4.0,3.75,1.8
12371,2.67,3.16,2.74,2.88,3.08,2.58,3.1,3.1,2.45
12609,6.08,4.61,1.48,6.85,4.71,1.43,6.5,4.75,1.42
12330,6.73,4.73,1.44,6.24,4.32,1.51,6.25,4.2,1.53
12474,4.22,3.9,1.77,5.04,4.09,1.64,4.75,4.0,1.67
12543,4.6,3.98,1.7,4.5,3.98,1.72,4.5,4.0,1.7
12463,3.28,3.3,2.24,3.1,3.23,2.37,3.1,3.25,2.38
12668,3.24,3.35,2.18,3.67,3.52,1.98,3.6,3.5,2.0
12662,4.48,3.99,1.7,4.62,4.17,1.64,4.5,4.33,1.67
12518,2.48,3.37,2.82,2.63,3.36,2.66,2.6,3.4,2.63
12733,1.69,3.8,4.82,1.7,3.85,4.74,1.7,3.9,4.75
12705,1.19,6.77,14.19,1.2,6.72,14.0,1.18,7.5,13.0
12724,5.99,4.11,1.52,6.54,4.41,1.47,6.5,4.33,1.48
12735,2.22,3.39,3.17,2.22,3.43,3.19,2.25,3.4,3.2
12736,2.45,3.58,2.68,2.29,3.59,2.91,2.25,3.6,3.0
12716,2.1,3.5,3.41,2.18,3.46,3.24,2.2,3.5,3.25
12751,3.05,3.78,2.13,3.11,3.66,2.15,3.1,3.6,2.2
12745,2.62,3.7,2.48,2.53,3.63,2.58,2.55,3.6,2.6
12726,1.62,3.9,5.29,1.68,3.86,4.89,1.7,3.8,4.75
12706,2.48,3.58,2.69,1.99,3.71,3.39,1.95,3.9,3.5
12746,4.77,3.89,1.68,4.92,3.84,1.68,5.0,3.8,1.7
12711,2.19,3.54,3.08,2.07,3.41,3.52,2.05,3.5,3.5
12727,1.98,3.52,3.68,1.94,3.63,3.73,1.91,3.7,3.75
12720,1.82,3.85,3.93,1.83,3.83,3.89,1.83,3.8,4.0
12737,1.21,6.5,11.92,1.21,6.67,11.96,1.22,6.5,12.0
12742,3.91,3.73,1.85,3.71,3.78,1.91,3.7,3.8,1.91
12717,1.87,3.53,4.19,1.72,3.82,4.72,1.73,3.9,4.75
12738,1.84,3.74,3.98,2.1,3.62,3.27,2.15,3.75,3.1
12715,4.83,3.95,1.67,4.96,4.13,1.62,5.0,4.2,1.62
12707,2.23,3.4,3.24,2.32,3.36,3.05,2.38,3.4,3.0
12747,1.76,3.79,4.36,1.74,3.85,4.43,1.7,3.9,4.5
12734,3.21,3.54,2.12,3.65,3.82,1.91,3.75,3.8,1.9
12714,3.66,3.76,1.89,3.57,3.5,2.02,3.6,3.5,2.05
12728,2.32,3.37,3.03,2.16,3.39,3.35,2.2,3.4,3.4
12752,3.36,3.71,2.0,3.49,3.74,1.98,3.6,3.8,2.0
12729,4.04,3.62,1.86,3.92,3.59,1.89,4.0,3.6,1.91
12708,8.37,4.93,1.36,8.49,5.11,1.34,9.0,5.0,1.33
12725,5.48,4.8,1.5,4.86,4.34,1.62,4.75,4.33,1.62
12709,2.69,3.29,2.6,2.83,3.22,2.52,3.0,3.3,2.5
12721,2.58,3.36,2.67,2.74,3.4,2.48,2.8,3.4,2.45
12753,1.74,3.79,4.49,1.66,3.95,4.93,1.65,4.0,5.0
12744,2.38,3.45,2.81,2.3,3.46,2.98,2.3,3.5,3.0
12739,1.44,4.85,6.37,1.5,4.58,5.74,1.5,4.5,5.25
12718,1.57,4.39,5.53,1.46,4.7,6.09,1.48,4.5,6.0
12712,1.45,4.72,5.93,1.44,4.78,6.36,1.45,4.5,7.0
12730,1.17,7.64,13.85,1.19,7.18,12.96,1.18,7.5,13.0
12754,1.29,5.56,9.39,1.34,5.19,8.5,1.36,5.0,7.5
12722,1.4,4.82,6.94,1.34,5.39,7.68,1.33,5.5,7.5
12743,3.08,3.78,2.1,2.95,3.76,2.2,3.0,3.75,2.2
12731,2.1,3.64,3.19,2.12,3.64,3.22,2.15,3.5,3.25
12748,1.58,4.26,5.1,1.59,4.29,5.05,1.6,4.5,5.0
12713,3.57,3.85,1.92,3.66,3.82,1.92,3.9,3.9,1.85
12749,1.58,4.02,5.54,1.63,3.93,5.21,1.62,3.9,5.25
12710,2.27,3.35,3.1,2.45,3.2,2.94,2.5,3.2,2.9
12732,2.4,3.36,2.86,2.64,3.38,2.61,2.7,3.3,2.63
12740,7.36,4.12,1.46,5.89,3.72,1.62,6.0,3.6,1.6
12723,2.39,3.24,2.96,2.22,3.29,3.28,2.2,3.3,3.4
12750,1.99,3.59,3.62,1.89,3.77,3.81,1.85,3.75,3.9
12741,2.02,3.53,3.55,1.98,3.63,3.59,2.0,3.6,3.5
12719,2.25,3.65,2.88,2.15,3.67,3.06,2.15,3.75,3.1
